t,id,x,y,z,rho,bx,by,bz
0,0,-9.11967e-09,-9.11967e-09,-9.11967e-09,491.388,0,0,1
0,1,-7.79247e-09,-7.79247e-09,0.1,622.9,0,0,1
0,2,-7.44333e-09,-7.44333e-09,0.2,624.841,0,0,1
0,3,-7.43585e-09,-7.43585e-09,0.3,624.841,0,0,1
0,4,-7.43581e-09,-7.43581e-09,0.4,624.841,0,0,1
0,5,-7.43581e-09,-7.43581e-09,0.5,624.841,0,0,1
0,6,-7.43585e-09,-7.43585e-09,0.6,624.841,0,0,1
0,7,-7.44333e-09,-7.44333e-09,0.7,624.841,0,0,1
0,8,-7.79247e-09,-7.79247e-09,0.8,622.9,0,0,1
0,9,-9.11967e-09,-9.11967e-09,0.9,491.388,0,0,1
0,10,-7.79247e-09,0.1,-7.79247e-09,622.9,0,0,1
0,11,-6.76213e-09,0.1,0.1,787.885,0,0,1
0,12,-7.50955e-09,0.1,0.2,789.943,0,0,1
0,13,-7.5041e-09,0.1,0.3,789.943,0,0,1
0,14,-7.50408e-09,0.1,0.4,789.943,0,0,1
0,15,-7.50408e-09,0.1,0.5,789.943,0,0,1
0,16,-7.5041e-09,0.1,0.6,789.943,0,0,1
0,17,-7.50955e-09,0.1,0.7,789.943,0,0,1
0,18,-6.76213e-09,0.1,0.8,787.885,0,0,1
0,19,-7.79247e-09,0.1,0.9,622.9,0,0,1
0,20,-7.44333e-09,0.2,-7.44333e-09,624.841,0,0,1
0,21,-7.50955e-09,0.2,0.1,789.943,0,0,1
0,22,-1.5552e-08,0.2,0.2,792.001,0,0,1
0,23,-1.66369e-08,0.2,0.3,792.001,0,0,1
0,24,-1.66369e-08,0.2,0.4,792.001,0,0,1
0,25,-1.66369e-08,0.2,0.5,792.001,0,0,1
0,26,-1.66369e-08,0.2,0.6,792.001,0,0,1
0,27,-1.5552e-08,0.2,0.7,792.001,0,0,1
0,28,-7.50955e-09,0.2,0.8,789.943,0,0,1
0,29,-7.44333e-09,0.2,0.9,624.841,0,0,1
0,30,-7.43585e-09,0.3,-7.43585e-09,624.841,0,0,1
0,31,-7.5041e-09,0.3,0.1,789.943,0,0,1
0,32,-1.66369e-08,0.3,0.2,792.001,0,0,1
0,33,-1.77218e-08,0.3,0.3,792.001,0,0,1
0,34,-1.77218e-08,0.3,0.4,792.001,0,0,1
0,35,-1.77218e-08,0.3,0.5,792.001,0,0,1
0,36,-1.77218e-08,0.3,0.6,792.001,0,0,1
0,37,-1.66369e-08,0.3,0.7,792.001,0,0,1
0,38,-7.5041e-09,0.3,0.8,789.943,0,0,1
0,39,-7.43585e-09,0.3,0.9,624.841,0,0,1
0,40,-7.43581e-09,0.4,-7.43581e-09,624.841,0,0,1
0,41,-7.50408e-09,0.4,0.1,789.943,0,0,1
0,42,-1.66369e-08,0.4,0.2,792.001,0,0,1
0,43,-1.77218e-08,0.4,0.3,792.001,0,0,1
0,44,-1.77218e-08,0.4,0.4,792.001,0,0,1
0,45,-1.77218e-08,0.4,0.5,792.001,0,0,1
0,46,-1.77218e-08,0.4,0.6,792.001,0,0,1
0,47,-1.66369e-08,0.4,0.7,792.001,0,0,1
0,48,-7.50408e-09,0.4,0.8,789.943,0,0,1
0,49,-7.43581e-09,0.4,0.9,624.841,0,0,1
0,50,-7.43581e-09,0.5,-7.43581e-09,624.841,0,0,1
0,51,-7.50408e-09,0.5,0.1,789.943,0,0,1
0,52,-1.66369e-08,0.5,0.2,792.001,0,0,1
0,53,-1.77218e-08,0.5,0.3,792.001,0,0,1
0,54,-1.77218e-08,0.5,0.4,792.001,0,0,1
0,55,-1.77218e-08,0.5,0.5,792.001,0,0,1
0,56,-1.77218e-08,0.5,0.6,792.001,0,0,1
0,57,-1.66369e-08,0.5,0.7,792.001,0,0,1
0,58,-7.50408e-09,0.5,0.8,789.943,0,0,1
0,59,-7.43581e-09,0.5,0.9,624.841,0,0,1
0,60,-7.43585e-09,0.6,-7.43585e-09,624.841,0,0,1
0,61,-7.5041e-09,0.6,0.1,789.943,0,0,1
0,62,-1.66369e-08,0.6,0.2,792.001,0,0,1
0,63,-1.77218e-08,0.6,0.3,792.001,0,0,1
0,64,-1.77218e-08,0.6,0.4,792.001,0,0,1
0,65,-1.77218e-08,0.6,0.5,792.001,0,0,1
0,66,-1.77218e-08,0.6,0.6,792.001,0,0,1
0,67,-1.66369e-08,0.6,0.7,792.001,0,0,1
0,68,-7.5041e-09,0.6,0.8,789.943,0,0,1
0,69,-7.43585e-09,0.6,0.9,624.841,0,0,1
0,70,-7.44333e-09,0.7,-7.44333e-09,624.841,0,0,1
0,71,-7.50955e-09,0.7,0.1,789.943,0,0,1
0,72,-1.5552e-08,0.7,0.2,792.001,0,0,1
0,73,-1.66369e-08,0.7,0.3,792.001,0,0,1
0,74,-1.66369e-08,0.7,0.4,792.001,0,0,1
0,75,-1.66369e-08,0.7,0.5,792.001,0,0,1
0,76,-1.66369e-08,0.7,0.6,792.001,0,0,1
0,77,-1.5552e-08,0.7,0.7,792.001,0,0,1
0,78,-7.50955e-09,0.7,0.8,789.943,0,0,1
0,79,-7.44333e-09,0.7,0.9,624.841,0,0,1
0,80,-7.79247e-09,0.8,-7.79247e-09,622.9,0,0,1
0,81,-6.76213e-09,0.8,0.1,787.885,0,0,1
0,82,-7.50955e-09,0.8,0.2,789.943,0,0,1
0,83,-7.5041e-09,0.8,0.3,789.943,0,0,1
0,84,-7.50408e-09,0.8,0.4,789.943,0,0,1
0,85,-7.50408e-09,0.8,0.5,789.943,0,0,1
0,86,-7.5041e-09,0.8,0.6,789.943,0,0,1
0,87,-7.50955e-09,0.8,0.7,789.943,0,0,1
0,88,-6.76213e-09,0.8,0.8,787.885,0,0,1
0,89,-7.79247e-09,0.8,0.9,622.9,0,0,1
0,90,-9.11967e-09,0.9,-9.11967e-09,491.388,0,0,1
0,91,-7.79247e-09,0.9,0.1,622.9,0,0,1
0,92,-7.44333e-09,0.9,0.2,624.841,0,0,1
0,93,-7.43585e-09,0.9,0.3,624.841,0,0,1
0,94,-7.43581e-09,0.9,0.4,624.841,0,0,1
0,95,-7.43581e-09,0.9,0.5,624.841,0,0,1
0,96,-7.43585e-09,0.9,0.6,624.841,0,0,1
0,97,-7.44333e-09,0.9,0.7,624.841,0,0,1
0,98,-7.79247e-09,0.9,0.8,622.9,0,0,1
0,99,-9.11967e-09,0.9,0.9,491.388,0,0,1
0,100,0.1,-7.79247e-09,-7.79247e-09,622.9,0,0,1
0,101,0.1,-6.76213e-09,0.1,787.885,0,0,1
0,102,0.1,-7.50955e-09,0.2,789.943,0,0,1
0,103,0.1,-7.5041e-09,0.3,789.943,0,0,1
0,104,0.1,-7.50408e-09,0.4,789.943,0,0,1
0,105,0.1,-7.50408e-09,0.5,789.943,0,0,1
0,106,0.1,-7.5041e-09,0.6,789.943,0,0,1
0,107,0.1,-7.50955e-09,0.7,789.943,0,0,1
0,108,0.1,-6.76213e-09,0.8,787.885,0,0,1
0,109,0.1,-7.79247e-09,0.9,622.9,0,0,1
0,110,0.1,0.1,-6.76213e-09,787.885,0,0,1
0,111,0.1,0.1,0.1,994.284,0,0,1
0,112,0.1,0.1,0.2,996.459,0,0,1
0,113,0.0999999,0.0999999,0.3,996.459,0,0,1
0,114,0.0999999,0.0999999,0.4,996.459,0,0,1
0,115,0.0999999,0.0999999,0.5,996.459,0,0,1
0,116,0.0999999,0.0999999,0.6,996.459,0,0,1
0,117,0.1,0.1,0.7,996.459,0,0,1
0,118,0.1,0.1,0.8,994.284,0,0,1
0,119,0.1,0.1,0.9,787.885,0,0,1
0,120,0.1,0.2,-7.50955e-09,789.943,0,0,1
0,121,0.1,0.2,0.1,996.459,0,0,1
0,122,0.0999998,0.2,0.2,998.634,0,0,1
0,123,0.0999998,0.2,0.3,998.634,0,0,1
0,124,0.0999998,0.2,0.4,998.634,0,0,1
0,125,0.0999998,0.2,0.5,998.634,0,0,1
0,126,0.0999998,0.2,0.6,998.634,0,0,1
0,127,0.0999998,0.2,0.7,998.634,0,0,1
0,128,0.1,0.2,0.8,996.459,0,0,1
0,129,0.1,0.2,0.9,789.943,0,0,1
0,130,0.1,0.3,-7.5041e-09,789.943,0,0,1
0,131,0.0999999,0.3,0.0999999,996.459,0,0,1
0,132,0.0999998,0.3,0.2,998.634,0,0,1
0,133,0.0999997,0.3,0.3,998.634,0,0,1
0,134,0.0999997,0.3,0.4,998.634,0,0,1
0,135,0.0999997,0.3,0.5,998.634,0,0,1
0,136,0.0999997,0.3,0.6,998.634,0,0,1
0,137,0.0999998,0.3,0.7,998.634,0,0,1
0,138,0.0999999,0.3,0.8,996.459,0,0,1
0,139,0.1,0.3,0.9,789.943,0,0,1
0,140,0.1,0.4,-7.50408e-09,789.943,0,0,1
0,141,0.0999999,0.4,0.0999999,996.459,0,0,1
0,142,0.0999998,0.4,0.2,998.634,0,0,1
0,143,0.0999997,0.4,0.3,998.634,0,0,1
0,144,0.0999997,0.4,0.4,998.634,0,0,1
0,145,0.0999997,0.4,0.5,998.634,0,0,1
0,146,0.0999997,0.4,0.6,998.634,0,0,1
0,147,0.0999998,0.4,0.7,998.634,0,0,1
0,148,0.0999999,0.4,0.8,996.459,0,0,1
0,149,0.1,0.4,0.9,789.943,0,0,1
0,150,0.1,0.5,-7.50408e-09,789.943,0,0,1
0,151,0.0999999,0.5,0.0999999,996.459,0,0,1
0,152,0.0999998,0.5,0.2,998.634,0,0,1
0,153,0.0999997,0.5,0.3,998.634,0,0,1
0,154,0.0999997,0.5,0.4,998.634,0,0,1
0,155,0.0999997,0.5,0.5,998.634,0,0,1
0,156,0.0999997,0.5,0.6,998.634,0,0,1
0,157,0.0999998,0.5,0.7,998.634,0,0,1
0,158,0.0999999,0.5,0.8,996.459,0,0,1
0,159,0.1,0.5,0.9,789.943,0,0,1
0,160,0.1,0.6,-7.5041e-09,789.943,0,0,1
0,161,0.0999999,0.6,0.0999999,996.459,0,0,1
0,162,0.0999998,0.6,0.2,998.634,0,0,1
0,163,0.0999997,0.6,0.3,998.634,0,0,1
0,164,0.0999997,0.6,0.4,998.634,0,0,1
0,165,0.0999997,0.6,0.5,998.634,0,0,1
0,166,0.0999997,0.6,0.6,998.634,0,0,1
0,167,0.0999998,0.6,0.7,998.634,0,0,1
0,168,0.0999999,0.6,0.8,996.459,0,0,1
0,169,0.1,0.6,0.9,789.943,0,0,1
0,170,0.1,0.7,-7.50955e-09,789.943,0,0,1
0,171,0.1,0.7,0.1,996.459,0,0,1
0,172,0.0999998,0.7,0.2,998.634,0,0,1
0,173,0.0999998,0.7,0.3,998.634,0,0,1
0,174,0.0999998,0.7,0.4,998.634,0,0,1
0,175,0.0999998,0.7,0.5,998.634,0,0,1
0,176,0.0999998,0.7,0.6,998.634,0,0,1
0,177,0.0999998,0.7,0.7,998.634,0,0,1
0,178,0.1,0.7,0.8,996.459,0,0,1
0,179,0.1,0.7,0.9,789.943,0,0,1
0,180,0.1,0.8,-6.76213e-09,787.885,0,0,1
0,181,0.1,0.8,0.1,994.284,0,0,1
0,182,0.1,0.8,0.2,996.459,0,0,1
0,183,0.0999999,0.8,0.3,996.459,0,0,1
0,184,0.0999999,0.8,0.4,996.459,0,0,1
0,185,0.0999999,0.8,0.5,996.459,0,0,1
0,186,0.0999999,0.8,0.6,996.459,0,0,1
0,187,0.1,0.8,0.7,996.459,0,0,1
0,188,0.1,0.8,0.8,994.284,0,0,1
0,189,0.1,0.8,0.9,787.885,0,0,1
0,190,0.1,0.9,-7.79247e-09,622.9,0,0,1
0,191,0.1,0.9,0.1,787.885,0,0,1
0,192,0.1,0.9,0.2,789.943,0,0,1
0,193,0.1,0.9,0.3,789.943,0,0,1
0,194,0.1,0.9,0.4,789.943,0,0,1
0,195,0.1,0.9,0.5,789.943,0,0,1
0,196,0.1,0.9,0.6,789.943,0,0,1
0,197,0.1,0.9,0.7,789.943,0,0,1
0,198,0.1,0.9,0.8,787.885,0,0,1
0,199,0.1,0.9,0.9,622.9,0,0,1
0,200,0.2,-7.44333e-09,-7.44333e-09,624.841,0,0,1
0,201,0.2,-7.50955e-09,0.1,789.943,0,0,1
0,202,0.2,-1.5552e-08,0.2,792.001,0,0,1
0,203,0.2,-1.66369e-08,0.3,792.001,0,0,1
0,204,0.2,-1.66369e-08,0.4,792.001,0,0,1
0,205,0.2,-1.66369e-08,0.5,792.001,0,0,1
0,206,0.2,-1.66369e-08,0.6,792.001,0,0,1
0,207,0.2,-1.5552e-08,0.7,792.001,0,0,1
0,208,0.2,-7.50955e-09,0.8,789.943,0,0,1
0,209,0.2,-7.44333e-09,0.9,624.841,0,0,1
0,210,0.2,0.1,-7.50955e-09,789.943,0,0,1
0,211,0.2,0.1,0.1,996.459,0,0,1
0,212,0.2,0.0999998,0.2,998.634,0,0,1
0,213,0.2,0.0999998,0.3,998.634,0,0,1
0,214,0.2,0.0999998,0.4,998.634,0,0,1
0,215,0.2,0.0999998,0.5,998.634,0,0,1
0,216,0.2,0.0999998,0.6,998.634,0,0,1
0,217,0.2,0.0999998,0.7,998.634,0,0,1
0,218,0.2,0.1,0.8,996.459,0,0,1
0,219,0.2,0.1,0.9,789.943,0,0,1
0,220,0.2,0.2,-1.5552e-08,792.001,0,0,1
0,221,0.2,0.2,0.0999998,998.634,0,0,1
0,222,0.2,0.2,0.2,1000.81,0,0,1
0,223,0.2,0.2,0.3,1000.81,0,0,1
0,224,0.2,0.2,0.4,1000.81,0,0,1
0,225,0.2,0.2,0.5,1000.81,0,0,1
0,226,0.2,0.2,0.6,1000.81,0,0,1
0,227,0.2,0.2,0.7,1000.81,0,0,1
0,228,0.2,0.2,0.8,998.634,0,0,1
0,229,0.2,0.2,0.9,792.001,0,0,1
0,230,0.2,0.3,-1.66369e-08,792.001,0,0,1
0,231,0.2,0.3,0.0999998,998.634,0,0,1
0,232,0.2,0.3,0.2,1000.81,0,0,1
0,233,0.2,0.3,0.3,1000.81,0,0,1
0,234,0.2,0.3,0.4,1000.81,0,0,1
0,235,0.2,0.3,0.5,1000.81,0,0,1
0,236,0.2,0.3,0.6,1000.81,0,0,1
0,237,0.2,0.3,0.7,1000.81,0,0,1
0,238,0.2,0.3,0.8,998.634,0,0,1
0,239,0.2,0.3,0.9,792.001,0,0,1
0,240,0.2,0.4,-1.66369e-08,792.001,0,0,1
0,241,0.2,0.4,0.0999998,998.634,0,0,1
0,242,0.2,0.4,0.2,1000.81,0,0,1
0,243,0.2,0.4,0.3,1000.81,0,0,1
0,244,0.2,0.4,0.4,1000.81,0,0,1
0,245,0.2,0.4,0.5,1000.81,0,0,1
0,246,0.2,0.4,0.6,1000.81,0,0,1
0,247,0.2,0.4,0.7,1000.81,0,0,1
0,248,0.2,0.4,0.8,998.634,0,0,1
0,249,0.2,0.4,0.9,792.001,0,0,1
0,250,0.2,0.5,-1.66369e-08,792.001,0,0,1
0,251,0.2,0.5,0.0999998,998.634,0,0,1
0,252,0.2,0.5,0.2,1000.81,0,0,1
0,253,0.2,0.5,0.3,1000.81,0,0,1
0,254,0.2,0.5,0.4,1000.81,0,0,1
0,255,0.2,0.5,0.5,1000.81,0,0,1
0,256,0.2,0.5,0.6,1000.81,0,0,1
0,257,0.2,0.5,0.7,1000.81,0,0,1
0,258,0.2,0.5,0.8,998.634,0,0,1
0,259,0.2,0.5,0.9,792.001,0,0,1
0,260,0.2,0.6,-1.66369e-08,792.001,0,0,1
0,261,0.2,0.6,0.0999998,998.634,0,0,1
0,262,0.2,0.6,0.2,1000.81,0,0,1
0,263,0.2,0.6,0.3,1000.81,0,0,1
0,264,0.2,0.6,0.4,1000.81,0,0,1
0,265,0.2,0.6,0.5,1000.81,0,0,1
0,266,0.2,0.6,0.6,1000.81,0,0,1
0,267,0.2,0.6,0.7,1000.81,0,0,1
0,268,0.2,0.6,0.8,998.634,0,0,1
0,269,0.2,0.6,0.9,792.001,0,0,1
0,270,0.2,0.7,-1.5552e-08,792.001,0,0,1
0,271,0.2,0.7,0.0999998,998.634,0,0,1
0,272,0.2,0.7,0.2,1000.81,0,0,1
0,273,0.2,0.7,0.3,1000.81,0,0,1
0,274,0.2,0.7,0.4,1000.81,0,0,1
0,275,0.2,0.7,0.5,1000.81,0,0,1
0,276,0.2,0.7,0.6,1000.81,0,0,1
0,277,0.2,0.7,0.7,1000.81,0,0,1
0,278,0.2,0.7,0.8,998.634,0,0,1
0,279,0.2,0.7,0.9,792.001,0,0,1
0,280,0.2,0.8,-7.50955e-09,789.943,0,0,1
0,281,0.2,0.8,0.1,996.459,0,0,1
0,282,0.2,0.8,0.2,998.634,0,0,1
0,283,0.2,0.8,0.3,998.634,0,0,1
0,284,0.2,0.8,0.4,998.634,0,0,1
0,285,0.2,0.8,0.5,998.634,0,0,1
0,286,0.2,0.8,0.6,998.634,0,0,1
0,287,0.2,0.8,0.7,998.634,0,0,1
0,288,0.2,0.8,0.8,996.459,0,0,1
0,289,0.2,0.8,0.9,789.943,0,0,1
0,290,0.2,0.9,-7.44333e-09,624.841,0,0,1
0,291,0.2,0.9,0.1,789.943,0,0,1
0,292,0.2,0.9,0.2,792.001,0,0,1
0,293,0.2,0.9,0.3,792.001,0,0,1
0,294,0.2,0.9,0.4,792.001,0,0,1
0,295,0.2,0.9,0.5,792.001,0,0,1
0,296,0.2,0.9,0.6,792.001,0,0,1
0,297,0.2,0.9,0.7,792.001,0,0,1
0,298,0.2,0.9,0.8,789.943,0,0,1
0,299,0.2,0.9,0.9,624.841,0,0,1
0,300,0.3,-7.43585e-09,-7.43585e-09,624.841,0,0,1
0,301,0.3,-7.5041e-09,0.1,789.943,0,0,1
0,302,0.3,-1.66369e-08,0.2,792.001,0,0,1
0,303,0.3,-1.77218e-08,0.3,792.001,0,0,1
0,304,0.3,-1.77218e-08,0.4,792.001,0,0,1
0,305,0.3,-1.77218e-08,0.5,792.001,0,0,1
0,306,0.3,-1.77218e-08,0.6,792.001,0,0,1
0,307,0.3,-1.66369e-08,0.7,792.001,0,0,1
0,308,0.3,-7.5041e-09,0.8,789.943,0,0,1
0,309,0.3,-7.43585e-09,0.9,624.841,0,0,1
0,310,0.3,0.1,-7.5041e-09,789.943,0,0,1
0,311,0.3,0.0999999,0.0999999,996.459,0,0,1
0,312,0.3,0.0999998,0.2,998.634,0,0,1
0,313,0.3,0.0999997,0.3,998.634,0,0,1
0,314,0.3,0.0999997,0.4,998.634,0,0,1
0,315,0.3,0.0999997,0.5,998.634,0,0,1
0,316,0.3,0.0999997,0.6,998.634,0,0,1
0,317,0.3,0.0999998,0.7,998.634,0,0,1
0,318,0.3,0.0999999,0.8,996.459,0,0,1
0,319,0.3,0.1,0.9,789.943,0,0,1
0,320,0.3,0.2,-1.66369e-08,792.001,0,0,1
0,321,0.3,0.2,0.0999998,998.634,0,0,1
0,322,0.3,0.2,0.2,1000.81,0,0,1
0,323,0.3,0.2,0.3,1000.81,0,0,1
0,324,0.3,0.2,0.4,1000.81,0,0,1
0,325,0.3,0.2,0.5,1000.81,0,0,1
0,326,0.3,0.2,0.6,1000.81,0,0,1
0,327,0.3,0.2,0.7,1000.81,0,0,1
0,328,0.3,0.2,0.8,998.634,0,0,1
0,329,0.3,0.2,0.9,792.001,0,0,1
0,330,0.3,0.3,-1.77218e-08,792.001,0,0,1
0,331,0.3,0.3,0.0999997,998.634,0,0,1
0,332,0.3,0.3,0.2,1000.81,0,0,1
0,333,0.3,0.3,0.3,1000.81,0,0,1
0,334,0.3,0.3,0.4,1000.81,0,0,1
0,335,0.3,0.3,0.5,1000.81,0,0,1
0,336,0.3,0.3,0.6,1000.81,0,0,1
0,337,0.3,0.3,0.7,1000.81,0,0,1
0,338,0.3,0.3,0.8,998.634,0,0,1
0,339,0.3,0.3,0.9,792.001,0,0,1
0,340,0.3,0.4,-1.77218e-08,792.001,0,0,1
0,341,0.3,0.4,0.0999997,998.634,0,0,1
0,342,0.3,0.4,0.2,1000.81,0,0,1
0,343,0.3,0.4,0.3,1000.81,0,0,1
0,344,0.3,0.4,0.4,1000.81,0,0,1
0,345,0.3,0.4,0.5,1000.81,0,0,1
0,346,0.3,0.4,0.6,1000.81,0,0,1
0,347,0.3,0.4,0.7,1000.81,0,0,1
0,348,0.3,0.4,0.8,998.634,0,0,1
0,349,0.3,0.4,0.9,792.001,0,0,1
0,350,0.3,0.5,-1.77218e-08,792.001,0,0,1
0,351,0.3,0.5,0.0999997,998.634,0,0,1
0,352,0.3,0.5,0.2,1000.81,0,0,1
0,353,0.3,0.5,0.3,1000.81,0,0,1
0,354,0.3,0.5,0.4,1000.81,0,0,1
0,355,0.3,0.5,0.5,1000.81,0,0,1
0,356,0.3,0.5,0.6,1000.81,0,0,1
0,357,0.3,0.5,0.7,1000.81,0,0,1
0,358,0.3,0.5,0.8,998.634,0,0,1
0,359,0.3,0.5,0.9,792.001,0,0,1
0,360,0.3,0.6,-1.77218e-08,792.001,0,0,1
0,361,0.3,0.6,0.0999997,998.634,0,0,1
0,362,0.3,0.6,0.2,1000.81,0,0,1
0,363,0.3,0.6,0.3,1000.81,0,0,1
0,364,0.3,0.6,0.4,1000.81,0,0,1
0,365,0.3,0.6,0.5,1000.81,0,0,1
0,366,0.3,0.6,0.6,1000.81,0,0,1
0,367,0.3,0.6,0.7,1000.81,0,0,1
0,368,0.3,0.6,0.8,998.634,0,0,1
0,369,0.3,0.6,0.9,792.001,0,0,1
0,370,0.3,0.7,-1.66369e-08,792.001,0,0,1
0,371,0.3,0.7,0.0999998,998.634,0,0,1
0,372,0.3,0.7,0.2,1000.81,0,0,1
0,373,0.3,0.7,0.3,1000.81,0,0,1
0,374,0.3,0.7,0.4,1000.81,0,0,1
0,375,0.3,0.7,0.5,1000.81,0,0,1
0,376,0.3,0.7,0.6,1000.81,0,0,1
0,377,0.3,0.7,0.7,1000.81,0,0,1
0,378,0.3,0.7,0.8,998.634,0,0,1
0,379,0.3,0.7,0.9,792.001,0,0,1
0,380,0.3,0.8,-7.5041e-09,789.943,0,0,1
0,381,0.3,0.8,0.0999999,996.459,0,0,1
0,382,0.3,0.8,0.2,998.634,0,0,1
0,383,0.3,0.8,0.3,998.634,0,0,1
0,384,0.3,0.8,0.4,998.634,0,0,1
0,385,0.3,0.8,0.5,998.634,0,0,1
0,386,0.3,0.8,0.6,998.634,0,0,1
0,387,0.3,0.8,0.7,998.634,0,0,1
0,388,0.3,0.8,0.8,996.459,0,0,1
0,389,0.3,0.8,0.9,789.943,0,0,1
0,390,0.3,0.9,-7.43585e-09,624.841,0,0,1
0,391,0.3,0.9,0.1,789.943,0,0,1
0,392,0.3,0.9,0.2,792.001,0,0,1
0,393,0.3,0.9,0.3,792.001,0,0,1
0,394,0.3,0.9,0.4,792.001,0,0,1
0,395,0.3,0.9,0.5,792.001,0,0,1
0,396,0.3,0.9,0.6,792.001,0,0,1
0,397,0.3,0.9,0.7,792.001,0,0,1
0,398,0.3,0.9,0.8,789.943,0,0,1
0,399,0.3,0.9,0.9,624.841,0,0,1
0,400,0.4,-7.43581e-09,-7.43581e-09,624.841,0,0,1
0,401,0.4,-7.50408e-09,0.1,789.943,0,0,1
0,402,0.4,-1.66369e-08,0.2,792.001,0,0,1
0,403,0.4,-1.77218e-08,0.3,792.001,0,0,1
0,404,0.4,-1.77218e-08,0.4,792.001,0,0,1
0,405,0.4,-1.77218e-08,0.5,792.001,0,0,1
0,406,0.4,-1.77218e-08,0.6,792.001,0,0,1
0,407,0.4,-1.66369e-08,0.7,792.001,0,0,1
0,408,0.4,-7.50408e-09,0.8,789.943,0,0,1
0,409,0.4,-7.43581e-09,0.9,624.841,0,0,1
0,410,0.4,0.1,-7.50408e-09,789.943,0,0,1
0,411,0.4,0.0999999,0.0999999,996.459,0,0,1
0,412,0.4,0.0999998,0.2,998.634,0,0,1
0,413,0.4,0.0999997,0.3,998.634,0,0,1
0,414,0.4,0.0999997,0.4,998.634,0,0,1
0,415,0.4,0.0999997,0.5,998.634,0,0,1
0,416,0.4,0.0999997,0.6,998.634,0,0,1
0,417,0.4,0.0999998,0.7,998.634,0,0,1
0,418,0.4,0.0999999,0.8,996.459,0,0,1
0,419,0.4,0.1,0.9,789.943,0,0,1
0,420,0.4,0.2,-1.66369e-08,792.001,0,0,1
0,421,0.4,0.2,0.0999998,998.634,0,0,1
0,422,0.4,0.2,0.2,1000.81,0,0,1
0,423,0.4,0.2,0.3,1000.81,0,0,1
0,424,0.4,0.2,0.4,1000.81,0,0,1
0,425,0.4,0.2,0.5,1000.81,0,0,1
0,426,0.4,0.2,0.6,1000.81,0,0,1
0,427,0.4,0.2,0.7,1000.81,0,0,1
0,428,0.4,0.2,0.8,998.634,0,0,1
0,429,0.4,0.2,0.9,792.001,0,0,1
0,430,0.4,0.3,-1.77218e-08,792.001,0,0,1
0,431,0.4,0.3,0.0999997,998.634,0,0,1
0,432,0.4,0.3,0.2,1000.81,0,0,1
0,433,0.4,0.3,0.3,1000.81,0,0,1
0,434,0.4,0.3,0.4,1000.81,0,0,1
0,435,0.4,0.3,0.5,1000.81,0,0,1
0,436,0.4,0.3,0.6,1000.81,0,0,1
0,437,0.4,0.3,0.7,1000.81,0,0,1
0,438,0.4,0.3,0.8,998.634,0,0,1
0,439,0.4,0.3,0.9,792.001,0,0,1
0,440,0.4,0.4,-1.77218e-08,792.001,0,0,1
0,441,0.4,0.4,0.0999997,998.634,0,0,1
0,442,0.4,0.4,0.2,1000.81,0,0,1
0,443,0.4,0.4,0.3,1000.81,0,0,1
0,444,0.4,0.4,0.4,1000.81,0,0,1
0,445,0.4,0.4,0.5,1000.81,0,0,1
0,446,0.4,0.4,0.6,1000.81,0,0,1
0,447,0.4,0.4,0.7,1000.81,0,0,1
0,448,0.4,0.4,0.8,998.634,0,0,1
0,449,0.4,0.4,0.9,792.001,0,0,1
0,450,0.4,0.5,-1.77218e-08,792.001,0,0,1
0,451,0.4,0.5,0.0999997,998.634,0,0,1
0,452,0.4,0.5,0.2,1000.81,0,0,1
0,453,0.4,0.5,0.3,1000.81,0,0,1
0,454,0.4,0.5,0.4,1000.81,0,0,1
0,455,0.4,0.5,0.5,1000.81,0,0,1
0,456,0.4,0.5,0.6,1000.81,0,0,1
0,457,0.4,0.5,0.7,1000.81,0,0,1
0,458,0.4,0.5,0.8,998.634,0,0,1
0,459,0.4,0.5,0.9,792.001,0,0,1
0,460,0.4,0.6,-1.77218e-08,792.001,0,0,1
0,461,0.4,0.6,0.0999997,998.634,0,0,1
0,462,0.4,0.6,0.2,1000.81,0,0,1
0,463,0.4,0.6,0.3,1000.81,0,0,1
0,464,0.4,0.6,0.4,1000.81,0,0,1
0,465,0.4,0.6,0.5,1000.81,0,0,1
0,466,0.4,0.6,0.6,1000.81,0,0,1
0,467,0.4,0.6,0.7,1000.81,0,0,1
0,468,0.4,0.6,0.8,998.634,0,0,1
0,469,0.4,0.6,0.9,792.001,0,0,1
0,470,0.4,0.7,-1.66369e-08,792.001,0,0,1
0,471,0.4,0.7,0.0999998,998.634,0,0,1
0,472,0.4,0.7,0.2,1000.81,0,0,1
0,473,0.4,0.7,0.3,1000.81,0,0,1
0,474,0.4,0.7,0.4,1000.81,0,0,1
0,475,0.4,0.7,0.5,1000.81,0,0,1
0,476,0.4,0.7,0.6,1000.81,0,0,1
0,477,0.4,0.7,0.7,1000.81,0,0,1
0,478,0.4,0.7,0.8,998.634,0,0,1
0,479,0.4,0.7,0.9,792.001,0,0,1
0,480,0.4,0.8,-7.50408e-09,789.943,0,0,1
0,481,0.4,0.8,0.0999999,996.459,0,0,1
0,482,0.4,0.8,0.2,998.634,0,0,1
0,483,0.4,0.8,0.3,998.634,0,0,1
0,484,0.4,0.8,0.4,998.634,0,0,1
0,485,0.4,0.8,0.5,998.634,0,0,1
0,486,0.4,0.8,0.6,998.634,0,0,1
0,487,0.4,0.8,0.7,998.634,0,0,1
0,488,0.4,0.8,0.8,996.459,0,0,1
0,489,0.4,0.8,0.9,789.943,0,0,1
0,490,0.4,0.9,-7.43581e-09,624.841,0,0,1
0,491,0.4,0.9,0.1,789.943,0,0,1
0,492,0.4,0.9,0.2,792.001,0,0,1
0,493,0.4,0.9,0.3,792.001,0,0,1
0,494,0.4,0.9,0.4,792.001,0,0,1
0,495,0.4,0.9,0.5,792.001,0,0,1
0,496,0.4,0.9,0.6,792.001,0,0,1
0,497,0.4,0.9,0.7,792.001,0,0,1
0,498,0.4,0.9,0.8,789.943,0,0,1
0,499,0.4,0.9,0.9,624.841,0,0,1
0,500,0.5,-7.43581e-09,-7.43581e-09,624.841,0,0,1
0,501,0.5,-7.50408e-09,0.1,789.943,0,0,1
0,502,0.5,-1.66369e-08,0.2,792.001,0,0,1
0,503,0.5,-1.77218e-08,0.3,792.001,0,0,1
0,504,0.5,-1.77218e-08,0.4,792.001,0,0,1
0,505,0.5,-1.77218e-08,0.5,792.001,0,0,1
0,506,0.5,-1.77218e-08,0.6,792.001,0,0,1
0,507,0.5,-1.66369e-08,0.7,792.001,0,0,1
0,508,0.5,-7.50408e-09,0.8,789.943,0,0,1
0,509,0.5,-7.43581e-09,0.9,624.841,0,0,1
0,510,0.5,0.1,-7.50408e-09,789.943,0,0,1
0,511,0.5,0.0999999,0.0999999,996.459,0,0,1
0,512,0.5,0.0999998,0.2,998.634,0,0,1
0,513,0.5,0.0999997,0.3,998.634,0,0,1
0,514,0.5,0.0999997,0.4,998.634,0,0,1
0,515,0.5,0.0999997,0.5,998.634,0,0,1
0,516,0.5,0.0999997,0.6,998.634,0,0,1
0,517,0.5,0.0999998,0.7,998.634,0,0,1
0,518,0.5,0.0999999,0.8,996.459,0,0,1
0,519,0.5,0.1,0.9,789.943,0,0,1
0,520,0.5,0.2,-1.66369e-08,792.001,0,0,1
0,521,0.5,0.2,0.0999998,998.634,0,0,1
0,522,0.5,0.2,0.2,1000.81,0,0,1
0,523,0.5,0.2,0.3,1000.81,0,0,1
0,524,0.5,0.2,0.4,1000.81,0,0,1
0,525,0.5,0.2,0.5,1000.81,0,0,1
0,526,0.5,0.2,0.6,1000.81,0,0,1
0,527,0.5,0.2,0.7,1000.81,0,0,1
0,528,0.5,0.2,0.8,998.634,0,0,1
0,529,0.5,0.2,0.9,792.001,0,0,1
0,530,0.5,0.3,-1.77218e-08,792.001,0,0,1
0,531,0.5,0.3,0.0999997,998.634,0,0,1
0,532,0.5,0.3,0.2,1000.81,0,0,1
0,533,0.5,0.3,0.3,1000.81,0,0,1
0,534,0.5,0.3,0.4,1000.81,0,0,1
0,535,0.5,0.3,0.5,1000.81,0,0,1
0,536,0.5,0.3,0.6,1000.81,0,0,1
0,537,0.5,0.3,0.7,1000.81,0,0,1
0,538,0.5,0.3,0.8,998.634,0,0,1
0,539,0.5,0.3,0.9,792.001,0,0,1
0,540,0.5,0.4,-1.77218e-08,792.001,0,0,1
0,541,0.5,0.4,0.0999997,998.634,0,0,1
0,542,0.5,0.4,0.2,1000.81,0,0,1
0,543,0.5,0.4,0.3,1000.81,0,0,1
0,544,0.5,0.4,0.4,1000.81,0,0,1
0,545,0.5,0.4,0.5,1000.81,0,0,1
0,546,0.5,0.4,0.6,1000.81,0,0,1
0,547,0.5,0.4,0.7,1000.81,0,0,1
0,548,0.5,0.4,0.8,998.634,0,0,1
0,549,0.5,0.4,0.9,792.001,0,0,1
0,550,0.5,0.5,-1.77218e-08,792.001,0,0,1
0,551,0.5,0.5,0.0999997,998.634,0,0,1
0,552,0.5,0.5,0.2,1000.81,0,0,1
0,553,0.5,0.5,0.3,1000.81,0,0,1
0,554,0.5,0.5,0.4,1000.81,0,0,1
0,555,0.5,0.5,0.5,1000.81,0,0,1
0,556,0.5,0.5,0.6,1000.81,0,0,1
0,557,0.5,0.5,0.7,1000.81,0,0,1
0,558,0.5,0.5,0.8,998.634,0,0,1
0,559,0.5,0.5,0.9,792.001,0,0,1
0,560,0.5,0.6,-1.77218e-08,792.001,0,0,1
0,561,0.5,0.6,0.0999997,998.634,0,0,1
0,562,0.5,0.6,0.2,1000.81,0,0,1
0,563,0.5,0.6,0.3,1000.81,0,0,1
0,564,0.5,0.6,0.4,1000.81,0,0,1
0,565,0.5,0.6,0.5,1000.81,0,0,1
0,566,0.5,0.6,0.6,1000.81,0,0,1
0,567,0.5,0.6,0.7,1000.81,0,0,1
0,568,0.5,0.6,0.8,998.634,0,0,1
0,569,0.5,0.6,0.9,792.001,0,0,1
0,570,0.5,0.7,-1.66369e-08,792.001,0,0,1
0,571,0.5,0.7,0.0999998,998.634,0,0,1
0,572,0.5,0.7,0.2,1000.81,0,0,1
0,573,0.5,0.7,0.3,1000.81,0,0,1
0,574,0.5,0.7,0.4,1000.81,0,0,1
0,575,0.5,0.7,0.5,1000.81,0,0,1
0,576,0.5,0.7,0.6,1000.81,0,0,1
0,577,0.5,0.7,0.7,1000.81,0,0,1
0,578,0.5,0.7,0.8,998.634,0,0,1
0,579,0.5,0.7,0.9,792.001,0,0,1
0,580,0.5,0.8,-7.50408e-09,789.943,0,0,1
0,581,0.5,0.8,0.0999999,996.459,0,0,1
0,582,0.5,0.8,0.2,998.634,0,0,1
0,583,0.5,0.8,0.3,998.634,0,0,1
0,584,0.5,0.8,0.4,998.634,0,0,1
0,585,0.5,0.8,0.5,998.634,0,0,1
0,586,0.5,0.8,0.6,998.634,0,0,1
0,587,0.5,0.8,0.7,998.634,0,0,1
0,588,0.5,0.8,0.8,996.459,0,0,1
0,589,0.5,0.8,0.9,789.943,0,0,1
0,590,0.5,0.9,-7.43581e-09,624.841,0,0,1
0,591,0.5,0.9,0.1,789.943,0,0,1
0,592,0.5,0.9,0.2,792.001,0,0,1
0,593,0.5,0.9,0.3,792.001,0,0,1
0,594,0.5,0.9,0.4,792.001,0,0,1
0,595,0.5,0.9,0.5,792.001,0,0,1
0,596,0.5,0.9,0.6,792.001,0,0,1
0,597,0.5,0.9,0.7,792.001,0,0,1
0,598,0.5,0.9,0.8,789.943,0,0,1
0,599,0.5,0.9,0.9,624.841,0,0,1
0,600,0.6,-7.43585e-09,-7.43585e-09,624.841,0,0,1
0,601,0.6,-7.5041e-09,0.1,789.943,0,0,1
0,602,0.6,-1.66369e-08,0.2,792.001,0,0,1
0,603,0.6,-1.77218e-08,0.3,792.001,0,0,1
0,604,0.6,-1.77218e-08,0.4,792.001,0,0,1
0,605,0.6,-1.77218e-08,0.5,792.001,0,0,1
0,606,0.6,-1.77218e-08,0.6,792.001,0,0,1
0,607,0.6,-1.66369e-08,0.7,792.001,0,0,1
0,608,0.6,-7.5041e-09,0.8,789.943,0,0,1
0,609,0.6,-7.43585e-09,0.9,624.841,0,0,1
0,610,0.6,0.1,-7.5041e-09,789.943,0,0,1
0,611,0.6,0.0999999,0.0999999,996.459,0,0,1
0,612,0.6,0.0999998,0.2,998.634,0,0,1
0,613,0.6,0.0999997,0.3,998.634,0,0,1
0,614,0.6,0.0999997,0.4,998.634,0,0,1
0,615,0.6,0.0999997,0.5,998.634,0,0,1
0,616,0.6,0.0999997,0.6,998.634,0,0,1
0,617,0.6,0.0999998,0.7,998.634,0,0,1
0,618,0.6,0.0999999,0.8,996.459,0,0,1
0,619,0.6,0.1,0.9,789.943,0,0,1
0,620,0.6,0.2,-1.66369e-08,792.001,0,0,1
0,621,0.6,0.2,0.0999998,998.634,0,0,1
0,622,0.6,0.2,0.2,1000.81,0,0,1
0,623,0.6,0.2,0.3,1000.81,0,0,1
0,624,0.6,0.2,0.4,1000.81,0,0,1
0,625,0.6,0.2,0.5,1000.81,0,0,1
0,626,0.6,0.2,0.6,1000.81,0,0,1
0,627,0.6,0.2,0.7,1000.81,0,0,1
0,628,0.6,0.2,0.8,998.634,0,0,1
0,629,0.6,0.2,0.9,792.001,0,0,1
0,630,0.6,0.3,-1.77218e-08,792.001,0,0,1
0,631,0.6,0.3,0.0999997,998.634,0,0,1
0,632,0.6,0.3,0.2,1000.81,0,0,1
0,633,0.6,0.3,0.3,1000.81,0,0,1
0,634,0.6,0.3,0.4,1000.81,0,0,1
0,635,0.6,0.3,0.5,1000.81,0,0,1
0,636,0.6,0.3,0.6,1000.81,0,0,1
0,637,0.6,0.3,0.7,1000.81,0,0,1
0,638,0.6,0.3,0.8,998.634,0,0,1
0,639,0.6,0.3,0.9,792.001,0,0,1
0,640,0.6,0.4,-1.77218e-08,792.001,0,0,1
0,641,0.6,0.4,0.0999997,998.634,0,0,1
0,642,0.6,0.4,0.2,1000.81,0,0,1
0,643,0.6,0.4,0.3,1000.81,0,0,1
0,644,0.6,0.4,0.4,1000.81,0,0,1
0,645,0.6,0.4,0.5,1000.81,0,0,1
0,646,0.6,0.4,0.6,1000.81,0,0,1
0,647,0.6,0.4,0.7,1000.81,0,0,1
0,648,0.6,0.4,0.8,998.634,0,0,1
0,649,0.6,0.4,0.9,792.001,0,0,1
0,650,0.6,0.5,-1.77218e-08,792.001,0,0,1
0,651,0.6,0.5,0.0999997,998.634,0,0,1
0,652,0.6,0.5,0.2,1000.81,0,0,1
0,653,0.6,0.5,0.3,1000.81,0,0,1
0,654,0.6,0.5,0.4,1000.81,0,0,1
0,655,0.6,0.5,0.5,1000.81,0,0,1
0,656,0.6,0.5,0.6,1000.81,0,0,1
0,657,0.6,0.5,0.7,1000.81,0,0,1
0,658,0.6,0.5,0.8,998.634,0,0,1
0,659,0.6,0.5,0.9,792.001,0,0,1
0,660,0.6,0.6,-1.77218e-08,792.001,0,0,1
0,661,0.6,0.6,0.0999997,998.634,0,0,1
0,662,0.6,0.6,0.2,1000.81,0,0,1
0,663,0.6,0.6,0.3,1000.81,0,0,1
0,664,0.6,0.6,0.4,1000.81,0,0,1
0,665,0.6,0.6,0.5,1000.81,0,0,1
0,666,0.6,0.6,0.6,1000.81,0,0,1
0,667,0.6,0.6,0.7,1000.81,0,0,1
0,668,0.6,0.6,0.8,998.634,0,0,1
0,669,0.6,0.6,0.9,792.001,0,0,1
0,670,0.6,0.7,-1.66369e-08,792.001,0,0,1
0,671,0.6,0.7,0.0999998,998.634,0,0,1
0,672,0.6,0.7,0.2,1000.81,0,0,1
0,673,0.6,0.7,0.3,1000.81,0,0,1
0,674,0.6,0.7,0.4,1000.81,0,0,1
0,675,0.6,0.7,0.5,1000.81,0,0,1
0,676,0.6,0.7,0.6,1000.81,0,0,1
0,677,0.6,0.7,0.7,1000.81,0,0,1
0,678,0.6,0.7,0.8,998.634,0,0,1
0,679,0.6,0.7,0.9,792.001,0,0,1
0,680,0.6,0.8,-7.5041e-09,789.943,0,0,1
0,681,0.6,0.8,0.0999999,996.459,0,0,1
0,682,0.6,0.8,0.2,998.634,0,0,1
0,683,0.6,0.8,0.3,998.634,0,0,1
0,684,0.6,0.8,0.4,998.634,0,0,1
0,685,0.6,0.8,0.5,998.634,0,0,1
0,686,0.6,0.8,0.6,998.634,0,0,1
0,687,0.6,0.8,0.7,998.634,0,0,1
0,688,0.6,0.8,0.8,996.459,0,0,1
0,689,0.6,0.8,0.9,789.943,0,0,1
0,690,0.6,0.9,-7.43585e-09,624.841,0,0,1
0,691,0.6,0.9,0.1,789.943,0,0,1
0,692,0.6,0.9,0.2,792.001,0,0,1
0,693,0.6,0.9,0.3,792.001,0,0,1
0,694,0.6,0.9,0.4,792.001,0,0,1
0,695,0.6,0.9,0.5,792.001,0,0,1
0,696,0.6,0.9,0.6,792.001,0,0,1
0,697,0.6,0.9,0.7,792.001,0,0,1
0,698,0.6,0.9,0.8,789.943,0,0,1
0,699,0.6,0.9,0.9,624.841,0,0,1
0,700,0.7,-7.44333e-09,-7.44333e-09,624.841,0,0,1
0,701,0.7,-7.50955e-09,0.1,789.943,0,0,1
0,702,0.7,-1.5552e-08,0.2,792.001,0,0,1
0,703,0.7,-1.66369e-08,0.3,792.001,0,0,1
0,704,0.7,-1.66369e-08,0.4,792.001,0,0,1
0,705,0.7,-1.66369e-08,0.5,792.001,0,0,1
0,706,0.7,-1.66369e-08,0.6,792.001,0,0,1
0,707,0.7,-1.5552e-08,0.7,792.001,0,0,1
0,708,0.7,-7.50955e-09,0.8,789.943,0,0,1
0,709,0.7,-7.44333e-09,0.9,624.841,0,0,1
0,710,0.7,0.1,-7.50955e-09,789.943,0,0,1
0,711,0.7,0.1,0.1,996.459,0,0,1
0,712,0.7,0.0999998,0.2,998.634,0,0,1
0,713,0.7,0.0999998,0.3,998.634,0,0,1
0,714,0.7,0.0999998,0.4,998.634,0,0,1
0,715,0.7,0.0999998,0.5,998.634,0,0,1
0,716,0.7,0.0999998,0.6,998.634,0,0,1
0,717,0.7,0.0999998,0.7,998.634,0,0,1
0,718,0.7,0.1,0.8,996.459,0,0,1
0,719,0.7,0.1,0.9,789.943,0,0,1
0,720,0.7,0.2,-1.5552e-08,792.001,0,0,1
0,721,0.7,0.2,0.0999998,998.634,0,0,1
0,722,0.7,0.2,0.2,1000.81,0,0,1
0,723,0.7,0.2,0.3,1000.81,0,0,1
0,724,0.7,0.2,0.4,1000.81,0,0,1
0,725,0.7,0.2,0.5,1000.81,0,0,1
0,726,0.7,0.2,0.6,1000.81,0,0,1
0,727,0.7,0.2,0.7,1000.81,0,0,1
0,728,0.7,0.2,0.8,998.634,0,0,1
0,729,0.7,0.2,0.9,792.001,0,0,1
0,730,0.7,0.3,-1.66369e-08,792.001,0,0,1
0,731,0.7,0.3,0.0999998,998.634,0,0,1
0,732,0.7,0.3,0.2,1000.81,0,0,1
0,733,0.7,0.3,0.3,1000.81,0,0,1
0,734,0.7,0.3,0.4,1000.81,0,0,1
0,735,0.7,0.3,0.5,1000.81,0,0,1
0,736,0.7,0.3,0.6,1000.81,0,0,1
0,737,0.7,0.3,0.7,1000.81,0,0,1
0,738,0.7,0.3,0.8,998.634,0,0,1
0,739,0.7,0.3,0.9,792.001,0,0,1
0,740,0.7,0.4,-1.66369e-08,792.001,0,0,1
0,741,0.7,0.4,0.0999998,998.634,0,0,1
0,742,0.7,0.4,0.2,1000.81,0,0,1
0,743,0.7,0.4,0.3,1000.81,0,0,1
0,744,0.7,0.4,0.4,1000.81,0,0,1
0,745,0.7,0.4,0.5,1000.81,0,0,1
0,746,0.7,0.4,0.6,1000.81,0,0,1
0,747,0.7,0.4,0.7,1000.81,0,0,1
0,748,0.7,0.4,0.8,998.634,0,0,1
0,749,0.7,0.4,0.9,792.001,0,0,1
0,750,0.7,0.5,-1.66369e-08,792.001,0,0,1
0,751,0.7,0.5,0.0999998,998.634,0,0,1
0,752,0.7,0.5,0.2,1000.81,0,0,1
0,753,0.7,0.5,0.3,1000.81,0,0,1
0,754,0.7,0.5,0.4,1000.81,0,0,1
0,755,0.7,0.5,0.5,1000.81,0,0,1
0,756,0.7,0.5,0.6,1000.81,0,0,1
0,757,0.7,0.5,0.7,1000.81,0,0,1
0,758,0.7,0.5,0.8,998.634,0,0,1
0,759,0.7,0.5,0.9,792.001,0,0,1
0,760,0.7,0.6,-1.66369e-08,792.001,0,0,1
0,761,0.7,0.6,0.0999998,998.634,0,0,1
0,762,0.7,0.6,0.2,1000.81,0,0,1
0,763,0.7,0.6,0.3,1000.81,0,0,1
0,764,0.7,0.6,0.4,1000.81,0,0,1
0,765,0.7,0.6,0.5,1000.81,0,0,1
0,766,0.7,0.6,0.6,1000.81,0,0,1
0,767,0.7,0.6,0.7,1000.81,0,0,1
0,768,0.7,0.6,0.8,998.634,0,0,1
0,769,0.7,0.6,0.9,792.001,0,0,1
0,770,0.7,0.7,-1.5552e-08,792.001,0,0,1
0,771,0.7,0.7,0.0999998,998.634,0,0,1
0,772,0.7,0.7,0.2,1000.81,0,0,1
0,773,0.7,0.7,0.3,1000.81,0,0,1
0,774,0.7,0.7,0.4,1000.81,0,0,1
0,775,0.7,0.7,0.5,1000.81,0,0,1
0,776,0.7,0.7,0.6,1000.81,0,0,1
0,777,0.7,0.7,0.7,1000.81,0,0,1
0,778,0.7,0.7,0.8,998.634,0,0,1
0,779,0.7,0.7,0.9,792.001,0,0,1
0,780,0.7,0.8,-7.50955e-09,789.943,0,0,1
0,781,0.7,0.8,0.1,996.459,0,0,1
0,782,0.7,0.8,0.2,998.634,0,0,1
0,783,0.7,0.8,0.3,998.634,0,0,1
0,784,0.7,0.8,0.4,998.634,0,0,1
0,785,0.7,0.8,0.5,998.634,0,0,1
0,786,0.7,0.8,0.6,998.634,0,0,1
0,787,0.7,0.8,0.7,998.634,0,0,1
0,788,0.7,0.8,0.8,996.459,0,0,1
0,789,0.7,0.8,0.9,789.943,0,0,1
0,790,0.7,0.9,-7.44333e-09,624.841,0,0,1
0,791,0.7,0.9,0.1,789.943,0,0,1
0,792,0.7,0.9,0.2,792.001,0,0,1
0,793,0.7,0.9,0.3,792.001,0,0,1
0,794,0.7,0.9,0.4,792.001,0,0,1
0,795,0.7,0.9,0.5,792.001,0,0,1
0,796,0.7,0.9,0.6,792.001,0,0,1
0,797,0.7,0.9,0.7,792.001,0,0,1
0,798,0.7,0.9,0.8,789.943,0,0,1
0,799,0.7,0.9,0.9,624.841,0,0,1
0,800,0.8,-7.79247e-09,-7.79247e-09,622.9,0,0,1
0,801,0.8,-6.76213e-09,0.1,787.885,0,0,1
0,802,0.8,-7.50955e-09,0.2,789.943,0,0,1
0,803,0.8,-7.5041e-09,0.3,789.943,0,0,1
0,804,0.8,-7.50408e-09,0.4,789.943,0,0,1
0,805,0.8,-7.50408e-09,0.5,789.943,0,0,1
0,806,0.8,-7.5041e-09,0.6,789.943,0,0,1
0,807,0.8,-7.50955e-09,0.7,789.943,0,0,1
0,808,0.8,-6.76213e-09,0.8,787.885,0,0,1
0,809,0.8,-7.79247e-09,0.9,622.9,0,0,1
0,810,0.8,0.1,-6.76213e-09,787.885,0,0,1
0,811,0.8,0.1,0.1,994.284,0,0,1
0,812,0.8,0.1,0.2,996.459,0,0,1
0,813,0.8,0.0999999,0.3,996.459,0,0,1
0,814,0.8,0.0999999,0.4,996.459,0,0,1
0,815,0.8,0.0999999,0.5,996.459,0,0,1
0,816,0.8,0.0999999,0.6,996.459,0,0,1
0,817,0.8,0.1,0.7,996.459,0,0,1
0,818,0.8,0.1,0.8,994.284,0,0,1
0,819,0.8,0.1,0.9,787.885,0,0,1
0,820,0.8,0.2,-7.50955e-09,789.943,0,0,1
0,821,0.8,0.2,0.1,996.459,0,0,1
0,822,0.8,0.2,0.2,998.634,0,0,1
0,823,0.8,0.2,0.3,998.634,0,0,1
0,824,0.8,0.2,0.4,998.634,0,0,1
0,825,0.8,0.2,0.5,998.634,0,0,1
0,826,0.8,0.2,0.6,998.634,0,0,1
0,827,0.8,0.2,0.7,998.634,0,0,1
0,828,0.8,0.2,0.8,996.459,0,0,1
0,829,0.8,0.2,0.9,789.943,0,0,1
0,830,0.8,0.3,-7.5041e-09,789.943,0,0,1
0,831,0.8,0.3,0.0999999,996.459,0,0,1
0,832,0.8,0.3,0.2,998.634,0,0,1
0,833,0.8,0.3,0.3,998.634,0,0,1
0,834,0.8,0.3,0.4,998.634,0,0,1
0,835,0.8,0.3,0.5,998.634,0,0,1
0,836,0.8,0.3,0.6,998.634,0,0,1
0,837,0.8,0.3,0.7,998.634,0,0,1
0,838,0.8,0.3,0.8,996.459,0,0,1
0,839,0.8,0.3,0.9,789.943,0,0,1
0,840,0.8,0.4,-7.50408e-09,789.943,0,0,1
0,841,0.8,0.4,0.0999999,996.459,0,0,1
0,842,0.8,0.4,0.2,998.634,0,0,1
0,843,0.8,0.4,0.3,998.634,0,0,1
0,844,0.8,0.4,0.4,998.634,0,0,1
0,845,0.8,0.4,0.5,998.634,0,0,1
0,846,0.8,0.4,0.6,998.634,0,0,1
0,847,0.8,0.4,0.7,998.634,0,0,1
0,848,0.8,0.4,0.8,996.459,0,0,1
0,849,0.8,0.4,0.9,789.943,0,0,1
0,850,0.8,0.5,-7.50408e-09,789.943,0,0,1
0,851,0.8,0.5,0.0999999,996.459,0,0,1
0,852,0.8,0.5,0.2,998.634,0,0,1
0,853,0.8,0.5,0.3,998.634,0,0,1
0,854,0.8,0.5,0.4,998.634,0,0,1
0,855,0.8,0.5,0.5,998.634,0,0,1
0,856,0.8,0.5,0.6,998.634,0,0,1
0,857,0.8,0.5,0.7,998.634,0,0,1
0,858,0.8,0.5,0.8,996.459,0,0,1
0,859,0.8,0.5,0.9,789.943,0,0,1
0,860,0.8,0.6,-7.5041e-09,789.943,0,0,1
0,861,0.8,0.6,0.0999999,996.459,0,0,1
0,862,0.8,0.6,0.2,998.634,0,0,1
0,863,0.8,0.6,0.3,998.634,0,0,1
0,864,0.8,0.6,0.4,998.634,0,0,1
0,865,0.8,0.6,0.5,998.634,0,0,1
0,866,0.8,0.6,0.6,998.634,0,0,1
0,867,0.8,0.6,0.7,998.634,0,0,1
0,868,0.8,0.6,0.8,996.459,0,0,1
0,869,0.8,0.6,0.9,789.943,0,0,1
0,870,0.8,0.7,-7.50955e-09,789.943,0,0,1
0,871,0.8,0.7,0.1,996.459,0,0,1
0,872,0.8,0.7,0.2,998.634,0,0,1
0,873,0.8,0.7,0.3,998.634,0,0,1
0,874,0.8,0.7,0.4,998.634,0,0,1
0,875,0.8,0.7,0.5,998.634,0,0,1
0,876,0.8,0.7,0.6,998.634,0,0,1
0,877,0.8,0.7,0.7,998.634,0,0,1
0,878,0.8,0.7,0.8,996.459,0,0,1
0,879,0.8,0.7,0.9,789.943,0,0,1
0,880,0.8,0.8,-6.76213e-09,787.885,0,0,1
0,881,0.8,0.8,0.1,994.284,0,0,1
0,882,0.8,0.8,0.2,996.459,0,0,1
0,883,0.8,0.8,0.3,996.459,0,0,1
0,884,0.8,0.8,0.4,996.459,0,0,1
0,885,0.8,0.8,0.5,996.459,0,0,1
0,886,0.8,0.8,0.6,996.459,0,0,1
0,887,0.8,0.8,0.7,996.459,0,0,1
0,888,0.8,0.8,0.8,994.284,0,0,1
0,889,0.8,0.8,0.9,787.885,0,0,1
0,890,0.8,0.9,-7.79247e-09,622.9,0,0,1
0,891,0.8,0.9,0.1,787.885,0,0,1
0,892,0.8,0.9,0.2,789.943,0,0,1
0,893,0.8,0.9,0.3,789.943,0,0,1
0,894,0.8,0.9,0.4,789.943,0,0,1
0,895,0.8,0.9,0.5,789.943,0,0,1
0,896,0.8,0.9,0.6,789.943,0,0,1
0,897,0.8,0.9,0.7,789.943,0,0,1
0,898,0.8,0.9,0.8,787.885,0,0,1
0,899,0.8,0.9,0.9,622.9,0,0,1
0,900,0.9,-9.11967e-09,-9.11967e-09,491.388,0,0,1
0,901,0.9,-7.79247e-09,0.1,622.9,0,0,1
0,902,0.9,-7.44333e-09,0.2,624.841,0,0,1
0,903,0.9,-7.43585e-09,0.3,624.841,0,0,1
0,904,0.9,-7.43581e-09,0.4,624.841,0,0,1
0,905,0.9,-7.43581e-09,0.5,624.841,0,0,1
0,906,0.9,-7.43585e-09,0.6,624.841,0,0,1
0,907,0.9,-7.44333e-09,0.7,624.841,0,0,1
0,908,0.9,-7.79247e-09,0.8,622.9,0,0,1
0,909,0.9,-9.11967e-09,0.9,491.388,0,0,1
0,910,0.9,0.1,-7.79247e-09,622.9,0,0,1
0,911,0.9,0.1,0.1,787.885,0,0,1
0,912,0.9,0.1,0.2,789.943,0,0,1
0,913,0.9,0.1,0.3,789.943,0,0,1
0,914,0.9,0.1,0.4,789.943,0,0,1
0,915,0.9,0.1,0.5,789.943,0,0,1
0,916,0.9,0.1,0.6,789.943,0,0,1
0,917,0.9,0.1,0.7,789.943,0,0,1
0,918,0.9,0.1,0.8,787.885,0,0,1
0,919,0.9,0.1,0.9,622.9,0,0,1
0,920,0.9,0.2,-7.44333e-09,624.841,0,0,1
0,921,0.9,0.2,0.1,789.943,0,0,1
0,922,0.9,0.2,0.2,792.001,0,0,1
0,923,0.9,0.2,0.3,792.001,0,0,1
0,924,0.9,0.2,0.4,792.001,0,0,1
0,925,0.9,0.2,0.5,792.001,0,0,1
0,926,0.9,0.2,0.6,792.001,0,0,1
0,927,0.9,0.2,0.7,792.001,0,0,1
0,928,0.9,0.2,0.8,789.943,0,0,1
0,929,0.9,0.2,0.9,624.841,0,0,1
0,930,0.9,0.3,-7.43585e-09,624.841,0,0,1
0,931,0.9,0.3,0.1,789.943,0,0,1
0,932,0.9,0.3,0.2,792.001,0,0,1
0,933,0.9,0.3,0.3,792.001,0,0,1
0,934,0.9,0.3,0.4,792.001,0,0,1
0,935,0.9,0.3,0.5,792.001,0,0,1
0,936,0.9,0.3,0.6,792.001,0,0,1
0,937,0.9,0.3,0.7,792.001,0,0,1
0,938,0.9,0.3,0.8,789.943,0,0,1
0,939,0.9,0.3,0.9,624.841,0,0,1
0,940,0.9,0.4,-7.43581e-09,624.841,0,0,1
0,941,0.9,0.4,0.1,789.943,0,0,1
0,942,0.9,0.4,0.2,792.001,0,0,1
0,943,0.9,0.4,0.3,792.001,0,0,1
0,944,0.9,0.4,0.4,792.001,0,0,1
0,945,0.9,0.4,0.5,792.001,0,0,1
0,946,0.9,0.4,0.6,792.001,0,0,1
0,947,0.9,0.4,0.7,792.001,0,0,1
0,948,0.9,0.4,0.8,789.943,0,0,1
0,949,0.9,0.4,0.9,624.841,0,0,1
0,950,0.9,0.5,-7.43581e-09,624.841,0,0,1
0,951,0.9,0.5,0.1,789.943,0,0,1
0,952,0.9,0.5,0.2,792.001,0,0,1
0,953,0.9,0.5,0.3,792.001,0,0,1
0,954,0.9,0.5,0.4,792.001,0,0,1
0,955,0.9,0.5,0.5,792.001,0,0,1
0,956,0.9,0.5,0.6,792.001,0,0,1
0,957,0.9,0.5,0.7,792.001,0,0,1
0,958,0.9,0.5,0.8,789.943,0,0,1
0,959,0.9,0.5,0.9,624.841,0,0,1
0,960,0.9,0.6,-7.43585e-09,624.841,0,0,1
0,961,0.9,0.6,0.1,789.943,0,0,1
0,962,0.9,0.6,0.2,792.001,0,0,1
0,963,0.9,0.6,0.3,792.001,0,0,1
0,964,0.9,0.6,0.4,792.001,0,0,1
0,965,0.9,0.6,0.5,792.001,0,0,1
0,966,0.9,0.6,0.6,792.001,0,0,1
0,967,0.9,0.6,0.7,792.001,0,0,1
0,968,0.9,0.6,0.8,789.943,0,0,1
0,969,0.9,0.6,0.9,624.841,0,0,1
0,970,0.9,0.7,-7.44333e-09,624.841,0,0,1
0,971,0.9,0.7,0.1,789.943,0,0,1
0,972,0.9,0.7,0.2,792.001,0,0,1
0,973,0.9,0.7,0.3,792.001,0,0,1
0,974,0.9,0.7,0.4,792.001,0,0,1
0,975,0.9,0.7,0.5,792.001,0,0,1
0,976,0.9,0.7,0.6,792.001,0,0,1
0,977,0.9,0.7,0.7,792.001,0,0,1
0,978,0.9,0.7,0.8,789.943,0,0,1
0,979,0.9,0.7,0.9,624.841,0,0,1
0,980,0.9,0.8,-7.79247e-09,622.9,0,0,1
0,981,0.9,0.8,0.1,787.885,0,0,1
0,982,0.9,0.8,0.2,789.943,0,0,1
0,983,0.9,0.8,0.3,789.943,0,0,1
0,984,0.9,0.8,0.4,789.943,0,0,1
0,985,0.9,0.8,0.5,789.943,0,0,1
0,986,0.9,0.8,0.6,789.943,0,0,1
0,987,0.9,0.8,0.7,789.943,0,0,1
0,988,0.9,0.8,0.8,787.885,0,0,1
0,989,0.9,0.8,0.9,622.9,0,0,1
0,990,0.9,0.9,-9.11967e-09,491.388,0,0,1
0,991,0.9,0.9,0.1,622.9,0,0,1
0,992,0.9,0.9,0.2,624.841,0,0,1
0,993,0.9,0.9,0.3,624.841,0,0,1
0,994,0.9,0.9,0.4,624.841,0,0,1
0,995,0.9,0.9,0.5,624.841,0,0,1
0,996,0.9,0.9,0.6,624.841,0,0,1
0,997,0.9,0.9,0.7,624.841,0,0,1
0,998,0.9,0.9,0.8,622.9,0,0,1
0,999,0.9,0.9,0.9,491.388,0,0,1
0.01,0,-6.01978e-07,-6.01978e-07,-6.01978e-07,491.383,-1.01416e-06,-1.01416e-06,1.00001
0.01,1,-5.16634e-07,-5.16634e-07,0.1,622.897,6.39869e-07,6.39867e-07,1
0.01,2,-4.99964e-07,-4.99964e-07,0.2,624.842,8.61779e-07,8.61778e-07,0.999998
0.01,3,-5.0292e-07,-5.0292e-07,0.3,624.843,2.36146e-07,2.36146e-07,0.999996
0.01,4,-5.03699e-07,-5.03699e-07,0.4,624.844,1.01385e-08,1.01389e-08,0.999995
0.01,5,-5.03699e-07,-5.03699e-07,0.5,624.844,-1.01385e-08,-1.01389e-08,0.999995
0.01,6,-5.0292e-07,-5.0292e-07,0.6,624.843,-2.36146e-07,-2.36146e-07,0.999996
0.01,7,-4.99964e-07,-4.99964e-07,0.7,624.842,-8.61779e-07,-8.61778e-07,0.999998
0.01,8,-5.16634e-07,-5.16634e-07,0.8,622.897,-6.39869e-07,-6.39867e-07,1
0.01,9,-6.01978e-07,-6.01978e-07,0.900001,491.383,1.01416e-06,1.01416e-06,1.00001
0.01,10,-5.16634e-07,0.1,-5.16634e-07,622.897,5.52623e-07,1.58282e-06,1
0.01,11,-4.60822e-07,0.1,0.1,787.887,4.42287e-06,2.55592e-06,0.999996
0.01,12,-5.34773e-07,0.1,0.2,789.954,4.59642e-06,2.60275e-06,0.999985
0.01,13,-5.48351e-07,0.1,0.3,789.959,1.2434e-06,7.25014e-07,0.999978
0.01,14,-5.52767e-07,0.1,0.4,789.961,5.4257e-08,3.20337e-08,0.999977
0.01,15,-5.52767e-07,0.1,0.5,789.961,-5.4257e-08,-3.20337e-08,0.999977
0.01,16,-5.48351e-07,0.1,0.6,789.959,-1.2434e-06,-7.25014e-07,0.999978
0.01,17,-5.34773e-07,0.1,0.7,789.954,-4.59642e-06,-2.60275e-06,0.999985
0.01,18,-4.60822e-07,0.1,0.8,787.887,-4.42287e-06,-2.55592e-06,0.999996
0.01,19,-5.16634e-07,0.1,0.900001,622.897,-5.52623e-07,-1.58282e-06,1
0.01,20,-4.99964e-07,0.2,-4.99964e-07,624.842,3.029e-06,8.35445e-07,0.999999
0.01,21,-5.34773e-07,0.2,0.1,789.954,1.14619e-05,2.59133e-06,0.999986
0.01,22,-1.11121e-06,0.2,0.2,792.026,1.1607e-05,2.58767e-06,0.999966
0.01,23,-1.21148e-06,0.2,0.3,792.036,3.19569e-06,7.20673e-07,0.999953
0.01,24,-1.22444e-06,0.2,0.4,792.04,1.62682e-07,3.27697e-08,0.99995
0.01,25,-1.22444e-06,0.2,0.5,792.04,-1.62682e-07,-3.27697e-08,0.99995
0.01,26,-1.21148e-06,0.2,0.6,792.036,-3.19569e-06,-7.20673e-07,0.999953
0.01,27,-1.11121e-06,0.2,0.7,792.026,-1.1607e-05,-2.58767e-06,0.999966
0.01,28,-5.34773e-07,0.2,0.8,789.954,-1.14619e-05,-2.59133e-06,0.999986
0.01,29,-4.99964e-07,0.2,0.9,624.842,-3.029e-06,-8.35445e-07,0.999999
0.01,30,-5.0292e-07,0.3,-5.0292e-07,624.843,4.33705e-06,2.1869e-07,0.999998
0.01,31,-5.48351e-07,0.3,0.1,789.959,1.53785e-05,7.14644e-07,0.999981
0.01,32,-1.21148e-06,0.3,0.2,792.036,1.55122e-05,7.15736e-07,0.999952
0.01,33,-1.32148e-06,0.3,0.3,792.05,4.26245e-06,1.89373e-07,0.999934
0.01,34,-1.3395e-06,0.3,0.4,792.056,2.19396e-07,1.07602e-08,0.99993
0.01,35,-1.3395e-06,0.3,0.5,792.056,-2.19396e-07,-1.07602e-08,0.99993
0.01,36,-1.32148e-06,0.3,0.6,792.05,-4.26245e-06,-1.89373e-07,0.999934
0.01,37,-1.21148e-06,0.3,0.7,792.036,-1.55122e-05,-7.15736e-07,0.999952
0.01,38,-5.48351e-07,0.3,0.8,789.959,-1.53785e-05,-7.14644e-07,0.999981
0.01,39,-5.0292e-07,0.3,0.900001,624.843,-4.33705e-06,-2.1869e-07,0.999998
0.01,40,-5.03699e-07,0.4,-5.03699e-07,624.844,4.57103e-06,6.79788e-09,0.999998
0.01,41,-5.52767e-07,0.4,0.1,789.961,1.61036e-05,2.80479e-08,0.999979
0.01,42,-1.22444e-06,0.4,0.2,792.04,1.62437e-05,3.06617e-08,0.999947
0.01,43,-1.3395e-06,0.4,0.3,792.056,4.46925e-06,1.05278e-08,0.999927
0.01,44,-1.35908e-06,0.4,0.4,792.062,2.37244e-07,3.65167e-09,0.999923
0.01,45,-1.35908e-06,0.4,0.5,792.062,-2.37244e-07,-3.65167e-09,0.999923
0.01,46,-1.3395e-06,0.4,0.6,792.056,-4.46925e-06,-1.05278e-08,0.999927
0.01,47,-1.22444e-06,0.4,0.7,792.04,-1.62437e-05,-3.06617e-08,0.999947
0.01,48,-5.52767e-07,0.4,0.8,789.961,-1.61036e-05,-2.80479e-08,0.999979
0.01,49,-5.03699e-07,0.4,0.900001,624.844,-4.57103e-06,-6.79788e-09,0.999998
0.01,50,-5.03699e-07,0.5,-5.03699e-07,624.844,4.57103e-06,-6.79788e-09,0.999998
0.01,51,-5.52767e-07,0.5,0.1,789.961,1.61036e-05,-2.80479e-08,0.999979
0.01,52,-1.22444e-06,0.5,0.2,792.04,1.62437e-05,-3.06617e-08,0.999947
0.01,53,-1.3395e-06,0.5,0.3,792.056,4.46925e-06,-1.05278e-08,0.999927
0.01,54,-1.35908e-06,0.5,0.4,792.062,2.37244e-07,-3.65167e-09,0.999923
0.01,55,-1.35908e-06,0.5,0.5,792.062,-2.37244e-07,3.65167e-09,0.999923
0.01,56,-1.3395e-06,0.5,0.6,792.056,-4.46925e-06,1.05278e-08,0.999927
0.01,57,-1.22444e-06,0.5,0.7,792.04,-1.62437e-05,3.06617e-08,0.999947
0.01,58,-5.52767e-07,0.5,0.8,789.961,-1.61036e-05,2.80479e-08,0.999979
0.01,59,-5.03699e-07,0.5,0.900001,624.844,-4.57103e-06,6.79788e-09,0.999998
0.01,60,-5.0292e-07,0.6,-5.0292e-07,624.843,4.33705e-06,-2.1869e-07,0.999998
0.01,61,-5.48351e-07,0.6,0.1,789.959,1.53785e-05,-7.14644e-07,0.999981
0.01,62,-1.21148e-06,0.6,0.2,792.036,1.55122e-05,-7.15736e-07,0.999952
0.01,63,-1.32148e-06,0.6,0.3,792.05,4.26245e-06,-1.89373e-07,0.999934
0.01,64,-1.3395e-06,0.6,0.4,792.056,2.19396e-07,-1.07602e-08,0.99993
0.01,65,-1.3395e-06,0.6,0.5,792.056,-2.19396e-07,1.07602e-08,0.99993
0.01,66,-1.32148e-06,0.6,0.6,792.05,-4.26245e-06,1.89373e-07,0.999934
0.01,67,-1.21148e-06,0.6,0.7,792.036,-1.55122e-05,7.15736e-07,0.999952
0.01,68,-5.48351e-07,0.6,0.8,789.959,-1.53785e-05,7.14644e-07,0.999981
0.01,69,-5.0292e-07,0.6,0.900001,624.843,-4.33705e-06,2.1869e-07,0.999998
0.01,70,-4.99964e-07,0.7,-4.99964e-07,624.842,3.029e-06,-8.35445e-07,0.999999
0.01,71,-5.34773e-07,0.7,0.1,789.954,1.14619e-05,-2.59133e-06,0.999986
0.01,72,-1.11121e-06,0.7,0.2,792.026,1.1607e-05,-2.58767e-06,0.999966
0.01,73,-1.21148e-06,0.7,0.3,792.036,3.19569e-06,-7.20673e-07,0.999953
0.01,74,-1.22444e-06,0.7,0.4,792.04,1.62682e-07,-3.27697e-08,0.99995
0.01,75,-1.22444e-06,0.7,0.5,792.04,-1.62682e-07,3.27697e-08,0.99995
0.01,76,-1.21148e-06,0.7,0.6,792.036,-3.19569e-06,7.20673e-07,0.999953
0.01,77,-1.11121e-06,0.7,0.7,792.026,-1.1607e-05,2.58767e-06,0.999966
0.01,78,-5.34773e-07,0.7,0.8,789.954,-1.14619e-05,2.59133e-06,0.999986
0.01,79,-4.99964e-07,0.7,0.9,624.842,-3.029e-06,8.35445e-07,0.999999
0.01,80,-5.16634e-07,0.8,-5.16634e-07,622.897,5.52623e-07,-1.58282e-06,1
0.01,81,-4.60822e-07,0.8,0.1,787.887,4.42287e-06,-2.55592e-06,0.999996
0.01,82,-5.34773e-07,0.8,0.2,789.954,4.59642e-06,-2.60275e-06,0.999985
0.01,83,-5.48351e-07,0.8,0.3,789.959,1.2434e-06,-7.25014e-07,0.999978
0.01,84,-5.52767e-07,0.8,0.4,789.961,5.4257e-08,-3.20337e-08,0.999977
0.01,85,-5.52767e-07,0.8,0.5,789.961,-5.4257e-08,3.20337e-08,0.999977
0.01,86,-5.48351e-07,0.8,0.6,789.959,-1.2434e-06,7.25014e-07,0.999978
0.01,87,-5.34773e-07,0.8,0.7,789.954,-4.59642e-06,2.60275e-06,0.999985
0.01,88,-4.60822e-07,0.8,0.8,787.887,-4.42287e-06,2.55592e-06,0.999996
0.01,89,-5.16634e-07,0.8,0.900001,622.897,-5.52623e-07,1.58282e-06,1
0.01,90,-6.01978e-07,0.900001,-6.01978e-07,491.383,-1.01416e-06,1.01416e-06,1.00001
0.01,91,-5.16634e-07,0.900001,0.1,622.897,6.39869e-07,-6.39867e-07,1
0.01,92,-4.99964e-07,0.9,0.2,624.842,8.61779e-07,-8.61778e-07,0.999998
0.01,93,-5.0292e-07,0.900001,0.3,624.843,2.36146e-07,-2.36146e-07,0.999996
0.01,94,-5.03699e-07,0.900001,0.4,624.844,1.01385e-08,-1.01389e-08,0.999995
0.01,95,-5.03699e-07,0.900001,0.5,624.844,-1.01385e-08,1.01389e-08,0.999995
0.01,96,-5.0292e-07,0.900001,0.6,624.843,-2.36146e-07,2.36146e-07,0.999996
0.01,97,-4.99964e-07,0.9,0.7,624.842,-8.61779e-07,8.61778e-07,0.999998
0.01,98,-5.16634e-07,0.900001,0.8,622.897,-6.39869e-07,6.39867e-07,1
0.01,99,-6.01978e-07,0.900001,0.900001,491.383,1.01416e-06,-1.01416e-06,1.00001
0.01,100,0.1,-5.16635e-07,-5.16634e-07,622.897,1.58282e-06,5.52623e-07,1
0.01,101,0.1,-4.60823e-07,0.1,787.887,2.55592e-06,4.42286e-06,0.999996
0.01,102,0.1,-5.34772e-07,0.2,789.954,2.60275e-06,4.59642e-06,0.999985
0.01,103,0.1,-5.48351e-07,0.3,789.959,7.25014e-07,1.2434e-06,0.999978
0.01,104,0.1,-5.52767e-07,0.4,789.961,3.20332e-08,5.42579e-08,0.999977
0.01,105,0.1,-5.52767e-07,0.5,789.961,-3.20332e-08,-5.42579e-08,0.999977
0.01,106,0.1,-5.48351e-07,0.6,789.959,-7.25014e-07,-1.2434e-06,0.999978
0.01,107,0.1,-5.34772e-07,0.7,789.954,-2.60275e-06,-4.59642e-06,0.999985
0.01,108,0.1,-4.60823e-07,0.8,787.887,-2.55592e-06,-4.42286e-06,0.999996
0.01,109,0.1,-5.16635e-07,0.900001,622.897,-1.58282e-06,-5.52623e-07,1
0.01,110,0.1,0.1,-4.60823e-07,787.887,5.2578e-06,5.2578e-06,1
0.01,111,0.0999993,0.0999993,0.0999993,994.294,1.22437e-05,1.22437e-05,0.999993
0.01,112,0.0999972,0.0999972,0.199999,996.475,1.23736e-05,1.23736e-05,0.999979
0.01,113,0.0999965,0.0999965,0.3,996.483,3.65534e-06,3.65535e-06,0.999971
0.01,114,0.0999965,0.0999965,0.4,996.49,2.07779e-07,2.0778e-07,0.999969
0.01,115,0.0999965,0.0999965,0.5,996.49,-2.07779e-07,-2.0778e-07,0.999969
0.01,116,0.0999965,0.0999965,0.6,996.483,-3.65534e-06,-3.65535e-06,0.999971
0.01,117,0.0999972,0.0999972,0.700001,996.475,-1.23736e-05,-1.23736e-05,0.999979
0.01,118,0.0999993,0.0999993,0.800001,994.294,-1.22437e-05,-1.22437e-05,0.999993
0.01,119,0.1,0.1,0.9,787.887,-5.2578e-06,-5.2578e-06,1
0.01,120,0.1,0.2,-5.34774e-07,789.954,1.19293e-05,4.47304e-06,1
0.01,121,0.0999972,0.199999,0.0999972,996.475,2.98488e-05,1.22268e-05,0.999995
0.01,122,0.0999895,0.199997,0.199997,998.636,3.02796e-05,1.23315e-05,0.999985
0.01,123,0.0999868,0.199996,0.3,998.641,9.19253e-06,3.65565e-06,0.99998
0.01,124,0.0999867,0.199996,0.4,998.655,6.07739e-07,2.16166e-07,0.999978
0.01,125,0.0999867,0.199996,0.5,998.655,-6.07739e-07,-2.16166e-07,0.999978
0.01,126,0.0999868,0.199996,0.6,998.641,-9.19253e-06,-3.65565e-06,0.99998
0.01,127,0.0999895,0.199997,0.700003,998.636,-3.02796e-05,-1.23315e-05,0.999985
0.01,128,0.0999972,0.199999,0.800003,996.475,-2.98488e-05,-1.22268e-05,0.999995
0.01,129,0.1,0.2,0.900001,789.954,-1.19293e-05,-4.47304e-06,1
0.01,130,0.1,0.3,-5.48353e-07,789.959,1.5773e-05,1.17811e-06,0.999999
0.01,131,0.0999965,0.3,0.0999965,996.483,4.00282e-05,3.62605e-06,0.999991
0.01,132,0.0999868,0.3,0.199996,998.641,4.05765e-05,3.64044e-06,0.999977
0.01,133,0.0999833,0.3,0.3,998.648,1.23138e-05,1.00047e-06,0.999968
0.01,134,0.0999832,0.3,0.4,998.667,8.19474e-07,6.09126e-08,0.999966
0.01,135,0.0999832,0.3,0.5,998.667,-8.19474e-07,-6.09126e-08,0.999966
0.01,136,0.0999833,0.3,0.6,998.648,-1.23138e-05,-1.00047e-06,0.999968
0.01,137,0.0999868,0.3,0.700004,998.641,-4.05765e-05,-3.64044e-06,0.999977
0.01,138,0.0999965,0.3,0.800004,996.483,-4.00282e-05,-3.62605e-06,0.999991
0.01,139,0.1,0.3,0.900001,789.959,-1.5773e-05,-1.17811e-06,0.999999
0.01,140,0.1,0.4,-5.52769e-07,789.961,1.64758e-05,4.13762e-08,0.999998
0.01,141,0.0999965,0.4,0.0999965,996.49,4.20509e-05,1.96283e-07,0.999985
0.01,142,0.0999867,0.4,0.199996,998.655,4.26223e-05,2.11396e-07,0.999962
0.01,143,0.0999832,0.4,0.3,998.667,1.29354e-05,6.06475e-08,0.999948
0.01,144,0.099983,0.4,0.4,998.688,8.73377e-07,1.67806e-08,0.999945
0.01,145,0.099983,0.4,0.5,998.688,-8.73377e-07,-1.67806e-08,0.999945
0.01,146,0.0999832,0.4,0.6,998.667,-1.29354e-05,-6.06475e-08,0.999948
0.01,147,0.0999867,0.4,0.700004,998.655,-4.26223e-05,-2.11396e-07,0.999962
0.01,148,0.0999965,0.4,0.800004,996.49,-4.20509e-05,-1.96283e-07,0.999985
0.01,149,0.1,0.4,0.900001,789.961,-1.64758e-05,-4.13762e-08,0.999998
0.01,150,0.1,0.5,-5.52769e-07,789.961,1.64758e-05,-4.13762e-08,0.999998
0.01,151,0.0999965,0.5,0.0999965,996.49,4.20509e-05,-1.96283e-07,0.999985
0.01,152,0.0999867,0.5,0.199996,998.655,4.26223e-05,-2.11396e-07,0.999962
0.01,153,0.0999832,0.5,0.3,998.667,1.29354e-05,-6.06475e-08,0.999948
0.01,154,0.099983,0.5,0.4,998.688,8.73377e-07,-1.67806e-08,0.999945
0.01,155,0.099983,0.5,0.5,998.688,-8.73377e-07,1.67806e-08,0.999945
0.01,156,0.0999832,0.5,0.6,998.667,-1.29354e-05,6.06475e-08,0.999948
0.01,157,0.0999867,0.5,0.700004,998.655,-4.26223e-05,2.11396e-07,0.999962
0.01,158,0.0999965,0.5,0.800004,996.49,-4.20509e-05,1.96283e-07,0.999985
0.01,159,0.1,0.5,0.900001,789.961,-1.64758e-05,4.13762e-08,0.999998
0.01,160,0.1,0.6,-5.48353e-07,789.959,1.5773e-05,-1.17811e-06,0.999999
0.01,161,0.0999965,0.6,0.0999965,996.483,4.00282e-05,-3.62605e-06,0.999991
0.01,162,0.0999868,0.6,0.199996,998.641,4.05765e-05,-3.64044e-06,0.999977
0.01,163,0.0999833,0.6,0.3,998.648,1.23138e-05,-1.00047e-06,0.999968
0.01,164,0.0999832,0.6,0.4,998.667,8.19474e-07,-6.09126e-08,0.999966
0.01,165,0.0999832,0.6,0.5,998.667,-8.19474e-07,6.09126e-08,0.999966
0.01,166,0.0999833,0.6,0.6,998.648,-1.23138e-05,1.00047e-06,0.999968
0.01,167,0.0999868,0.6,0.700004,998.641,-4.05765e-05,3.64044e-06,0.999977
0.01,168,0.0999965,0.6,0.800004,996.483,-4.00282e-05,3.62605e-06,0.999991
0.01,169,0.1,0.6,0.900001,789.959,-1.5773e-05,1.17811e-06,0.999999
0.01,170,0.1,0.7,-5.34774e-07,789.954,1.19293e-05,-4.47304e-06,1
0.01,171,0.0999972,0.700001,0.0999972,996.475,2.98488e-05,-1.22268e-05,0.999995
0.01,172,0.0999895,0.700003,0.199997,998.636,3.02796e-05,-1.23315e-05,0.999985
0.01,173,0.0999868,0.700004,0.3,998.641,9.19253e-06,-3.65565e-06,0.99998
0.01,174,0.0999867,0.700004,0.4,998.655,6.07739e-07,-2.16166e-07,0.999978
0.01,175,0.0999867,0.700004,0.5,998.655,-6.07739e-07,2.16166e-07,0.999978
0.01,176,0.0999868,0.700004,0.6,998.641,-9.19253e-06,3.65565e-06,0.99998
0.01,177,0.0999895,0.700003,0.700003,998.636,-3.02796e-05,1.23315e-05,0.999985
0.01,178,0.0999972,0.700001,0.800003,996.475,-2.98488e-05,1.22268e-05,0.999995
0.01,179,0.1,0.7,0.900001,789.954,-1.19293e-05,4.47304e-06,1
0.01,180,0.1,0.8,-4.60823e-07,787.887,5.2578e-06,-5.2578e-06,1
0.01,181,0.0999993,0.800001,0.0999993,994.294,1.22437e-05,-1.22437e-05,0.999993
0.01,182,0.0999972,0.800003,0.199999,996.475,1.23736e-05,-1.23736e-05,0.999979
0.01,183,0.0999965,0.800004,0.3,996.483,3.65534e-06,-3.65535e-06,0.999971
0.01,184,0.0999965,0.800004,0.4,996.49,2.07779e-07,-2.0778e-07,0.999969
0.01,185,0.0999965,0.800004,0.5,996.49,-2.07779e-07,2.0778e-07,0.999969
0.01,186,0.0999965,0.800004,0.6,996.483,-3.65534e-06,3.65535e-06,0.999971
0.01,187,0.0999972,0.800003,0.700001,996.475,-1.23736e-05,1.23736e-05,0.999979
0.01,188,0.0999993,0.800001,0.800001,994.294,-1.22437e-05,1.22437e-05,0.999993
0.01,189,0.1,0.8,0.9,787.887,-5.2578e-06,5.2578e-06,1
0.01,190,0.1,0.900001,-5.16634e-07,622.897,1.58282e-06,-5.52623e-07,1
0.01,191,0.1,0.9,0.1,787.887,2.55592e-06,-4.42286e-06,0.999996
0.01,192,0.1,0.900001,0.2,789.954,2.60275e-06,-4.59642e-06,0.999985
0.01,193,0.1,0.900001,0.3,789.959,7.25014e-07,-1.2434e-06,0.999978
0.01,194,0.1,0.900001,0.4,789.961,3.20332e-08,-5.42579e-08,0.999977
0.01,195,0.1,0.900001,0.5,789.961,-3.20332e-08,5.42579e-08,0.999977
0.01,196,0.1,0.900001,0.6,789.959,-7.25014e-07,1.2434e-06,0.999978
0.01,197,0.1,0.900001,0.7,789.954,-2.60275e-06,4.59642e-06,0.999985
0.01,198,0.1,0.9,0.8,787.887,-2.55592e-06,4.42286e-06,0.999996
0.01,199,0.1,0.900001,0.900001,622.897,-1.58282e-06,5.52623e-07,1
0.01,200,0.2,-4.99965e-07,-4.99964e-07,624.842,8.35446e-07,3.02899e-06,0.999999
0.01,201,0.2,-5.34773e-07,0.1,789.954,2.59133e-06,1.14619e-05,0.999986
0.01,202,0.2,-1.1112e-06,0.2,792.026,2.58767e-06,1.1607e-05,0.999966
0.01,203,0.2,-1.21148e-06,0.3,792.036,7.20673e-07,3.19569e-06,0.999953
0.01,204,0.2,-1.22444e-06,0.4,792.04,3.27693e-08,1.62683e-07,0.99995
0.01,205,0.2,-1.22444e-06,0.5,792.04,-3.27693e-08,-1.62683e-07,0.99995
0.01,206,0.2,-1.21148e-06,0.6,792.036,-7.20673e-07,-3.19569e-06,0.999953
0.01,207,0.2,-1.1112e-06,0.7,792.026,-2.58767e-06,-1.1607e-05,0.999966
0.01,208,0.2,-5.34773e-07,0.8,789.954,-2.59133e-06,-1.14619e-05,0.999986
0.01,209,0.2,-4.99965e-07,0.9,624.842,-8.35446e-07,-3.02899e-06,0.999999
0.01,210,0.2,0.1,-5.34774e-07,789.954,4.47304e-06,1.19293e-05,1
0.01,211,0.199999,0.0999972,0.0999972,996.475,1.22268e-05,2.98488e-05,0.999995
0.01,212,0.199997,0.0999895,0.199997,998.636,1.23315e-05,3.02796e-05,0.999985
0.01,213,0.199996,0.0999868,0.3,998.641,3.65565e-06,9.19253e-06,0.99998
0.01,214,0.199996,0.0999867,0.4,998.655,2.16166e-07,6.07741e-07,0.999978
0.01,215,0.199996,0.0999867,0.5,998.655,-2.16166e-07,-6.07741e-07,0.999978
0.01,216,0.199996,0.0999868,0.6,998.641,-3.65565e-06,-9.19253e-06,0.99998
0.01,217,0.199997,0.0999895,0.700003,998.636,-1.23315e-05,-3.02796e-05,0.999985
0.01,218,0.199999,0.0999972,0.800003,996.475,-1.22268e-05,-2.98488e-05,0.999995
0.01,219,0.2,0.1,0.900001,789.954,-4.47304e-06,-1.19293e-05,1
0.01,220,0.2,0.2,-1.11121e-06,792.026,1.1183e-05,1.1183e-05,1.00001
0.01,221,0.199997,0.199997,0.0999895,998.636,2.97924e-05,2.97924e-05,1.00003
0.01,222,0.199989,0.199989,0.199989,1000.72,3.02526e-05,3.02526e-05,1.00006
0.01,223,0.199987,0.199987,0.299999,1000.69,9.23443e-06,9.23443e-06,1.00008
0.01,224,0.199987,0.199987,0.4,1000.72,6.40322e-07,6.40323e-07,1.00009
0.01,225,0.199987,0.199987,0.5,1000.72,-6.40322e-07,-6.40323e-07,1.00009
0.01,226,0.199987,0.199987,0.600001,1000.69,-9.23443e-06,-9.23443e-06,1.00008
0.01,227,0.199989,0.199989,0.700011,1000.72,-3.02526e-05,-3.02526e-05,1.00006
0.01,228,0.199997,0.199997,0.80001,998.636,-2.97924e-05,-2.97924e-05,1.00003
0.01,229,0.2,0.2,0.900001,792.026,-1.1183e-05,-1.1183e-05,1.00001
0.01,230,0.2,0.3,-1.21148e-06,792.036,1.50104e-05,3.05473e-06,1.00001
0.01,231,0.199996,0.3,0.0999868,998.641,3.99751e-05,9.148e-06,1.00003
0.01,232,0.199987,0.299999,0.199987,1000.69,4.05997e-05,9.2169e-06,1.00007
0.01,233,0.199983,0.299999,0.299999,1000.66,1.24086e-05,2.61396e-06,1.0001
0.01,234,0.199983,0.299999,0.4,1000.7,8.75165e-07,1.87518e-07,1.0001
0.01,235,0.199983,0.299999,0.5,1000.7,-8.75165e-07,-1.87518e-07,1.0001
0.01,236,0.199983,0.299999,0.600001,1000.66,-1.24086e-05,-2.61396e-06,1.0001
0.01,237,0.199987,0.299999,0.700013,1000.69,-4.05997e-05,-9.2169e-06,1.00007
0.01,238,0.199996,0.3,0.800013,998.641,-3.99751e-05,-9.148e-06,1.00003
0.01,239,0.2,0.3,0.900001,792.036,-1.50104e-05,-3.05473e-06,1.00001
0.01,240,0.2,0.4,-1.22444e-06,792.04,1.57119e-05,1.33842e-07,1
0.01,241,0.199996,0.4,0.0999867,998.655,4.202e-05,5.91698e-07,1.00002
0.01,242,0.199987,0.4,0.199987,1000.72,4.26881e-05,6.36385e-07,1.00005
0.01,243,0.199983,0.4,0.299999,1000.7,1.3063e-05,1.87312e-07,1.00006
0.01,244,0.199983,0.4,0.4,1000.74,9.4113e-07,4.67619e-08,1.00007
0.01,245,0.199983,0.4,0.5,1000.74,-9.4113e-07,-4.67619e-08,1.00007
0.01,246,0.199983,0.4,0.600001,1000.7,-1.3063e-05,-1.87312e-07,1.00006
0.01,247,0.199987,0.4,0.700013,1000.72,-4.26881e-05,-6.36385e-07,1.00005
0.01,248,0.199996,0.4,0.800013,998.655,-4.202e-05,-5.91698e-07,1.00002
0.01,249,0.2,0.4,0.900001,792.04,-1.57119e-05,-1.33842e-07,1
0.01,250,0.2,0.5,-1.22444e-06,792.04,1.57119e-05,-1.33842e-07,1
0.01,251,0.199996,0.5,0.0999867,998.655,4.202e-05,-5.91698e-07,1.00002
0.01,252,0.199987,0.5,0.199987,1000.72,4.26881e-05,-6.36385e-07,1.00005
0.01,253,0.199983,0.5,0.299999,1000.7,1.3063e-05,-1.87312e-07,1.00006
0.01,254,0.199983,0.5,0.4,1000.74,9.4113e-07,-4.67619e-08,1.00007
0.01,255,0.199983,0.5,0.5,1000.74,-9.4113e-07,4.67619e-08,1.00007
0.01,256,0.199983,0.5,0.600001,1000.7,-1.3063e-05,1.87312e-07,1.00006
0.01,257,0.199987,0.5,0.700013,1000.72,-4.26881e-05,6.36385e-07,1.00005
0.01,258,0.199996,0.5,0.800013,998.655,-4.202e-05,5.91698e-07,1.00002
0.01,259,0.2,0.5,0.900001,792.04,-1.57119e-05,1.33842e-07,1
0.01,260,0.2,0.6,-1.21148e-06,792.036,1.50104e-05,-3.05473e-06,1.00001
0.01,261,0.199996,0.6,0.0999868,998.641,3.99751e-05,-9.148e-06,1.00003
0.01,262,0.199987,0.600001,0.199987,1000.69,4.05997e-05,-9.2169e-06,1.00007
0.01,263,0.199983,0.600001,0.299999,1000.66,1.24086e-05,-2.61396e-06,1.0001
0.01,264,0.199983,0.600001,0.4,1000.7,8.75165e-07,-1.87518e-07,1.0001
0.01,265,0.199983,0.600001,0.5,1000.7,-8.75165e-07,1.87518e-07,1.0001
0.01,266,0.199983,0.600001,0.600001,1000.66,-1.24086e-05,2.61396e-06,1.0001
0.01,267,0.199987,0.600001,0.700013,1000.69,-4.05997e-05,9.2169e-06,1.00007
0.01,268,0.199996,0.6,0.800013,998.641,-3.99751e-05,9.148e-06,1.00003
0.01,269,0.2,0.6,0.900001,792.036,-1.50104e-05,3.05473e-06,1.00001
0.01,270,0.2,0.7,-1.11121e-06,792.026,1.1183e-05,-1.1183e-05,1.00001
0.01,271,0.199997,0.700003,0.0999895,998.636,2.97924e-05,-2.97924e-05,1.00003
0.01,272,0.199989,0.700011,0.199989,1000.72,3.02526e-05,-3.02526e-05,1.00006
0.01,273,0.199987,0.700013,0.299999,1000.69,9.23443e-06,-9.23443e-06,1.00008
0.01,274,0.199987,0.700013,0.4,1000.72,6.40322e-07,-6.40323e-07,1.00009
0.01,275,0.199987,0.700013,0.5,1000.72,-6.40322e-07,6.40323e-07,1.00009
0.01,276,0.199987,0.700013,0.600001,1000.69,-9.23443e-06,9.23443e-06,1.00008
0.01,277,0.199989,0.700011,0.700011,1000.72,-3.02526e-05,3.02526e-05,1.00006
0.01,278,0.199997,0.700003,0.80001,998.636,-2.97924e-05,2.97924e-05,1.00003
0.01,279,0.2,0.7,0.900001,792.026,-1.1183e-05,1.1183e-05,1.00001
0.01,280,0.2,0.8,-5.34774e-07,789.954,4.47304e-06,-1.19293e-05,1
0.01,281,0.199999,0.800003,0.0999972,996.475,1.22268e-05,-2.98488e-05,0.999995
0.01,282,0.199997,0.80001,0.199997,998.636,1.23315e-05,-3.02796e-05,0.999985
0.01,283,0.199996,0.800013,0.3,998.641,3.65565e-06,-9.19253e-06,0.99998
0.01,284,0.199996,0.800013,0.4,998.655,2.16166e-07,-6.07741e-07,0.999978
0.01,285,0.199996,0.800013,0.5,998.655,-2.16166e-07,6.07741e-07,0.999978
0.01,286,0.199996,0.800013,0.6,998.641,-3.65565e-06,9.19253e-06,0.99998
0.01,287,0.199997,0.80001,0.700003,998.636,-1.23315e-05,3.02796e-05,0.999985
0.01,288,0.199999,0.800003,0.800003,996.475,-1.22268e-05,2.98488e-05,0.999995
0.01,289,0.2,0.8,0.900001,789.954,-4.47304e-06,1.19293e-05,1
0.01,290,0.2,0.9,-4.99964e-07,624.842,8.35446e-07,-3.02899e-06,0.999999
0.01,291,0.2,0.900001,0.1,789.954,2.59133e-06,-1.14619e-05,0.999986
0.01,292,0.2,0.900001,0.2,792.026,2.58767e-06,-1.1607e-05,0.999966
0.01,293,0.2,0.900001,0.3,792.036,7.20673e-07,-3.19569e-06,0.999953
0.01,294,0.2,0.900001,0.4,792.04,3.27693e-08,-1.62683e-07,0.99995
0.01,295,0.2,0.900001,0.5,792.04,-3.27693e-08,1.62683e-07,0.99995
0.01,296,0.2,0.900001,0.6,792.036,-7.20673e-07,3.19569e-06,0.999953
0.01,297,0.2,0.900001,0.7,792.026,-2.58767e-06,1.1607e-05,0.999966
0.01,298,0.2,0.900001,0.8,789.954,-2.59133e-06,1.14619e-05,0.999986
0.01,299,0.2,0.9,0.9,624.842,-8.35446e-07,3.02899e-06,0.999999
0.01,300,0.3,-5.02921e-07,-5.0292e-07,624.843,2.1869e-07,4.33704e-06,0.999998
0.01,301,0.3,-5.48352e-07,0.1,789.959,7.14645e-07,1.53785e-05,0.999981
0.01,302,0.3,-1.21148e-06,0.2,792.036,7.15737e-07,1.55122e-05,0.999952
0.01,303,0.3,-1.32148e-06,0.3,792.05,1.89373e-07,4.26245e-06,0.999934
0.01,304,0.3,-1.3395e-06,0.4,792.056,1.076e-08,2.19398e-07,0.99993
0.01,305,0.3,-1.3395e-06,0.5,792.056,-1.076e-08,-2.19398e-07,0.99993
0.01,306,0.3,-1.32148e-06,0.6,792.05,-1.89373e-07,-4.26245e-06,0.999934
0.01,307,0.3,-1.21148e-06,0.7,792.036,-7.15737e-07,-1.55122e-05,0.999952
0.01,308,0.3,-5.48352e-07,0.8,789.959,-7.14645e-07,-1.53785e-05,0.999981
0.01,309,0.3,-5.02921e-07,0.900001,624.843,-2.1869e-07,-4.33704e-06,0.999998
0.01,310,0.3,0.1,-5.48353e-07,789.959,1.17811e-06,1.5773e-05,0.999999
0.01,311,0.3,0.0999965,0.0999965,996.483,3.62605e-06,4.00282e-05,0.999991
0.01,312,0.3,0.0999868,0.199996,998.641,3.64045e-06,4.05765e-05,0.999977
0.01,313,0.3,0.0999833,0.3,998.648,1.00047e-06,1.23138e-05,0.999968
0.01,314,0.3,0.0999832,0.4,998.667,6.09121e-08,8.19476e-07,0.999966
0.01,315,0.3,0.0999832,0.5,998.667,-6.09121e-08,-8.19476e-07,0.999966
0.01,316,0.3,0.0999833,0.6,998.648,-1.00047e-06,-1.23138e-05,0.999968
0.01,317,0.3,0.0999868,0.700004,998.641,-3.64045e-06,-4.05765e-05,0.999977
0.01,318,0.3,0.0999965,0.800004,996.483,-3.62605e-06,-4.00282e-05,0.999991
0.01,319,0.3,0.1,0.900001,789.959,-1.17811e-06,-1.5773e-05,0.999999
0.01,320,0.3,0.2,-1.21148e-06,792.036,3.05473e-06,1.50104e-05,1.00001
0.01,321,0.3,0.199996,0.0999868,998.641,9.14801e-06,3.9975e-05,1.00003
0.01,322,0.299999,0.199987,0.199987,1000.69,9.2169e-06,4.05997e-05,1.00007
0.01,323,0.299999,0.199983,0.299999,1000.66,2.61396e-06,1.24086e-05,1.0001
0.01,324,0.299999,0.199983,0.4,1000.7,1.87517e-07,8.75167e-07,1.0001
0.01,325,0.299999,0.199983,0.5,1000.7,-1.87517e-07,-8.75167e-07,1.0001
0.01,326,0.299999,0.199983,0.600001,1000.66,-2.61396e-06,-1.24086e-05,1.0001
0.01,327,0.299999,0.199987,0.700013,1000.69,-9.2169e-06,-4.05997e-05,1.00007
0.01,328,0.3,0.199996,0.800013,998.641,-9.14801e-06,-3.9975e-05,1.00003
0.01,329,0.3,0.2,0.900001,792.036,-3.05473e-06,-1.50104e-05,1.00001
0.01,330,0.3,0.3,-1.32149e-06,792.05,4.07204e-06,4.07204e-06,1.00001
0.01,331,0.3,0.3,0.0999833,998.648,1.2264e-05,1.2264e-05,1.00004
0.01,332,0.299999,0.299999,0.199983,1000.66,1.23848e-05,1.23848e-05,1.00009
0.01,333,0.299999,0.299999,0.299999,1000.63,3.54138e-06,3.54138e-06,1.00012
0.01,334,0.299999,0.299999,0.4,1000.68,2.70963e-07,2.70965e-07,1.00013
0.01,335,0.299999,0.299999,0.5,1000.68,-2.70963e-07,-2.70965e-07,1.00013
0.01,336,0.299999,0.299999,0.600001,1000.63,-3.54138e-06,-3.54138e-06,1.00012
0.01,337,0.299999,0.299999,0.700017,1000.66,-1.23848e-05,-1.23848e-05,1.00009
0.01,338,0.3,0.3,0.800017,998.648,-1.2264e-05,-1.2264e-05,1.00004
0.01,339,0.3,0.3,0.900001,792.05,-4.07204e-06,-4.07204e-06,1.00001
0.01,340,0.3,0.4,-1.3395e-06,792.056,4.2619e-06,1.80048e-07,1
0.01,341,0.3,0.4,0.0999832,998.667,1.288e-05,7.99794e-07,1.00002
0.01,342,0.299999,0.4,0.199983,1000.7,1.30367e-05,8.71341e-07,1.00005
0.01,343,0.299999,0.4,0.299999,1000.68,3.76007e-06,2.70992e-07,1.00007
0.01,344,0.299999,0.4,0.4,1000.73,3.05733e-07,7.12925e-08,1.00007
0.01,345,0.299999,0.4,0.5,1000.73,-3.05733e-07,-7.12925e-08,1.00007
0.01,346,0.299999,0.4,0.600001,1000.68,-3.76007e-06,-2.70992e-07,1.00007
0.01,347,0.299999,0.4,0.700017,1000.7,-1.30367e-05,-8.71341e-07,1.00005
0.01,348,0.3,0.4,0.800017,998.667,-1.288e-05,-7.99794e-07,1.00002
0.01,349,0.3,0.4,0.900001,792.056,-4.2619e-06,-1.80048e-07,1
0.01,350,0.3,0.5,-1.3395e-06,792.056,4.2619e-06,-1.80048e-07,1
0.01,351,0.3,0.5,0.0999832,998.667,1.288e-05,-7.99794e-07,1.00002
0.01,352,0.299999,0.5,0.199983,1000.7,1.30367e-05,-8.71341e-07,1.00005
0.01,353,0.299999,0.5,0.299999,1000.68,3.76007e-06,-2.70992e-07,1.00007
0.01,354,0.299999,0.5,0.4,1000.73,3.05733e-07,-7.12925e-08,1.00007
0.01,355,0.299999,0.5,0.5,1000.73,-3.05733e-07,7.12925e-08,1.00007
0.01,356,0.299999,0.5,0.600001,1000.68,-3.76007e-06,2.70992e-07,1.00007
0.01,357,0.299999,0.5,0.700017,1000.7,-1.30367e-05,8.71341e-07,1.00005
0.01,358,0.3,0.5,0.800017,998.667,-1.288e-05,7.99794e-07,1.00002
0.01,359,0.3,0.5,0.900001,792.056,-4.2619e-06,1.80048e-07,1
0.01,360,0.3,0.6,-1.32149e-06,792.05,4.07204e-06,-4.07204e-06,1.00001
0.01,361,0.3,0.6,0.0999833,998.648,1.2264e-05,-1.2264e-05,1.00004
0.01,362,0.299999,0.600001,0.199983,1000.66,1.23848e-05,-1.23848e-05,1.00009
0.01,363,0.299999,0.600001,0.299999,1000.63,3.54138e-06,-3.54138e-06,1.00012
0.01,364,0.299999,0.600001,0.4,1000.68,2.70963e-07,-2.70965e-07,1.00013
0.01,365,0.299999,0.600001,0.5,1000.68,-2.70963e-07,2.70965e-07,1.00013
0.01,366,0.299999,0.600001,0.600001,1000.63,-3.54138e-06,3.54138e-06,1.00012
0.01,367,0.299999,0.600001,0.700017,1000.66,-1.23848e-05,1.23848e-05,1.00009
0.01,368,0.3,0.6,0.800017,998.648,-1.2264e-05,1.2264e-05,1.00004
0.01,369,0.3,0.6,0.900001,792.05,-4.07204e-06,4.07204e-06,1.00001
0.01,370,0.3,0.7,-1.21148e-06,792.036,3.05473e-06,-1.50104e-05,1.00001
0.01,371,0.3,0.700004,0.0999868,998.641,9.14801e-06,-3.9975e-05,1.00003
0.01,372,0.299999,0.700013,0.199987,1000.69,9.2169e-06,-4.05997e-05,1.00007
0.01,373,0.299999,0.700017,0.299999,1000.66,2.61396e-06,-1.24086e-05,1.0001
0.01,374,0.299999,0.700017,0.4,1000.7,1.87517e-07,-8.75167e-07,1.0001
0.01,375,0.299999,0.700017,0.5,1000.7,-1.87517e-07,8.75167e-07,1.0001
0.01,376,0.299999,0.700017,0.600001,1000.66,-2.61396e-06,1.24086e-05,1.0001
0.01,377,0.299999,0.700013,0.700013,1000.69,-9.2169e-06,4.05997e-05,1.00007
0.01,378,0.3,0.700004,0.800013,998.641,-9.14801e-06,3.9975e-05,1.00003
0.01,379,0.3,0.7,0.900001,792.036,-3.05473e-06,1.50104e-05,1.00001
0.01,380,0.3,0.8,-5.48353e-07,789.959,1.17811e-06,-1.5773e-05,0.999999
0.01,381,0.3,0.800004,0.0999965,996.483,3.62605e-06,-4.00282e-05,0.999991
0.01,382,0.3,0.800013,0.199996,998.641,3.64045e-06,-4.05765e-05,0.999977
0.01,383,0.3,0.800017,0.3,998.648,1.00047e-06,-1.23138e-05,0.999968
0.01,384,0.3,0.800017,0.4,998.667,6.09121e-08,-8.19476e-07,0.999966
0.01,385,0.3,0.800017,0.5,998.667,-6.09121e-08,8.19476e-07,0.999966
0.01,386,0.3,0.800017,0.6,998.648,-1.00047e-06,1.23138e-05,0.999968
0.01,387,0.3,0.800013,0.700004,998.641,-3.64045e-06,4.05765e-05,0.999977
0.01,388,0.3,0.800004,0.800004,996.483,-3.62605e-06,4.00282e-05,0.999991
0.01,389,0.3,0.8,0.900001,789.959,-1.17811e-06,1.5773e-05,0.999999
0.01,390,0.3,0.900001,-5.0292e-07,624.843,2.1869e-07,-4.33704e-06,0.999998
0.01,391,0.3,0.900001,0.1,789.959,7.14645e-07,-1.53785e-05,0.999981
0.01,392,0.3,0.900001,0.2,792.036,7.15737e-07,-1.55122e-05,0.999952
0.01,393,0.3,0.900001,0.3,792.05,1.89373e-07,-4.26245e-06,0.999934
0.01,394,0.3,0.900001,0.4,792.056,1.076e-08,-2.19398e-07,0.99993
0.01,395,0.3,0.900001,0.5,792.056,-1.076e-08,2.19398e-07,0.99993
0.01,396,0.3,0.900001,0.6,792.05,-1.89373e-07,4.26245e-06,0.999934
0.01,397,0.3,0.900001,0.7,792.036,-7.15737e-07,1.55122e-05,0.999952
0.01,398,0.3,0.900001,0.8,789.959,-7.14645e-07,1.53785e-05,0.999981
0.01,399,0.3,0.900001,0.900001,624.843,-2.1869e-07,4.33704e-06,0.999998
0.01,400,0.4,-5.037e-07,-5.03699e-07,624.844,6.79787e-09,4.57103e-06,0.999998
0.01,401,0.4,-5.52768e-07,0.1,789.961,2.80481e-08,1.61036e-05,0.999979
0.01,402,0.4,-1.22444e-06,0.2,792.04,3.06619e-08,1.62436e-05,0.999947
0.01,403,0.4,-1.3395e-06,0.3,792.056,1.05278e-08,4.46926e-06,0.999927
0.01,404,0.4,-1.35908e-06,0.4,792.062,3.6516e-09,2.37246e-07,0.999923
0.01,405,0.4,-1.35908e-06,0.5,792.062,-3.6516e-09,-2.37246e-07,0.999923
0.01,406,0.4,-1.3395e-06,0.6,792.056,-1.05278e-08,-4.46926e-06,0.999927
0.01,407,0.4,-1.22444e-06,0.7,792.04,-3.06619e-08,-1.62436e-05,0.999947
0.01,408,0.4,-5.52768e-07,0.8,789.961,-2.80481e-08,-1.61036e-05,0.999979
0.01,409,0.4,-5.037e-07,0.900001,624.844,-6.79787e-09,-4.57103e-06,0.999998
0.01,410,0.4,0.1,-5.52769e-07,789.961,4.13763e-08,1.64758e-05,0.999998
0.01,411,0.4,0.0999965,0.0999965,996.49,1.96284e-07,4.20509e-05,0.999985
0.01,412,0.4,0.0999867,0.199996,998.655,2.11396e-07,4.26223e-05,0.999962
0.01,413,0.4,0.0999832,0.3,998.667,6.06474e-08,1.29354e-05,0.999948
0.01,414,0.4,0.099983,0.4,998.688,1.67804e-08,8.7338e-07,0.999945
0.01,415,0.4,0.099983,0.5,998.688,-1.67804e-08,-8.7338e-07,0.999945
0.01,416,0.4,0.0999832,0.6,998.667,-6.06474e-08,-1.29354e-05,0.999948
0.01,417,0.4,0.0999867,0.700004,998.655,-2.11396e-07,-4.26223e-05,0.999962
0.01,418,0.4,0.0999965,0.800004,996.49,-1.96284e-07,-4.20509e-05,0.999985
0.01,419,0.4,0.1,0.900001,789.961,-4.13763e-08,-1.64758e-05,0.999998
0.01,420,0.4,0.2,-1.22444e-06,792.04,1.33842e-07,1.57119e-05,1
0.01,421,0.4,0.199996,0.0999867,998.655,5.91699e-07,4.202e-05,1.00002
0.01,422,0.4,0.199987,0.199987,1000.72,6.36386e-07,4.26881e-05,1.00005
0.01,423,0.4,0.199983,0.299999,1000.7,1.87311e-07,1.3063e-05,1.00006
0.01,424,0.4,0.199983,0.4,1000.74,4.67616e-08,9.41133e-07,1.00007
0.01,425,0.4,0.199983,0.5,1000.74,-4.67616e-08,-9.41133e-07,1.00007
0.01,426,0.4,0.199983,0.600001,1000.7,-1.87311e-07,-1.3063e-05,1.00006
0.01,427,0.4,0.199987,0.700013,1000.72,-6.36386e-07,-4.26881e-05,1.00005
0.01,428,0.4,0.199996,0.800013,998.655,-5.91699e-07,-4.202e-05,1.00002
0.01,429,0.4,0.2,0.900001,792.04,-1.33842e-07,-1.57119e-05,1
0.01,430,0.4,0.3,-1.3395e-06,792.056,1.80049e-07,4.26189e-06,1
0.01,431,0.4,0.3,0.0999832,998.667,7.99796e-07,1.288e-05,1.00002
0.01,432,0.4,0.299999,0.199983,1000.7,8.71342e-07,1.30367e-05,1.00005
0.01,433,0.4,0.299999,0.299999,1000.68,2.70992e-07,3.76007e-06,1.00007
0.01,434,0.4,0.299999,0.4,1000.73,7.12922e-08,3.05734e-07,1.00007
0.01,435,0.4,0.299999,0.5,1000.73,-7.12922e-08,-3.05734e-07,1.00007
0.01,436,0.4,0.299999,0.600001,1000.68,-2.70992e-07,-3.76007e-06,1.00007
0.01,437,0.4,0.299999,0.700017,1000.7,-8.71342e-07,-1.30367e-05,1.00005
0.01,438,0.4,0.3,0.800017,998.667,-7.99796e-07,-1.288e-05,1.00002
0.01,439,0.4,0.3,0.900001,792.056,-1.80049e-07,-4.26189e-06,1
0.01,440,0.4,0.4,-1.35909e-06,792.062,1.94197e-07,1.94196e-07,1
0.01,441,0.4,0.4,0.099983,998.688,8.51769e-07,8.51768e-07,1
0.01,442,0.4,0.4,0.199983,1000.74,9.3726e-07,9.3726e-07,1.00001
0.01,443,0.4,0.4,0.299999,1000.73,3.05906e-07,3.05907e-07,1.00001
0.01,444,0.4,0.4,0.4,1000.79,8.28759e-08,8.28763e-08,1.00001
0.01,445,0.4,0.4,0.5,1000.79,-8.28759e-08,-8.28763e-08,1.00001
0.01,446,0.4,0.4,0.600001,1000.73,-3.05906e-07,-3.05907e-07,1.00001
0.01,447,0.4,0.4,0.700017,1000.74,-9.3726e-07,-9.3726e-07,1.00001
0.01,448,0.4,0.4,0.800017,998.688,-8.51769e-07,-8.51768e-07,1
0.01,449,0.4,0.4,0.900001,792.062,-1.94197e-07,-1.94196e-07,1
0.01,450,0.4,0.5,-1.35909e-06,792.062,1.94197e-07,-1.94196e-07,1
0.01,451,0.4,0.5,0.099983,998.688,8.51769e-07,-8.51768e-07,1
0.01,452,0.4,0.5,0.199983,1000.74,9.3726e-07,-9.3726e-07,1.00001
0.01,453,0.4,0.5,0.299999,1000.73,3.05906e-07,-3.05907e-07,1.00001
0.01,454,0.4,0.5,0.4,1000.79,8.28759e-08,-8.28763e-08,1.00001
0.01,455,0.4,0.5,0.5,1000.79,-8.28759e-08,8.28763e-08,1.00001
0.01,456,0.4,0.5,0.600001,1000.73,-3.05906e-07,3.05907e-07,1.00001
0.01,457,0.4,0.5,0.700017,1000.74,-9.3726e-07,9.3726e-07,1.00001
0.01,458,0.4,0.5,0.800017,998.688,-8.51769e-07,8.51768e-07,1
0.01,459,0.4,0.5,0.900001,792.062,-1.94197e-07,1.94196e-07,1
0.01,460,0.4,0.6,-1.3395e-06,792.056,1.80049e-07,-4.26189e-06,1
0.01,461,0.4,0.6,0.0999832,998.667,7.99796e-07,-1.288e-05,1.00002
0.01,462,0.4,0.600001,0.199983,1000.7,8.71342e-07,-1.30367e-05,1.00005
0.01,463,0.4,0.600001,0.299999,1000.68,2.70992e-07,-3.76007e-06,1.00007
0.01,464,0.4,0.600001,0.4,1000.73,7.12922e-08,-3.05734e-07,1.00007
0.01,465,0.4,0.600001,0.5,1000.73,-7.12922e-08,3.05734e-07,1.00007
0.01,466,0.4,0.600001,0.600001,1000.68,-2.70992e-07,3.76007e-06,1.00007
0.01,467,0.4,0.600001,0.700017,1000.7,-8.71342e-07,1.30367e-05,1.00005
0.01,468,0.4,0.6,0.800017,998.667,-7.99796e-07,1.288e-05,1.00002
0.01,469,0.4,0.6,0.900001,792.056,-1.80049e-07,4.26189e-06,1
0.01,470,0.4,0.7,-1.22444e-06,792.04,1.33842e-07,-1.57119e-05,1
0.01,471,0.4,0.700004,0.0999867,998.655,5.91699e-07,-4.202e-05,1.00002
0.01,472,0.4,0.700013,0.199987,1000.72,6.36386e-07,-4.26881e-05,1.00005
0.01,473,0.4,0.700017,0.299999,1000.7,1.87311e-07,-1.3063e-05,1.00006
0.01,474,0.4,0.700017,0.4,1000.74,4.67616e-08,-9.41133e-07,1.00007
0.01,475,0.4,0.700017,0.5,1000.74,-4.67616e-08,9.41133e-07,1.00007
0.01,476,0.4,0.700017,0.600001,1000.7,-1.87311e-07,1.3063e-05,1.00006
0.01,477,0.4,0.700013,0.700013,1000.72,-6.36386e-07,4.26881e-05,1.00005
0.01,478,0.4,0.700004,0.800013,998.655,-5.91699e-07,4.202e-05,1.00002
0.01,479,0.4,0.7,0.900001,792.04,-1.33842e-07,1.57119e-05,1
0.01,480,0.4,0.8,-5.52769e-07,789.961,4.13763e-08,-1.64758e-05,0.999998
0.01,481,0.4,0.800004,0.0999965,996.49,1.96284e-07,-4.20509e-05,0.999985
0.01,482,0.4,0.800013,0.199996,998.655,2.11396e-07,-4.26223e-05,0.999962
0.01,483,0.4,0.800017,0.3,998.667,6.06474e-08,-1.29354e-05,0.999948
0.01,484,0.4,0.800017,0.4,998.688,1.67804e-08,-8.7338e-07,0.999945
0.01,485,0.4,0.800017,0.5,998.688,-1.67804e-08,8.7338e-07,0.999945
0.01,486,0.4,0.800017,0.6,998.667,-6.06474e-08,1.29354e-05,0.999948
0.01,487,0.4,0.800013,0.700004,998.655,-2.11396e-07,4.26223e-05,0.999962
0.01,488,0.4,0.800004,0.800004,996.49,-1.96284e-07,4.20509e-05,0.999985
0.01,489,0.4,0.8,0.900001,789.961,-4.13763e-08,1.64758e-05,0.999998
0.01,490,0.4,0.900001,-5.03699e-07,624.844,6.79787e-09,-4.57103e-06,0.999998
0.01,491,0.4,0.900001,0.1,789.961,2.80481e-08,-1.61036e-05,0.999979
0.01,492,0.4,0.900001,0.2,792.04,3.06619e-08,-1.62436e-05,0.999947
0.01,493,0.4,0.900001,0.3,792.056,1.05278e-08,-4.46926e-06,0.999927
0.01,494,0.4,0.900001,0.4,792.062,3.6516e-09,-2.37246e-07,0.999923
0.01,495,0.4,0.900001,0.5,792.062,-3.6516e-09,2.37246e-07,0.999923
0.01,496,0.4,0.900001,0.6,792.056,-1.05278e-08,4.46926e-06,0.999927
0.01,497,0.4,0.900001,0.7,792.04,-3.06619e-08,1.62436e-05,0.999947
0.01,498,0.4,0.900001,0.8,789.961,-2.80481e-08,1.61036e-05,0.999979
0.01,499,0.4,0.900001,0.900001,624.844,-6.79787e-09,4.57103e-06,0.999998
0.01,500,0.5,-5.037e-07,-5.03699e-07,624.844,-6.79787e-09,4.57103e-06,0.999998
0.01,501,0.5,-5.52768e-07,0.1,789.961,-2.80481e-08,1.61036e-05,0.999979
0.01,502,0.5,-1.22444e-06,0.2,792.04,-3.06619e-08,1.62436e-05,0.999947
0.01,503,0.5,-1.3395e-06,0.3,792.056,-1.05278e-08,4.46926e-06,0.999927
0.01,504,0.5,-1.35908e-06,0.4,792.062,-3.6516e-09,2.37246e-07,0.999923
0.01,505,0.5,-1.35908e-06,0.5,792.062,3.6516e-09,-2.37246e-07,0.999923
0.01,506,0.5,-1.3395e-06,0.6,792.056,1.05278e-08,-4.46926e-06,0.999927
0.01,507,0.5,-1.22444e-06,0.7,792.04,3.06619e-08,-1.62436e-05,0.999947
0.01,508,0.5,-5.52768e-07,0.8,789.961,2.80481e-08,-1.61036e-05,0.999979
0.01,509,0.5,-5.037e-07,0.900001,624.844,6.79787e-09,-4.57103e-06,0.999998
0.01,510,0.5,0.1,-5.52769e-07,789.961,-4.13763e-08,1.64758e-05,0.999998
0.01,511,0.5,0.0999965,0.0999965,996.49,-1.96284e-07,4.20509e-05,0.999985
0.01,512,0.5,0.0999867,0.199996,998.655,-2.11396e-07,4.26223e-05,0.999962
0.01,513,0.5,0.0999832,0.3,998.667,-6.06474e-08,1.29354e-05,0.999948
0.01,514,0.5,0.099983,0.4,998.688,-1.67804e-08,8.7338e-07,0.999945
0.01,515,0.5,0.099983,0.5,998.688,1.67804e-08,-8.7338e-07,0.999945
0.01,516,0.5,0.0999832,0.6,998.667,6.06474e-08,-1.29354e-05,0.999948
0.01,517,0.5,0.0999867,0.700004,998.655,2.11396e-07,-4.26223e-05,0.999962
0.01,518,0.5,0.0999965,0.800004,996.49,1.96284e-07,-4.20509e-05,0.999985
0.01,519,0.5,0.1,0.900001,789.961,4.13763e-08,-1.64758e-05,0.999998
0.01,520,0.5,0.2,-1.22444e-06,792.04,-1.33842e-07,1.57119e-05,1
0.01,521,0.5,0.199996,0.0999867,998.655,-5.91699e-07,4.202e-05,1.00002
0.01,522,0.5,0.199987,0.199987,1000.72,-6.36386e-07,4.26881e-05,1.00005
0.01,523,0.5,0.199983,0.299999,1000.7,-1.87311e-07,1.3063e-05,1.00006
0.01,524,0.5,0.199983,0.4,1000.74,-4.67616e-08,9.41133e-07,1.00007
0.01,525,0.5,0.199983,0.5,1000.74,4.67616e-08,-9.41133e-07,1.00007
0.01,526,0.5,0.199983,0.600001,1000.7,1.87311e-07,-1.3063e-05,1.00006
0.01,527,0.5,0.199987,0.700013,1000.72,6.36386e-07,-4.26881e-05,1.00005
0.01,528,0.5,0.199996,0.800013,998.655,5.91699e-07,-4.202e-05,1.00002
0.01,529,0.5,0.2,0.900001,792.04,1.33842e-07,-1.57119e-05,1
0.01,530,0.5,0.3,-1.3395e-06,792.056,-1.80049e-07,4.26189e-06,1
0.01,531,0.5,0.3,0.0999832,998.667,-7.99796e-07,1.288e-05,1.00002
0.01,532,0.5,0.299999,0.199983,1000.7,-8.71342e-07,1.30367e-05,1.00005
0.01,533,0.5,0.299999,0.299999,1000.68,-2.70992e-07,3.76007e-06,1.00007
0.01,534,0.5,0.299999,0.4,1000.73,-7.12922e-08,3.05734e-07,1.00007
0.01,535,0.5,0.299999,0.5,1000.73,7.12922e-08,-3.05734e-07,1.00007
0.01,536,0.5,0.299999,0.600001,1000.68,2.70992e-07,-3.76007e-06,1.00007
0.01,537,0.5,0.299999,0.700017,1000.7,8.71342e-07,-1.30367e-05,1.00005
0.01,538,0.5,0.3,0.800017,998.667,7.99796e-07,-1.288e-05,1.00002
0.01,539,0.5,0.3,0.900001,792.056,1.80049e-07,-4.26189e-06,1
0.01,540,0.5,0.4,-1.35909e-06,792.062,-1.94197e-07,1.94196e-07,1
0.01,541,0.5,0.4,0.099983,998.688,-8.51769e-07,8.51768e-07,1
0.01,542,0.5,0.4,0.199983,1000.74,-9.3726e-07,9.3726e-07,1.00001
0.01,543,0.5,0.4,0.299999,1000.73,-3.05906e-07,3.05907e-07,1.00001
0.01,544,0.5,0.4,0.4,1000.79,-8.28759e-08,8.28763e-08,1.00001
0.01,545,0.5,0.4,0.5,1000.79,8.28759e-08,-8.28763e-08,1.00001
0.01,546,0.5,0.4,0.600001,1000.73,3.05906e-07,-3.05907e-07,1.00001
0.01,547,0.5,0.4,0.700017,1000.74,9.3726e-07,-9.3726e-07,1.00001
0.01,548,0.5,0.4,0.800017,998.688,8.51769e-07,-8.51768e-07,1
0.01,549,0.5,0.4,0.900001,792.062,1.94197e-07,-1.94196e-07,1
0.01,550,0.5,0.5,-1.35909e-06,792.062,-1.94197e-07,-1.94196e-07,1
0.01,551,0.5,0.5,0.099983,998.688,-8.51769e-07,-8.51768e-07,1
0.01,552,0.5,0.5,0.199983,1000.74,-9.3726e-07,-9.3726e-07,1.00001
0.01,553,0.5,0.5,0.299999,1000.73,-3.05906e-07,-3.05907e-07,1.00001
0.01,554,0.5,0.5,0.4,1000.79,-8.28759e-08,-8.28763e-08,1.00001
0.01,555,0.5,0.5,0.5,1000.79,8.28759e-08,8.28763e-08,1.00001
0.01,556,0.5,0.5,0.600001,1000.73,3.05906e-07,3.05907e-07,1.00001
0.01,557,0.5,0.5,0.700017,1000.74,9.3726e-07,9.3726e-07,1.00001
0.01,558,0.5,0.5,0.800017,998.688,8.51769e-07,8.51768e-07,1
0.01,559,0.5,0.5,0.900001,792.062,1.94197e-07,1.94196e-07,1
0.01,560,0.5,0.6,-1.3395e-06,792.056,-1.80049e-07,-4.26189e-06,1
0.01,561,0.5,0.6,0.0999832,998.667,-7.99796e-07,-1.288e-05,1.00002
0.01,562,0.5,0.600001,0.199983,1000.7,-8.71342e-07,-1.30367e-05,1.00005
0.01,563,0.5,0.600001,0.299999,1000.68,-2.70992e-07,-3.76007e-06,1.00007
0.01,564,0.5,0.600001,0.4,1000.73,-7.12922e-08,-3.05734e-07,1.00007
0.01,565,0.5,0.600001,0.5,1000.73,7.12922e-08,3.05734e-07,1.00007
0.01,566,0.5,0.600001,0.600001,1000.68,2.70992e-07,3.76007e-06,1.00007
0.01,567,0.5,0.600001,0.700017,1000.7,8.71342e-07,1.30367e-05,1.00005
0.01,568,0.5,0.6,0.800017,998.667,7.99796e-07,1.288e-05,1.00002
0.01,569,0.5,0.6,0.900001,792.056,1.80049e-07,4.26189e-06,1
0.01,570,0.5,0.7,-1.22444e-06,792.04,-1.33842e-07,-1.57119e-05,1
0.01,571,0.5,0.700004,0.0999867,998.655,-5.91699e-07,-4.202e-05,1.00002
0.01,572,0.5,0.700013,0.199987,1000.72,-6.36386e-07,-4.26881e-05,1.00005
0.01,573,0.5,0.700017,0.299999,1000.7,-1.87311e-07,-1.3063e-05,1.00006
0.01,574,0.5,0.700017,0.4,1000.74,-4.67616e-08,-9.41133e-07,1.00007
0.01,575,0.5,0.700017,0.5,1000.74,4.67616e-08,9.41133e-07,1.00007
0.01,576,0.5,0.700017,0.600001,1000.7,1.87311e-07,1.3063e-05,1.00006
0.01,577,0.5,0.700013,0.700013,1000.72,6.36386e-07,4.26881e-05,1.00005
0.01,578,0.5,0.700004,0.800013,998.655,5.91699e-07,4.202e-05,1.00002
0.01,579,0.5,0.7,0.900001,792.04,1.33842e-07,1.57119e-05,1
0.01,580,0.5,0.8,-5.52769e-07,789.961,-4.13763e-08,-1.64758e-05,0.999998
0.01,581,0.5,0.800004,0.0999965,996.49,-1.96284e-07,-4.20509e-05,0.999985
0.01,582,0.5,0.800013,0.199996,998.655,-2.11396e-07,-4.26223e-05,0.999962
0.01,583,0.5,0.800017,0.3,998.667,-6.06474e-08,-1.29354e-05,0.999948
0.01,584,0.5,0.800017,0.4,998.688,-1.67804e-08,-8.7338e-07,0.999945
0.01,585,0.5,0.800017,0.5,998.688,1.67804e-08,8.7338e-07,0.999945
0.01,586,0.5,0.800017,0.6,998.667,6.06474e-08,1.29354e-05,0.999948
0.01,587,0.5,0.800013,0.700004,998.655,2.11396e-07,4.26223e-05,0.999962
0.01,588,0.5,0.800004,0.800004,996.49,1.96284e-07,4.20509e-05,0.999985
0.01,589,0.5,0.8,0.900001,789.961,4.13763e-08,1.64758e-05,0.999998
0.01,590,0.5,0.900001,-5.03699e-07,624.844,-6.79787e-09,-4.57103e-06,0.999998
0.01,591,0.5,0.900001,0.1,789.961,-2.80481e-08,-1.61036e-05,0.999979
0.01,592,0.5,0.900001,0.2,792.04,-3.06619e-08,-1.62436e-05,0.999947
0.01,593,0.5,0.900001,0.3,792.056,-1.05278e-08,-4.46926e-06,0.999927
0.01,594,0.5,0.900001,0.4,792.062,-3.6516e-09,-2.37246e-07,0.999923
0.01,595,0.5,0.900001,0.5,792.062,3.6516e-09,2.37246e-07,0.999923
0.01,596,0.5,0.900001,0.6,792.056,1.05278e-08,4.46926e-06,0.999927
0.01,597,0.5,0.900001,0.7,792.04,3.06619e-08,1.62436e-05,0.999947
0.01,598,0.5,0.900001,0.8,789.961,2.80481e-08,1.61036e-05,0.999979
0.01,599,0.5,0.900001,0.900001,624.844,6.79787e-09,4.57103e-06,0.999998
0.01,600,0.6,-5.02921e-07,-5.0292e-07,624.843,-2.1869e-07,4.33704e-06,0.999998
0.01,601,0.6,-5.48352e-07,0.1,789.959,-7.14645e-07,1.53785e-05,0.999981
0.01,602,0.6,-1.21148e-06,0.2,792.036,-7.15737e-07,1.55122e-05,0.999952
0.01,603,0.6,-1.32148e-06,0.3,792.05,-1.89373e-07,4.26245e-06,0.999934
0.01,604,0.6,-1.3395e-06,0.4,792.056,-1.076e-08,2.19398e-07,0.99993
0.01,605,0.6,-1.3395e-06,0.5,792.056,1.076e-08,-2.19398e-07,0.99993
0.01,606,0.6,-1.32148e-06,0.6,792.05,1.89373e-07,-4.26245e-06,0.999934
0.01,607,0.6,-1.21148e-06,0.7,792.036,7.15737e-07,-1.55122e-05,0.999952
0.01,608,0.6,-5.48352e-07,0.8,789.959,7.14645e-07,-1.53785e-05,0.999981
0.01,609,0.6,-5.02921e-07,0.900001,624.843,2.1869e-07,-4.33704e-06,0.999998
0.01,610,0.6,0.1,-5.48353e-07,789.959,-1.17811e-06,1.5773e-05,0.999999
0.01,611,0.6,0.0999965,0.0999965,996.483,-3.62605e-06,4.00282e-05,0.999991
0.01,612,0.6,0.0999868,0.199996,998.641,-3.64045e-06,4.05765e-05,0.999977
0.01,613,0.6,0.0999833,0.3,998.648,-1.00047e-06,1.23138e-05,0.999968
0.01,614,0.6,0.0999832,0.4,998.667,-6.09121e-08,8.19476e-07,0.999966
0.01,615,0.6,0.0999832,0.5,998.667,6.09121e-08,-8.19476e-07,0.999966
0.01,616,0.6,0.0999833,0.6,998.648,1.00047e-06,-1.23138e-05,0.999968
0.01,617,0.6,0.0999868,0.700004,998.641,3.64045e-06,-4.05765e-05,0.999977
0.01,618,0.6,0.0999965,0.800004,996.483,3.62605e-06,-4.00282e-05,0.999991
0.01,619,0.6,0.1,0.900001,789.959,1.17811e-06,-1.5773e-05,0.999999
0.01,620,0.6,0.2,-1.21148e-06,792.036,-3.05473e-06,1.50104e-05,1.00001
0.01,621,0.6,0.199996,0.0999868,998.641,-9.14801e-06,3.9975e-05,1.00003
0.01,622,0.600001,0.199987,0.199987,1000.69,-9.2169e-06,4.05997e-05,1.00007
0.01,623,0.600001,0.199983,0.299999,1000.66,-2.61396e-06,1.24086e-05,1.0001
0.01,624,0.600001,0.199983,0.4,1000.7,-1.87517e-07,8.75167e-07,1.0001
0.01,625,0.600001,0.199983,0.5,1000.7,1.87517e-07,-8.75167e-07,1.0001
0.01,626,0.600001,0.199983,0.600001,1000.66,2.61396e-06,-1.24086e-05,1.0001
0.01,627,0.600001,0.199987,0.700013,1000.69,9.2169e-06,-4.05997e-05,1.00007
0.01,628,0.6,0.199996,0.800013,998.641,9.14801e-06,-3.9975e-05,1.00003
0.01,629,0.6,0.2,0.900001,792.036,3.05473e-06,-1.50104e-05,1.00001
0.01,630,0.6,0.3,-1.32149e-06,792.05,-4.07204e-06,4.07204e-06,1.00001
0.01,631,0.6,0.3,0.0999833,998.648,-1.2264e-05,1.2264e-05,1.00004
0.01,632,0.600001,0.299999,0.199983,1000.66,-1.23848e-05,1.23848e-05,1.00009
0.01,633,0.600001,0.299999,0.299999,1000.63,-3.54138e-06,3.54138e-06,1.00012
0.01,634,0.600001,0.299999,0.4,1000.68,-2.70963e-07,2.70965e-07,1.00013
0.01,635,0.600001,0.299999,0.5,1000.68,2.70963e-07,-2.70965e-07,1.00013
0.01,636,0.600001,0.299999,0.600001,1000.63,3.54138e-06,-3.54138e-06,1.00012
0.01,637,0.600001,0.299999,0.700017,1000.66,1.23848e-05,-1.23848e-05,1.00009
0.01,638,0.6,0.3,0.800017,998.648,1.2264e-05,-1.2264e-05,1.00004
0.01,639,0.6,0.3,0.900001,792.05,4.07204e-06,-4.07204e-06,1.00001
0.01,640,0.6,0.4,-1.3395e-06,792.056,-4.2619e-06,1.80048e-07,1
0.01,641,0.6,0.4,0.0999832,998.667,-1.288e-05,7.99794e-07,1.00002
0.01,642,0.600001,0.4,0.199983,1000.7,-1.30367e-05,8.71341e-07,1.00005
0.01,643,0.600001,0.4,0.299999,1000.68,-3.76007e-06,2.70992e-07,1.00007
0.01,644,0.600001,0.4,0.4,1000.73,-3.05733e-07,7.12925e-08,1.00007
0.01,645,0.600001,0.4,0.5,1000.73,3.05733e-07,-7.12925e-08,1.00007
0.01,646,0.600001,0.4,0.600001,1000.68,3.76007e-06,-2.70992e-07,1.00007
0.01,647,0.600001,0.4,0.700017,1000.7,1.30367e-05,-8.71341e-07,1.00005
0.01,648,0.6,0.4,0.800017,998.667,1.288e-05,-7.99794e-07,1.00002
0.01,649,0.6,0.4,0.900001,792.056,4.2619e-06,-1.80048e-07,1
0.01,650,0.6,0.5,-1.3395e-06,792.056,-4.2619e-06,-1.80048e-07,1
0.01,651,0.6,0.5,0.0999832,998.667,-1.288e-05,-7.99794e-07,1.00002
0.01,652,0.600001,0.5,0.199983,1000.7,-1.30367e-05,-8.71341e-07,1.00005
0.01,653,0.600001,0.5,0.299999,1000.68,-3.76007e-06,-2.70992e-07,1.00007
0.01,654,0.600001,0.5,0.4,1000.73,-3.05733e-07,-7.12925e-08,1.00007
0.01,655,0.600001,0.5,0.5,1000.73,3.05733e-07,7.12925e-08,1.00007
0.01,656,0.600001,0.5,0.600001,1000.68,3.76007e-06,2.70992e-07,1.00007
0.01,657,0.600001,0.5,0.700017,1000.7,1.30367e-05,8.71341e-07,1.00005
0.01,658,0.6,0.5,0.800017,998.667,1.288e-05,7.99794e-07,1.00002
0.01,659,0.6,0.5,0.900001,792.056,4.2619e-06,1.80048e-07,1
0.01,660,0.6,0.6,-1.32149e-06,792.05,-4.07204e-06,-4.07204e-06,1.00001
0.01,661,0.6,0.6,0.0999833,998.648,-1.2264e-05,-1.2264e-05,1.00004
0.01,662,0.600001,0.600001,0.199983,1000.66,-1.23848e-05,-1.23848e-05,1.00009
0.01,663,0.600001,0.600001,0.299999,1000.63,-3.54138e-06,-3.54138e-06,1.00012
0.01,664,0.600001,0.600001,0.4,1000.68,-2.70963e-07,-2.70965e-07,1.00013
0.01,665,0.600001,0.600001,0.5,1000.68,2.70963e-07,2.70965e-07,1.00013
0.01,666,0.600001,0.600001,0.600001,1000.63,3.54138e-06,3.54138e-06,1.00012
0.01,667,0.600001,0.600001,0.700017,1000.66,1.23848e-05,1.23848e-05,1.00009
0.01,668,0.6,0.6,0.800017,998.648,1.2264e-05,1.2264e-05,1.00004
0.01,669,0.6,0.6,0.900001,792.05,4.07204e-06,4.07204e-06,1.00001
0.01,670,0.6,0.7,-1.21148e-06,792.036,-3.05473e-06,-1.50104e-05,1.00001
0.01,671,0.6,0.700004,0.0999868,998.641,-9.14801e-06,-3.9975e-05,1.00003
0.01,672,0.600001,0.700013,0.199987,1000.69,-9.2169e-06,-4.05997e-05,1.00007
0.01,673,0.600001,0.700017,0.299999,1000.66,-2.61396e-06,-1.24086e-05,1.0001
0.01,674,0.600001,0.700017,0.4,1000.7,-1.87517e-07,-8.75167e-07,1.0001
0.01,675,0.600001,0.700017,0.5,1000.7,1.87517e-07,8.75167e-07,1.0001
0.01,676,0.600001,0.700017,0.600001,1000.66,2.61396e-06,1.24086e-05,1.0001
0.01,677,0.600001,0.700013,0.700013,1000.69,9.2169e-06,4.05997e-05,1.00007
0.01,678,0.6,0.700004,0.800013,998.641,9.14801e-06,3.9975e-05,1.00003
0.01,679,0.6,0.7,0.900001,792.036,3.05473e-06,1.50104e-05,1.00001
0.01,680,0.6,0.8,-5.48353e-07,789.959,-1.17811e-06,-1.5773e-05,0.999999
0.01,681,0.6,0.800004,0.0999965,996.483,-3.62605e-06,-4.00282e-05,0.999991
0.01,682,0.6,0.800013,0.199996,998.641,-3.64045e-06,-4.05765e-05,0.999977
0.01,683,0.6,0.800017,0.3,998.648,-1.00047e-06,-1.23138e-05,0.999968
0.01,684,0.6,0.800017,0.4,998.667,-6.09121e-08,-8.19476e-07,0.999966
0.01,685,0.6,0.800017,0.5,998.667,6.09121e-08,8.19476e-07,0.999966
0.01,686,0.6,0.800017,0.6,998.648,1.00047e-06,1.23138e-05,0.999968
0.01,687,0.6,0.800013,0.700004,998.641,3.64045e-06,4.05765e-05,0.999977
0.01,688,0.6,0.800004,0.800004,996.483,3.62605e-06,4.00282e-05,0.999991
0.01,689,0.6,0.8,0.900001,789.959,1.17811e-06,1.5773e-05,0.999999
0.01,690,0.6,0.900001,-5.0292e-07,624.843,-2.1869e-07,-4.33704e-06,0.999998
0.01,691,0.6,0.900001,0.1,789.959,-7.14645e-07,-1.53785e-05,0.999981
0.01,692,0.6,0.900001,0.2,792.036,-7.15737e-07,-1.55122e-05,0.999952
0.01,693,0.6,0.900001,0.3,792.05,-1.89373e-07,-4.26245e-06,0.999934
0.01,694,0.6,0.900001,0.4,792.056,-1.076e-08,-2.19398e-07,0.99993
0.01,695,0.6,0.900001,0.5,792.056,1.076e-08,2.19398e-07,0.99993
0.01,696,0.6,0.900001,0.6,792.05,1.89373e-07,4.26245e-06,0.999934
0.01,697,0.6,0.900001,0.7,792.036,7.15737e-07,1.55122e-05,0.999952
0.01,698,0.6,0.900001,0.8,789.959,7.14645e-07,1.53785e-05,0.999981
0.01,699,0.6,0.900001,0.900001,624.843,2.1869e-07,4.33704e-06,0.999998
0.01,700,0.7,-4.99965e-07,-4.99964e-07,624.842,-8.35446e-07,3.02899e-06,0.999999
0.01,701,0.7,-5.34773e-07,0.1,789.954,-2.59133e-06,1.14619e-05,0.999986
0.01,702,0.7,-1.1112e-06,0.2,792.026,-2.58767e-06,1.1607e-05,0.999966
0.01,703,0.7,-1.21148e-06,0.3,792.036,-7.20673e-07,3.19569e-06,0.999953
0.01,704,0.7,-1.22444e-06,0.4,792.04,-3.27693e-08,1.62683e-07,0.99995
0.01,705,0.7,-1.22444e-06,0.5,792.04,3.27693e-08,-1.62683e-07,0.99995
0.01,706,0.7,-1.21148e-06,0.6,792.036,7.20673e-07,-3.19569e-06,0.999953
0.01,707,0.7,-1.1112e-06,0.7,792.026,2.58767e-06,-1.1607e-05,0.999966
0.01,708,0.7,-5.34773e-07,0.8,789.954,2.59133e-06,-1.14619e-05,0.999986
0.01,709,0.7,-4.99965e-07,0.9,624.842,8.35446e-07,-3.02899e-06,0.999999
0.01,710,0.7,0.1,-5.34774e-07,789.954,-4.47304e-06,1.19293e-05,1
0.01,711,0.700001,0.0999972,0.0999972,996.475,-1.22268e-05,2.98488e-05,0.999995
0.01,712,0.700003,0.0999895,0.199997,998.636,-1.23315e-05,3.02796e-05,0.999985
0.01,713,0.700004,0.0999868,0.3,998.641,-3.65565e-06,9.19253e-06,0.99998
0.01,714,0.700004,0.0999867,0.4,998.655,-2.16166e-07,6.07741e-07,0.999978
0.01,715,0.700004,0.0999867,0.5,998.655,2.16166e-07,-6.07741e-07,0.999978
0.01,716,0.700004,0.0999868,0.6,998.641,3.65565e-06,-9.19253e-06,0.99998
0.01,717,0.700003,0.0999895,0.700003,998.636,1.23315e-05,-3.02796e-05,0.999985
0.01,718,0.700001,0.0999972,0.800003,996.475,1.22268e-05,-2.98488e-05,0.999995
0.01,719,0.7,0.1,0.900001,789.954,4.47304e-06,-1.19293e-05,1
0.01,720,0.7,0.2,-1.11121e-06,792.026,-1.1183e-05,1.1183e-05,1.00001
0.01,721,0.700003,0.199997,0.0999895,998.636,-2.97924e-05,2.97924e-05,1.00003
0.01,722,0.700011,0.199989,0.199989,1000.72,-3.02526e-05,3.02526e-05,1.00006
0.01,723,0.700013,0.199987,0.299999,1000.69,-9.23443e-06,9.23443e-06,1.00008
0.01,724,0.700013,0.199987,0.4,1000.72,-6.40322e-07,6.40323e-07,1.00009
0.01,725,0.700013,0.199987,0.5,1000.72,6.40322e-07,-6.40323e-07,1.00009
0.01,726,0.700013,0.199987,0.600001,1000.69,9.23443e-06,-9.23443e-06,1.00008
0.01,727,0.700011,0.199989,0.700011,1000.72,3.02526e-05,-3.02526e-05,1.00006
0.01,728,0.700003,0.199997,0.80001,998.636,2.97924e-05,-2.97924e-05,1.00003
0.01,729,0.7,0.2,0.900001,792.026,1.1183e-05,-1.1183e-05,1.00001
0.01,730,0.7,0.3,-1.21148e-06,792.036,-1.50104e-05,3.05473e-06,1.00001
0.01,731,0.700004,0.3,0.0999868,998.641,-3.99751e-05,9.148e-06,1.00003
0.01,732,0.700013,0.299999,0.199987,1000.69,-4.05997e-05,9.2169e-06,1.00007
0.01,733,0.700017,0.299999,0.299999,1000.66,-1.24086e-05,2.61396e-06,1.0001
0.01,734,0.700017,0.299999,0.4,1000.7,-8.75165e-07,1.87518e-07,1.0001
0.01,735,0.700017,0.299999,0.5,1000.7,8.75165e-07,-1.87518e-07,1.0001
0.01,736,0.700017,0.299999,0.600001,1000.66,1.24086e-05,-2.61396e-06,1.0001
0.01,737,0.700013,0.299999,0.700013,1000.69,4.05997e-05,-9.2169e-06,1.00007
0.01,738,0.700004,0.3,0.800013,998.641,3.99751e-05,-9.148e-06,1.00003
0.01,739,0.7,0.3,0.900001,792.036,1.50104e-05,-3.05473e-06,1.00001
0.01,740,0.7,0.4,-1.22444e-06,792.04,-1.57119e-05,1.33842e-07,1
0.01,741,0.700004,0.4,0.0999867,998.655,-4.202e-05,5.91698e-07,1.00002
0.01,742,0.700013,0.4,0.199987,1000.72,-4.26881e-05,6.36385e-07,1.00005
0.01,743,0.700017,0.4,0.299999,1000.7,-1.3063e-05,1.87312e-07,1.00006
0.01,744,0.700017,0.4,0.4,1000.74,-9.4113e-07,4.67619e-08,1.00007
0.01,745,0.700017,0.4,0.5,1000.74,9.4113e-07,-4.67619e-08,1.00007
0.01,746,0.700017,0.4,0.600001,1000.7,1.3063e-05,-1.87312e-07,1.00006
0.01,747,0.700013,0.4,0.700013,1000.72,4.26881e-05,-6.36385e-07,1.00005
0.01,748,0.700004,0.4,0.800013,998.655,4.202e-05,-5.91698e-07,1.00002
0.01,749,0.7,0.4,0.900001,792.04,1.57119e-05,-1.33842e-07,1
0.01,750,0.7,0.5,-1.22444e-06,792.04,-1.57119e-05,-1.33842e-07,1
0.01,751,0.700004,0.5,0.0999867,998.655,-4.202e-05,-5.91698e-07,1.00002
0.01,752,0.700013,0.5,0.199987,1000.72,-4.26881e-05,-6.36385e-07,1.00005
0.01,753,0.700017,0.5,0.299999,1000.7,-1.3063e-05,-1.87312e-07,1.00006
0.01,754,0.700017,0.5,0.4,1000.74,-9.4113e-07,-4.67619e-08,1.00007
0.01,755,0.700017,0.5,0.5,1000.74,9.4113e-07,4.67619e-08,1.00007
0.01,756,0.700017,0.5,0.600001,1000.7,1.3063e-05,1.87312e-07,1.00006
0.01,757,0.700013,0.5,0.700013,1000.72,4.26881e-05,6.36385e-07,1.00005
0.01,758,0.700004,0.5,0.800013,998.655,4.202e-05,5.91698e-07,1.00002
0.01,759,0.7,0.5,0.900001,792.04,1.57119e-05,1.33842e-07,1
0.01,760,0.7,0.6,-1.21148e-06,792.036,-1.50104e-05,-3.05473e-06,1.00001
0.01,761,0.700004,0.6,0.0999868,998.641,-3.99751e-05,-9.148e-06,1.00003
0.01,762,0.700013,0.600001,0.199987,1000.69,-4.05997e-05,-9.2169e-06,1.00007
0.01,763,0.700017,0.600001,0.299999,1000.66,-1.24086e-05,-2.61396e-06,1.0001
0.01,764,0.700017,0.600001,0.4,1000.7,-8.75165e-07,-1.87518e-07,1.0001
0.01,765,0.700017,0.600001,0.5,1000.7,8.75165e-07,1.87518e-07,1.0001
0.01,766,0.700017,0.600001,0.600001,1000.66,1.24086e-05,2.61396e-06,1.0001
0.01,767,0.700013,0.600001,0.700013,1000.69,4.05997e-05,9.2169e-06,1.00007
0.01,768,0.700004,0.6,0.800013,998.641,3.99751e-05,9.148e-06,1.00003
0.01,769,0.7,0.6,0.900001,792.036,1.50104e-05,3.05473e-06,1.00001
0.01,770,0.7,0.7,-1.11121e-06,792.026,-1.1183e-05,-1.1183e-05,1.00001
0.01,771,0.700003,0.700003,0.0999895,998.636,-2.97924e-05,-2.97924e-05,1.00003
0.01,772,0.700011,0.700011,0.199989,1000.72,-3.02526e-05,-3.02526e-05,1.00006
0.01,773,0.700013,0.700013,0.299999,1000.69,-9.23443e-06,-9.23443e-06,1.00008
0.01,774,0.700013,0.700013,0.4,1000.72,-6.40322e-07,-6.40323e-07,1.00009
0.01,775,0.700013,0.700013,0.5,1000.72,6.40322e-07,6.40323e-07,1.00009
0.01,776,0.700013,0.700013,0.600001,1000.69,9.23443e-06,9.23443e-06,1.00008
0.01,777,0.700011,0.700011,0.700011,1000.72,3.02526e-05,3.02526e-05,1.00006
0.01,778,0.700003,0.700003,0.80001,998.636,2.97924e-05,2.97924e-05,1.00003
0.01,779,0.7,0.7,0.900001,792.026,1.1183e-05,1.1183e-05,1.00001
0.01,780,0.7,0.8,-5.34774e-07,789.954,-4.47304e-06,-1.19293e-05,1
0.01,781,0.700001,0.800003,0.0999972,996.475,-1.22268e-05,-2.98488e-05,0.999995
0.01,782,0.700003,0.80001,0.199997,998.636,-1.23315e-05,-3.02796e-05,0.999985
0.01,783,0.700004,0.800013,0.3,998.641,-3.65565e-06,-9.19253e-06,0.99998
0.01,784,0.700004,0.800013,0.4,998.655,-2.16166e-07,-6.07741e-07,0.999978
0.01,785,0.700004,0.800013,0.5,998.655,2.16166e-07,6.07741e-07,0.999978
0.01,786,0.700004,0.800013,0.6,998.641,3.65565e-06,9.19253e-06,0.99998
0.01,787,0.700003,0.80001,0.700003,998.636,1.23315e-05,3.02796e-05,0.999985
0.01,788,0.700001,0.800003,0.800003,996.475,1.22268e-05,2.98488e-05,0.999995
0.01,789,0.7,0.8,0.900001,789.954,4.47304e-06,1.19293e-05,1
0.01,790,0.7,0.9,-4.99964e-07,624.842,-8.35446e-07,-3.02899e-06,0.999999
0.01,791,0.7,0.900001,0.1,789.954,-2.59133e-06,-1.14619e-05,0.999986
0.01,792,0.7,0.900001,0.2,792.026,-2.58767e-06,-1.1607e-05,0.999966
0.01,793,0.7,0.900001,0.3,792.036,-7.20673e-07,-3.19569e-06,0.999953
0.01,794,0.7,0.900001,0.4,792.04,-3.27693e-08,-1.62683e-07,0.99995
0.01,795,0.7,0.900001,0.5,792.04,3.27693e-08,1.62683e-07,0.99995
0.01,796,0.7,0.900001,0.6,792.036,7.20673e-07,3.19569e-06,0.999953
0.01,797,0.7,0.900001,0.7,792.026,2.58767e-06,1.1607e-05,0.999966
0.01,798,0.7,0.900001,0.8,789.954,2.59133e-06,1.14619e-05,0.999986
0.01,799,0.7,0.9,0.9,624.842,8.35446e-07,3.02899e-06,0.999999
0.01,800,0.8,-5.16635e-07,-5.16634e-07,622.897,-1.58282e-06,5.52623e-07,1
0.01,801,0.8,-4.60823e-07,0.1,787.887,-2.55592e-06,4.42286e-06,0.999996
0.01,802,0.8,-5.34772e-07,0.2,789.954,-2.60275e-06,4.59642e-06,0.999985
0.01,803,0.8,-5.48351e-07,0.3,789.959,-7.25014e-07,1.2434e-06,0.999978
0.01,804,0.8,-5.52767e-07,0.4,789.961,-3.20332e-08,5.42579e-08,0.999977
0.01,805,0.8,-5.52767e-07,0.5,789.961,3.20332e-08,-5.42579e-08,0.999977
0.01,806,0.8,-5.48351e-07,0.6,789.959,7.25014e-07,-1.2434e-06,0.999978
0.01,807,0.8,-5.34772e-07,0.7,789.954,2.60275e-06,-4.59642e-06,0.999985
0.01,808,0.8,-4.60823e-07,0.8,787.887,2.55592e-06,-4.42286e-06,0.999996
0.01,809,0.8,-5.16635e-07,0.900001,622.897,1.58282e-06,-5.52623e-07,1
0.01,810,0.8,0.1,-4.60823e-07,787.887,-5.2578e-06,5.2578e-06,1
0.01,811,0.800001,0.0999993,0.0999993,994.294,-1.22437e-05,1.22437e-05,0.999993
0.01,812,0.800003,0.0999972,0.199999,996.475,-1.23736e-05,1.23736e-05,0.999979
0.01,813,0.800004,0.0999965,0.3,996.483,-3.65534e-06,3.65535e-06,0.999971
0.01,814,0.800004,0.0999965,0.4,996.49,-2.07779e-07,2.0778e-07,0.999969
0.01,815,0.800004,0.0999965,0.5,996.49,2.07779e-07,-2.0778e-07,0.999969
0.01,816,0.800004,0.0999965,0.6,996.483,3.65534e-06,-3.65535e-06,0.999971
0.01,817,0.800003,0.0999972,0.700001,996.475,1.23736e-05,-1.23736e-05,0.999979
0.01,818,0.800001,0.0999993,0.800001,994.294,1.22437e-05,-1.22437e-05,0.999993
0.01,819,0.8,0.1,0.9,787.887,5.2578e-06,-5.2578e-06,1
0.01,820,0.8,0.2,-5.34774e-07,789.954,-1.19293e-05,4.47304e-06,1
0.01,821,0.800003,0.199999,0.0999972,996.475,-2.98488e-05,1.22268e-05,0.999995
0.01,822,0.80001,0.199997,0.199997,998.636,-3.02796e-05,1.23315e-05,0.999985
0.01,823,0.800013,0.199996,0.3,998.641,-9.19253e-06,3.65565e-06,0.99998
0.01,824,0.800013,0.199996,0.4,998.655,-6.07739e-07,2.16166e-07,0.999978
0.01,825,0.800013,0.199996,0.5,998.655,6.07739e-07,-2.16166e-07,0.999978
0.01,826,0.800013,0.199996,0.6,998.641,9.19253e-06,-3.65565e-06,0.99998
0.01,827,0.80001,0.199997,0.700003,998.636,3.02796e-05,-1.23315e-05,0.999985
0.01,828,0.800003,0.199999,0.800003,996.475,2.98488e-05,-1.22268e-05,0.999995
0.01,829,0.8,0.2,0.900001,789.954,1.19293e-05,-4.47304e-06,1
0.01,830,0.8,0.3,-5.48353e-07,789.959,-1.5773e-05,1.17811e-06,0.999999
0.01,831,0.800004,0.3,0.0999965,996.483,-4.00282e-05,3.62605e-06,0.999991
0.01,832,0.800013,0.3,0.199996,998.641,-4.05765e-05,3.64044e-06,0.999977
0.01,833,0.800017,0.3,0.3,998.648,-1.23138e-05,1.00047e-06,0.999968
0.01,834,0.800017,0.3,0.4,998.667,-8.19474e-07,6.09126e-08,0.999966
0.01,835,0.800017,0.3,0.5,998.667,8.19474e-07,-6.09126e-08,0.999966
0.01,836,0.800017,0.3,0.6,998.648,1.23138e-05,-1.00047e-06,0.999968
0.01,837,0.800013,0.3,0.700004,998.641,4.05765e-05,-3.64044e-06,0.999977
0.01,838,0.800004,0.3,0.800004,996.483,4.00282e-05,-3.62605e-06,0.999991
0.01,839,0.8,0.3,0.900001,789.959,1.5773e-05,-1.17811e-06,0.999999
0.01,840,0.8,0.4,-5.52769e-07,789.961,-1.64758e-05,4.13762e-08,0.999998
0.01,841,0.800004,0.4,0.0999965,996.49,-4.20509e-05,1.96283e-07,0.999985
0.01,842,0.800013,0.4,0.199996,998.655,-4.26223e-05,2.11396e-07,0.999962
0.01,843,0.800017,0.4,0.3,998.667,-1.29354e-05,6.06475e-08,0.999948
0.01,844,0.800017,0.4,0.4,998.688,-8.73377e-07,1.67806e-08,0.999945
0.01,845,0.800017,0.4,0.5,998.688,8.73377e-07,-1.67806e-08,0.999945
0.01,846,0.800017,0.4,0.6,998.667,1.29354e-05,-6.06475e-08,0.999948
0.01,847,0.800013,0.4,0.700004,998.655,4.26223e-05,-2.11396e-07,0.999962
0.01,848,0.800004,0.4,0.800004,996.49,4.20509e-05,-1.96283e-07,0.999985
0.01,849,0.8,0.4,0.900001,789.961,1.64758e-05,-4.13762e-08,0.999998
0.01,850,0.8,0.5,-5.52769e-07,789.961,-1.64758e-05,-4.13762e-08,0.999998
0.01,851,0.800004,0.5,0.0999965,996.49,-4.20509e-05,-1.96283e-07,0.999985
0.01,852,0.800013,0.5,0.199996,998.655,-4.26223e-05,-2.11396e-07,0.999962
0.01,853,0.800017,0.5,0.3,998.667,-1.29354e-05,-6.06475e-08,0.999948
0.01,854,0.800017,0.5,0.4,998.688,-8.73377e-07,-1.67806e-08,0.999945
0.01,855,0.800017,0.5,0.5,998.688,8.73377e-07,1.67806e-08,0.999945
0.01,856,0.800017,0.5,0.6,998.667,1.29354e-05,6.06475e-08,0.999948
0.01,857,0.800013,0.5,0.700004,998.655,4.26223e-05,2.11396e-07,0.999962
0.01,858,0.800004,0.5,0.800004,996.49,4.20509e-05,1.96283e-07,0.999985
0.01,859,0.8,0.5,0.900001,789.961,1.64758e-05,4.13762e-08,0.999998
0.01,860,0.8,0.6,-5.48353e-07,789.959,-1.5773e-05,-1.17811e-06,0.999999
0.01,861,0.800004,0.6,0.0999965,996.483,-4.00282e-05,-3.62605e-06,0.999991
0.01,862,0.800013,0.6,0.199996,998.641,-4.05765e-05,-3.64044e-06,0.999977
0.01,863,0.800017,0.6,0.3,998.648,-1.23138e-05,-1.00047e-06,0.999968
0.01,864,0.800017,0.6,0.4,998.667,-8.19474e-07,-6.09126e-08,0.999966
0.01,865,0.800017,0.6,0.5,998.667,8.19474e-07,6.09126e-08,0.999966
0.01,866,0.800017,0.6,0.6,998.648,1.23138e-05,1.00047e-06,0.999968
0.01,867,0.800013,0.6,0.700004,998.641,4.05765e-05,3.64044e-06,0.999977
0.01,868,0.800004,0.6,0.800004,996.483,4.00282e-05,3.62605e-06,0.999991
0.01,869,0.8,0.6,0.900001,789.959,1.5773e-05,1.17811e-06,0.999999
0.01,870,0.8,0.7,-5.34774e-07,789.954,-1.19293e-05,-4.47304e-06,1
0.01,871,0.800003,0.700001,0.0999972,996.475,-2.98488e-05,-1.22268e-05,0.999995
0.01,872,0.80001,0.700003,0.199997,998.636,-3.02796e-05,-1.23315e-05,0.999985
0.01,873,0.800013,0.700004,0.3,998.641,-9.19253e-06,-3.65565e-06,0.99998
0.01,874,0.800013,0.700004,0.4,998.655,-6.07739e-07,-2.16166e-07,0.999978
0.01,875,0.800013,0.700004,0.5,998.655,6.07739e-07,2.16166e-07,0.999978
0.01,876,0.800013,0.700004,0.6,998.641,9.19253e-06,3.65565e-06,0.99998
0.01,877,0.80001,0.700003,0.700003,998.636,3.02796e-05,1.23315e-05,0.999985
0.01,878,0.800003,0.700001,0.800003,996.475,2.98488e-05,1.22268e-05,0.999995
0.01,879,0.8,0.7,0.900001,789.954,1.19293e-05,4.47304e-06,1
0.01,880,0.8,0.8,-4.60823e-07,787.887,-5.2578e-06,-5.2578e-06,1
0.01,881,0.800001,0.800001,0.0999993,994.294,-1.22437e-05,-1.22437e-05,0.999993
0.01,882,0.800003,0.800003,0.199999,996.475,-1.23736e-05,-1.23736e-05,0.999979
0.01,883,0.800004,0.800004,0.3,996.483,-3.65534e-06,-3.65535e-06,0.999971
0.01,884,0.800004,0.800004,0.4,996.49,-2.07779e-07,-2.0778e-07,0.999969
0.01,885,0.800004,0.800004,0.5,996.49,2.07779e-07,2.0778e-07,0.999969
0.01,886,0.800004,0.800004,0.6,996.483,3.65534e-06,3.65535e-06,0.999971
0.01,887,0.800003,0.800003,0.700001,996.475,1.23736e-05,1.23736e-05,0.999979
0.01,888,0.800001,0.800001,0.800001,994.294,1.22437e-05,1.22437e-05,0.999993
0.01,889,0.8,0.8,0.9,787.887,5.2578e-06,5.2578e-06,1
0.01,890,0.8,0.900001,-5.16634e-07,622.897,-1.58282e-06,-5.52623e-07,1
0.01,891,0.8,0.9,0.1,787.887,-2.55592e-06,-4.42286e-06,0.999996
0.01,892,0.8,0.900001,0.2,789.954,-2.60275e-06,-4.59642e-06,0.999985
0.01,893,0.8,0.900001,0.3,789.959,-7.25014e-07,-1.2434e-06,0.999978
0.01,894,0.8,0.900001,0.4,789.961,-3.20332e-08,-5.42579e-08,0.999977
0.01,895,0.8,0.900001,0.5,789.961,3.20332e-08,5.42579e-08,0.999977
0.01,896,0.8,0.900001,0.6,789.959,7.25014e-07,1.2434e-06,0.999978
0.01,897,0.8,0.900001,0.7,789.954,2.60275e-06,4.59642e-06,0.999985
0.01,898,0.8,0.9,0.8,787.887,2.55592e-06,4.42286e-06,0.999996
0.01,899,0.8,0.900001,0.900001,622.897,1.58282e-06,5.52623e-07,1
0.01,900,0.900001,-6.01978e-07,-6.01978e-07,491.383,1.01416e-06,-1.01416e-06,1.00001
0.01,901,0.900001,-5.16634e-07,0.1,622.897,-6.39869e-07,6.39867e-07,1
0.01,902,0.9,-4.99964e-07,0.2,624.842,-8.61779e-07,8.61778e-07,0.999998
0.01,903,0.900001,-5.0292e-07,0.3,624.843,-2.36146e-07,2.36146e-07,0.999996
0.01,904,0.900001,-5.03699e-07,0.4,624.844,-1.01385e-08,1.01389e-08,0.999995
0.01,905,0.900001,-5.03699e-07,0.5,624.844,1.01385e-08,-1.01389e-08,0.999995
0.01,906,0.900001,-5.0292e-07,0.6,624.843,2.36146e-07,-2.36146e-07,0.999996
0.01,907,0.9,-4.99964e-07,0.7,624.842,8.61779e-07,-8.61778e-07,0.999998
0.01,908,0.900001,-5.16634e-07,0.8,622.897,6.39869e-07,-6.39867e-07,1
0.01,909,0.900001,-6.01978e-07,0.900001,491.383,-1.01416e-06,1.01416e-06,1.00001
0.01,910,0.900001,0.1,-5.16634e-07,622.897,-5.52623e-07,1.58282e-06,1
0.01,911,0.9,0.1,0.1,787.887,-4.42287e-06,2.55592e-06,0.999996
0.01,912,0.900001,0.1,0.2,789.954,-4.59642e-06,2.60275e-06,0.999985
0.01,913,0.900001,0.1,0.3,789.959,-1.2434e-06,7.25014e-07,0.999978
0.01,914,0.900001,0.1,0.4,789.961,-5.4257e-08,3.20337e-08,0.999977
0.01,915,0.900001,0.1,0.5,789.961,5.4257e-08,-3.20337e-08,0.999977
0.01,916,0.900001,0.1,0.6,789.959,1.2434e-06,-7.25014e-07,0.999978
0.01,917,0.900001,0.1,0.7,789.954,4.59642e-06,-2.60275e-06,0.999985
0.01,918,0.9,0.1,0.8,787.887,4.42287e-06,-2.55592e-06,0.999996
0.01,919,0.900001,0.1,0.900001,622.897,5.52623e-07,-1.58282e-06,1
0.01,920,0.9,0.2,-4.99964e-07,624.842,-3.029e-06,8.35445e-07,0.999999
0.01,921,0.900001,0.2,0.1,789.954,-1.14619e-05,2.59133e-06,0.999986
0.01,922,0.900001,0.2,0.2,792.026,-1.1607e-05,2.58767e-06,0.999966
0.01,923,0.900001,0.2,0.3,792.036,-3.19569e-06,7.20673e-07,0.999953
0.01,924,0.900001,0.2,0.4,792.04,-1.62682e-07,3.27697e-08,0.99995
0.01,925,0.900001,0.2,0.5,792.04,1.62682e-07,-3.27697e-08,0.99995
0.01,926,0.900001,0.2,0.6,792.036,3.19569e-06,-7.20673e-07,0.999953
0.01,927,0.900001,0.2,0.7,792.026,1.1607e-05,-2.58767e-06,0.999966
0.01,928,0.900001,0.2,0.8,789.954,1.14619e-05,-2.59133e-06,0.999986
0.01,929,0.9,0.2,0.9,624.842,3.029e-06,-8.35445e-07,0.999999
0.01,930,0.900001,0.3,-5.0292e-07,624.843,-4.33705e-06,2.1869e-07,0.999998
0.01,931,0.900001,0.3,0.1,789.959,-1.53785e-05,7.14644e-07,0.999981
0.01,932,0.900001,0.3,0.2,792.036,-1.55122e-05,7.15736e-07,0.999952
0.01,933,0.900001,0.3,0.3,792.05,-4.26245e-06,1.89373e-07,0.999934
0.01,934,0.900001,0.3,0.4,792.056,-2.19396e-07,1.07602e-08,0.99993
0.01,935,0.900001,0.3,0.5,792.056,2.19396e-07,-1.07602e-08,0.99993
0.01,936,0.900001,0.3,0.6,792.05,4.26245e-06,-1.89373e-07,0.999934
0.01,937,0.900001,0.3,0.7,792.036,1.55122e-05,-7.15736e-07,0.999952
0.01,938,0.900001,0.3,0.8,789.959,1.53785e-05,-7.14644e-07,0.999981
0.01,939,0.900001,0.3,0.900001,624.843,4.33705e-06,-2.1869e-07,0.999998
0.01,940,0.900001,0.4,-5.03699e-07,624.844,-4.57103e-06,6.79788e-09,0.999998
0.01,941,0.900001,0.4,0.1,789.961,-1.61036e-05,2.80479e-08,0.999979
0.01,942,0.900001,0.4,0.2,792.04,-1.62437e-05,3.06617e-08,0.999947
0.01,943,0.900001,0.4,0.3,792.056,-4.46925e-06,1.05278e-08,0.999927
0.01,944,0.900001,0.4,0.4,792.062,-2.37244e-07,3.65167e-09,0.999923
0.01,945,0.900001,0.4,0.5,792.062,2.37244e-07,-3.65167e-09,0.999923
0.01,946,0.900001,0.4,0.6,792.056,4.46925e-06,-1.05278e-08,0.999927
0.01,947,0.900001,0.4,0.7,792.04,1.62437e-05,-3.06617e-08,0.999947
0.01,948,0.900001,0.4,0.8,789.961,1.61036e-05,-2.80479e-08,0.999979
0.01,949,0.900001,0.4,0.900001,624.844,4.57103e-06,-6.79788e-09,0.999998
0.01,950,0.900001,0.5,-5.03699e-07,624.844,-4.57103e-06,-6.79788e-09,0.999998
0.01,951,0.900001,0.5,0.1,789.961,-1.61036e-05,-2.80479e-08,0.999979
0.01,952,0.900001,0.5,0.2,792.04,-1.62437e-05,-3.06617e-08,0.999947
0.01,953,0.900001,0.5,0.3,792.056,-4.46925e-06,-1.05278e-08,0.999927
0.01,954,0.900001,0.5,0.4,792.062,-2.37244e-07,-3.65167e-09,0.999923
0.01,955,0.900001,0.5,0.5,792.062,2.37244e-07,3.65167e-09,0.999923
0.01,956,0.900001,0.5,0.6,792.056,4.46925e-06,1.05278e-08,0.999927
0.01,957,0.900001,0.5,0.7,792.04,1.62437e-05,3.06617e-08,0.999947
0.01,958,0.900001,0.5,0.8,789.961,1.61036e-05,2.80479e-08,0.999979
0.01,959,0.900001,0.5,0.900001,624.844,4.57103e-06,6.79788e-09,0.999998
0.01,960,0.900001,0.6,-5.0292e-07,624.843,-4.33705e-06,-2.1869e-07,0.999998
0.01,961,0.900001,0.6,0.1,789.959,-1.53785e-05,-7.14644e-07,0.999981
0.01,962,0.900001,0.6,0.2,792.036,-1.55122e-05,-7.15736e-07,0.999952
0.01,963,0.900001,0.6,0.3,792.05,-4.26245e-06,-1.89373e-07,0.999934
0.01,964,0.900001,0.6,0.4,792.056,-2.19396e-07,-1.07602e-08,0.99993
0.01,965,0.900001,0.6,0.5,792.056,2.19396e-07,1.07602e-08,0.99993
0.01,966,0.900001,0.6,0.6,792.05,4.26245e-06,1.89373e-07,0.999934
0.01,967,0.900001,0.6,0.7,792.036,1.55122e-05,7.15736e-07,0.999952
0.01,968,0.900001,0.6,0.8,789.959,1.53785e-05,7.14644e-07,0.999981
0.01,969,0.900001,0.6,0.900001,624.843,4.33705e-06,2.1869e-07,0.999998
0.01,970,0.9,0.7,-4.99964e-07,624.842,-3.029e-06,-8.35445e-07,0.999999
0.01,971,0.900001,0.7,0.1,789.954,-1.14619e-05,-2.59133e-06,0.999986
0.01,972,0.900001,0.7,0.2,792.026,-1.1607e-05,-2.58767e-06,0.999966
0.01,973,0.900001,0.7,0.3,792.036,-3.19569e-06,-7.20673e-07,0.999953
0.01,974,0.900001,0.7,0.4,792.04,-1.62682e-07,-3.27697e-08,0.99995
0.01,975,0.900001,0.7,0.5,792.04,1.62682e-07,3.27697e-08,0.99995
0.01,976,0.900001,0.7,0.6,792.036,3.19569e-06,7.20673e-07,0.999953
0.01,977,0.900001,0.7,0.7,792.026,1.1607e-05,2.58767e-06,0.999966
0.01,978,0.900001,0.7,0.8,789.954,1.14619e-05,2.59133e-06,0.999986
0.01,979,0.9,0.7,0.9,624.842,3.029e-06,8.35445e-07,0.999999
0.01,980,0.900001,0.8,-5.16634e-07,622.897,-5.52623e-07,-1.58282e-06,1
0.01,981,0.9,0.8,0.1,787.887,-4.42287e-06,-2.55592e-06,0.999996
0.01,982,0.900001,0.8,0.2,789.954,-4.59642e-06,-2.60275e-06,0.999985
0.01,983,0.900001,0.8,0.3,789.959,-1.2434e-06,-7.25014e-07,0.999978
0.01,984,0.900001,0.8,0.4,789.961,-5.4257e-08,-3.20337e-08,0.999977
0.01,985,0.900001,0.8,0.5,789.961,5.4257e-08,3.20337e-08,0.999977
0.01,986,0.900001,0.8,0.6,789.959,1.2434e-06,7.25014e-07,0.999978
0.01,987,0.900001,0.8,0.7,789.954,4.59642e-06,2.60275e-06,0.999985
0.01,988,0.9,0.8,0.8,787.887,4.42287e-06,2.55592e-06,0.999996
0.01,989,0.900001,0.8,0.900001,622.897,5.52623e-07,1.58282e-06,1
0.01,990,0.900001,0.900001,-6.01978e-07,491.383,1.01416e-06,1.01416e-06,1.00001
0.01,991,0.900001,0.900001,0.1,622.897,-6.39869e-07,-6.39867e-07,1
0.01,992,0.9,0.9,0.2,624.842,-8.61779e-07,-8.61778e-07,0.999998
0.01,993,0.900001,0.900001,0.3,624.843,-2.36146e-07,-2.36146e-07,0.999996
0.01,994,0.900001,0.900001,0.4,624.844,-1.01385e-08,-1.01389e-08,0.999995
0.01,995,0.900001,0.900001,0.5,624.844,1.01385e-08,1.01389e-08,0.999995
0.01,996,0.900001,0.900001,0.6,624.843,2.36146e-07,2.36146e-07,0.999996
0.01,997,0.9,0.9,0.7,624.842,8.61779e-07,8.61778e-07,0.999998
0.01,998,0.900001,0.900001,0.8,622.897,6.39869e-07,6.39867e-07,1
0.01,999,0.900001,0.900001,0.900001,491.383,-1.01416e-06,-1.01416e-06,1.00001
0.02,0,-2.1071e-06,-2.1071e-06,-2.1071e-06,491.37,-3.79186e-06,-3.79185e-06,1.00002
0.02,1,-1.81547e-06,-1.81547e-06,0.1,622.888,2.46223e-06,2.46221e-06,1.00001
0.02,2,-1.77735e-06,-1.77735e-06,0.2,624.844,3.29193e-06,3.29191e-06,0.999995
0.02,3,-1.79853e-06,-1.79853e-06,0.3,624.849,9.77569e-07,9.77572e-07,0.999986
0.02,4,-1.804e-06,-1.804e-06,0.4,624.85,9.60141e-08,9.60211e-08,0.999985
0.02,5,-1.804e-06,-1.804e-06,0.5,624.85,-9.60141e-08,-9.60211e-08,0.999985
0.02,6,-1.79853e-06,-1.79853e-06,0.6,624.849,-9.77569e-07,-9.77572e-07,0.999986
0.02,7,-1.77735e-06,-1.77735e-06,0.7,624.844,-3.29193e-06,-3.29191e-06,0.999995
0.02,8,-1.81547e-06,-1.81547e-06,0.8,622.888,-2.46223e-06,-2.46221e-06,1.00001
0.02,9,-2.1071e-06,-2.1071e-06,0.900002,491.37,3.79186e-06,3.79185e-06,1.00002
0.02,10,-1.81547e-06,0.1,-1.81547e-06,622.888,2.03998e-06,5.97439e-06,1.00001
0.02,11,-1.65808e-06,0.1,0.1,787.892,1.61617e-05,9.30685e-06,0.999988
0.02,12,-1.98492e-06,0.1,0.2,789.982,1.67111e-05,9.42026e-06,0.999947
0.02,13,-2.07324e-06,0.1,0.3,790,4.72519e-06,2.73842e-06,0.999923
0.02,14,-2.10579e-06,0.1,0.4,790.007,4.0568e-07,2.31238e-07,0.999919
0.02,15,-2.10579e-06,0.1,0.5,790.007,-4.0568e-07,-2.31238e-07,0.999919
0.02,16,-2.07324e-06,0.1,0.6,790,-4.72519e-06,-2.73842e-06,0.999923
0.02,17,-1.98492e-06,0.1,0.7,789.982,-1.67111e-05,-9.42026e-06,0.999947
0.02,18,-1.65808e-06,0.1,0.8,787.892,-1.61617e-05,-9.30685e-06,0.999988
0.02,19,-1.81547e-06,0.1,0.900002,622.888,-2.03998e-06,-5.97439e-06,1.00001
0.02,20,-1.77734e-06,0.2,-1.77735e-06,624.844,1.10488e-05,3.07921e-06,0.999998
0.02,21,-1.98492e-06,0.2,0.1,789.982,4.14361e-05,9.33467e-06,0.999953
0.02,22,-4.07265e-06,0.2,0.2,792.087,4.17261e-05,9.28324e-06,0.999882
0.02,23,-4.48749e-06,0.2,0.3,792.123,1.19508e-05,2.72697e-06,0.999836
0.02,24,-4.59181e-06,0.2,0.4,792.137,1.09571e-06,2.53673e-07,0.999826
0.02,25,-4.59181e-06,0.2,0.5,792.137,-1.09571e-06,-2.53673e-07,0.999826
0.02,26,-4.48749e-06,0.2,0.6,792.123,-1.19508e-05,-2.72697e-06,0.999836
0.02,27,-4.07265e-06,0.2,0.7,792.087,-4.17261e-05,-9.28324e-06,0.999882
0.02,28,-1.98492e-06,0.2,0.8,789.982,-4.14361e-05,-9.33467e-06,0.999953
0.02,29,-1.77734e-06,0.2,0.900002,624.844,-1.10488e-05,-3.07921e-06,0.999998
0.02,30,-1.79853e-06,0.3,-1.79854e-06,624.849,1.58334e-05,8.54068e-07,0.999994
0.02,31,-2.07324e-06,0.3,0.1,790,5.55112e-05,2.65875e-06,0.999933
0.02,32,-4.48749e-06,0.3,0.2,792.123,5.57209e-05,2.6896e-06,0.999834
0.02,33,-4.95999e-06,0.3,0.3,792.172,1.60658e-05,8.38288e-07,0.999771
0.02,34,-5.10644e-06,0.3,0.4,792.192,1.57526e-06,1.31524e-07,0.999758
0.02,35,-5.10644e-06,0.3,0.5,792.192,-1.57526e-06,-1.31524e-07,0.999758
0.02,36,-4.95999e-06,0.3,0.6,792.172,-1.60658e-05,-8.38288e-07,0.999771
0.02,37,-4.48749e-06,0.3,0.7,792.123,-5.57209e-05,-2.6896e-06,0.999834
0.02,38,-2.07324e-06,0.3,0.8,790,-5.55112e-05,-2.65875e-06,0.999933
0.02,39,-1.79853e-06,0.3,0.900002,624.849,-1.58334e-05,-8.54068e-07,0.999994
0.02,40,-1.804e-06,0.4,-1.804e-06,624.85,1.68094e-05,6.96158e-08,0.999992
0.02,41,-2.1058e-06,0.4,0.1,790.007,5.83925e-05,2.00327e-07,0.999925
0.02,42,-4.59181e-06,0.4,0.2,792.137,5.87033e-05,2.38168e-07,0.999814
0.02,43,-5.10644e-06,0.4,0.3,792.192,1.71355e-05,1.30362e-07,0.999745
0.02,44,-5.26828e-06,0.4,0.4,792.213,1.79899e-06,4.7314e-08,0.99973
0.02,45,-5.26828e-06,0.4,0.5,792.213,-1.79899e-06,-4.7314e-08,0.99973
0.02,46,-5.10644e-06,0.4,0.6,792.192,-1.71355e-05,-1.30362e-07,0.999745
0.02,47,-4.59181e-06,0.4,0.7,792.137,-5.87033e-05,-2.38168e-07,0.999814
0.02,48,-2.1058e-06,0.4,0.8,790.007,-5.83925e-05,-2.00327e-07,0.999925
0.02,49,-1.804e-06,0.4,0.900002,624.85,-1.68094e-05,-6.96158e-08,0.999992
0.02,50,-1.804e-06,0.5,-1.804e-06,624.85,1.68094e-05,-6.96158e-08,0.999992
0.02,51,-2.1058e-06,0.5,0.1,790.007,5.83925e-05,-2.00327e-07,0.999925
0.02,52,-4.59181e-06,0.5,0.2,792.137,5.87033e-05,-2.38168e-07,0.999814
0.02,53,-5.10644e-06,0.5,0.3,792.192,1.71355e-05,-1.30362e-07,0.999745
0.02,54,-5.26828e-06,0.5,0.4,792.213,1.79899e-06,-4.7314e-08,0.99973
0.02,55,-5.26828e-06,0.5,0.5,792.213,-1.79899e-06,4.7314e-08,0.99973
0.02,56,-5.10644e-06,0.5,0.6,792.192,-1.71355e-05,1.30362e-07,0.999745
0.02,57,-4.59181e-06,0.5,0.7,792.137,-5.87033e-05,2.38168e-07,0.999814
0.02,58,-2.1058e-06,0.5,0.8,790.007,-5.83925e-05,2.00327e-07,0.999925
0.02,59,-1.804e-06,0.5,0.900002,624.85,-1.68094e-05,6.96158e-08,0.999992
0.02,60,-1.79853e-06,0.6,-1.79854e-06,624.849,1.58334e-05,-8.54068e-07,0.999994
0.02,61,-2.07324e-06,0.6,0.1,790,5.55112e-05,-2.65875e-06,0.999933
0.02,62,-4.48749e-06,0.6,0.2,792.123,5.57209e-05,-2.6896e-06,0.999834
0.02,63,-4.95999e-06,0.6,0.3,792.172,1.60658e-05,-8.38288e-07,0.999771
0.02,64,-5.10644e-06,0.6,0.4,792.192,1.57526e-06,-1.31524e-07,0.999758
0.02,65,-5.10644e-06,0.6,0.5,792.192,-1.57526e-06,1.31524e-07,0.999758
0.02,66,-4.95999e-06,0.6,0.6,792.172,-1.60658e-05,8.38288e-07,0.999771
0.02,67,-4.48749e-06,0.6,0.7,792.123,-5.57209e-05,2.6896e-06,0.999834
0.02,68,-2.07324e-06,0.6,0.8,790,-5.55112e-05,2.65875e-06,0.999933
0.02,69,-1.79853e-06,0.6,0.900002,624.849,-1.58334e-05,8.54068e-07,0.999994
0.02,70,-1.77734e-06,0.7,-1.77735e-06,624.844,1.10488e-05,-3.07921e-06,0.999998
0.02,71,-1.98492e-06,0.7,0.1,789.982,4.14361e-05,-9.33467e-06,0.999953
0.02,72,-4.07265e-06,0.7,0.2,792.087,4.17261e-05,-9.28324e-06,0.999882
0.02,73,-4.48749e-06,0.7,0.3,792.123,1.19508e-05,-2.72697e-06,0.999836
0.02,74,-4.59181e-06,0.7,0.4,792.137,1.09571e-06,-2.53673e-07,0.999826
0.02,75,-4.59181e-06,0.7,0.5,792.137,-1.09571e-06,2.53673e-07,0.999826
0.02,76,-4.48749e-06,0.7,0.6,792.123,-1.19508e-05,2.72697e-06,0.999836
0.02,77,-4.07265e-06,0.7,0.7,792.087,-4.17261e-05,9.28324e-06,0.999882
0.02,78,-1.98492e-06,0.7,0.8,789.982,-4.14361e-05,9.33467e-06,0.999953
0.02,79,-1.77734e-06,0.7,0.900002,624.844,-1.10488e-05,3.07921e-06,0.999998
0.02,80,-1.81547e-06,0.8,-1.81547e-06,622.888,2.03998e-06,-5.97439e-06,1.00001
0.02,81,-1.65808e-06,0.8,0.1,787.892,1.61617e-05,-9.30685e-06,0.999988
0.02,82,-1.98492e-06,0.8,0.2,789.982,1.67111e-05,-9.42026e-06,0.999947
0.02,83,-2.07324e-06,0.8,0.3,790,4.72519e-06,-2.73842e-06,0.999923
0.02,84,-2.10579e-06,0.8,0.4,790.007,4.0568e-07,-2.31238e-07,0.999919
0.02,85,-2.10579e-06,0.8,0.5,790.007,-4.0568e-07,2.31238e-07,0.999919
0.02,86,-2.07324e-06,0.8,0.6,790,-4.72519e-06,2.73842e-06,0.999923
0.02,87,-1.98492e-06,0.8,0.7,789.982,-1.67111e-05,9.42026e-06,0.999947
0.02,88,-1.65808e-06,0.8,0.8,787.892,-1.61617e-05,9.30685e-06,0.999988
0.02,89,-1.81547e-06,0.8,0.900002,622.888,-2.03998e-06,5.97439e-06,1.00001
0.02,90,-2.1071e-06,0.900002,-2.1071e-06,491.37,-3.79186e-06,3.79185e-06,1.00002
0.02,91,-1.81547e-06,0.900002,0.1,622.888,2.46223e-06,-2.46221e-06,1.00001
0.02,92,-1.77735e-06,0.900002,0.2,624.844,3.29193e-06,-3.29191e-06,0.999995
0.02,93,-1.79853e-06,0.900002,0.3,624.849,9.77569e-07,-9.77572e-07,0.999986
0.02,94,-1.804e-06,0.900002,0.4,624.85,9.60141e-08,-9.60211e-08,0.999985
0.02,95,-1.804e-06,0.900002,0.5,624.85,-9.60141e-08,9.60211e-08,0.999985
0.02,96,-1.79853e-06,0.900002,0.6,624.849,-9.77569e-07,9.77572e-07,0.999986
0.02,97,-1.77735e-06,0.900002,0.7,624.844,-3.29193e-06,3.29191e-06,0.999995
0.02,98,-1.81547e-06,0.900002,0.8,622.888,-2.46223e-06,2.46221e-06,1.00001
0.02,99,-2.1071e-06,0.900002,0.900002,491.37,3.79186e-06,-3.79185e-06,1.00002
0.02,100,0.1,-1.81548e-06,-1.81547e-06,622.888,5.9744e-06,2.03997e-06,1.00001
0.02,101,0.1,-1.65809e-06,0.1,787.892,9.30688e-06,1.61616e-05,0.999988
0.02,102,0.1,-1.98492e-06,0.2,789.982,9.42029e-06,1.67111e-05,0.999947
0.02,103,0.1,-2.07323e-06,0.3,790,2.73841e-06,4.72519e-06,0.999923
0.02,104,0.1,-2.10579e-06,0.4,790.007,2.31229e-07,4.05694e-07,0.999919
0.02,105,0.1,-2.10579e-06,0.5,790.007,-2.31229e-07,-4.05694e-07,0.999919
0.02,106,0.1,-2.07323e-06,0.6,790,-2.73841e-06,-4.72519e-06,0.999923
0.02,107,0.1,-1.98492e-06,0.7,789.982,-9.42029e-06,-1.67111e-05,0.999947
0.02,108,0.1,-1.65809e-06,0.8,787.892,-9.30688e-06,-1.61616e-05,0.999988
0.02,109,0.1,-1.81548e-06,0.900002,622.888,-5.9744e-06,-2.03997e-06,1.00001
0.02,110,0.1,0.1,-1.65809e-06,787.892,1.9011e-05,1.90109e-05,1.00001
0.02,111,0.0999978,0.0999978,0.0999978,994.316,4.35441e-05,4.3544e-05,0.999978
0.02,112,0.0999909,0.0999909,0.199998,996.512,4.3735e-05,4.3735e-05,0.999929
0.02,113,0.0999886,0.0999886,0.3,996.54,1.32549e-05,1.32549e-05,0.999899
0.02,114,0.0999884,0.0999884,0.4,996.564,1.17182e-06,1.17184e-06,0.999893
0.02,115,0.0999884,0.0999884,0.5,996.564,-1.17182e-06,-1.17184e-06,0.999893
0.02,116,0.0999886,0.0999886,0.6,996.54,-1.32549e-05,-1.32549e-05,0.999899
0.02,117,0.0999909,0.0999909,0.700002,996.512,-4.3735e-05,-4.3735e-05,0.999929
0.02,118,0.0999978,0.0999978,0.800002,994.316,-4.35441e-05,-4.3544e-05,0.999978
0.02,119,0.1,0.1,0.900002,787.892,-1.9011e-05,-1.90109e-05,1.00001
0.02,120,0.1,0.2,-1.98494e-06,789.982,4.24719e-05,1.58153e-05,1
0.02,121,0.0999909,0.199998,0.0999909,996.512,0.000105488,4.31396e-05,0.999982
0.02,122,0.0999661,0.199991,0.199991,998.638,0.000106454,4.33588e-05,0.999951
0.02,123,0.0999574,0.199989,0.3,998.655,3.3172e-05,1.33409e-05,0.999932
0.02,124,0.0999568,0.199988,0.4,998.702,3.24691e-06,1.31623e-06,0.999926
0.02,125,0.0999568,0.199988,0.5,998.702,-3.24691e-06,-1.31623e-06,0.999926
0.02,126,0.0999574,0.199989,0.6,998.655,-3.3172e-05,-1.33409e-05,0.999932
0.02,127,0.0999661,0.199991,0.700009,998.638,-0.000106454,-4.33588e-05,0.999951
0.02,128,0.0999909,0.199998,0.800009,996.512,-0.000105488,-4.31396e-05,0.999982
0.02,129,0.1,0.2,0.900002,789.982,-4.24719e-05,-1.58153e-05,1
0.02,130,0.1,0.3,-2.07326e-06,790,5.59974e-05,4.23091e-06,0.999998
0.02,131,0.0999886,0.3,0.0999886,996.54,0.000141282,1.30293e-05,0.999969
0.02,132,0.0999574,0.3,0.199989,998.655,0.000142653,1.32263e-05,0.999919
0.02,133,0.0999464,0.3,0.3,998.683,4.4812e-05,4.145e-06,0.999888
0.02,134,0.0999455,0.3,0.4,998.747,4.64483e-06,6.29948e-07,0.99988
0.02,135,0.0999455,0.3,0.5,998.747,-4.64483e-06,-6.29948e-07,0.99988
0.02,136,0.0999464,0.3,0.6,998.683,-4.4812e-05,-4.145e-06,0.999888
0.02,137,0.0999574,0.3,0.700011,998.655,-0.000142653,-1.32263e-05,0.999919
0.02,138,0.0999886,0.3,0.800011,996.54,-0.000141282,-1.30293e-05,0.999969
0.02,139,0.1,0.3,0.900002,790,-5.59974e-05,-4.23091e-06,0.999998
0.02,140,0.1,0.4,-2.10582e-06,790.007,5.86982e-05,3.04114e-07,0.999994
0.02,141,0.0999884,0.4,0.0999884,996.564,0.000148985,1.08081e-06,0.999948
0.02,142,0.0999568,0.4,0.199988,998.702,0.000150681,1.28351e-06,0.999869
0.02,143,0.0999455,0.4,0.3,998.747,4.7815e-05,6.29974e-07,0.99982
0.02,144,0.0999445,0.4,0.4,998.817,5.24619e-06,2.26598e-07,0.999809
0.02,145,0.0999445,0.4,0.5,998.817,-5.24619e-06,-2.26598e-07,0.999809
0.02,146,0.0999455,0.4,0.6,998.747,-4.7815e-05,-6.29974e-07,0.99982
0.02,147,0.0999568,0.4,0.700012,998.702,-0.000150681,-1.28351e-06,0.999869
0.02,148,0.0999884,0.4,0.800012,996.564,-0.000148985,-1.08081e-06,0.999948
0.02,149,0.1,0.4,0.900002,790.007,-5.86982e-05,-3.04114e-07,0.999994
0.02,150,0.1,0.5,-2.10582e-06,790.007,5.86982e-05,-3.04114e-07,0.999994
0.02,151,0.0999884,0.5,0.0999884,996.564,0.000148985,-1.08081e-06,0.999948
0.02,152,0.0999568,0.5,0.199988,998.702,0.000150681,-1.28351e-06,0.999869
0.02,153,0.0999455,0.5,0.3,998.747,4.7815e-05,-6.29974e-07,0.99982
0.02,154,0.0999445,0.5,0.4,998.817,5.24619e-06,-2.26598e-07,0.999809
0.02,155,0.0999445,0.5,0.5,998.817,-5.24619e-06,2.26598e-07,0.999809
0.02,156,0.0999455,0.5,0.6,998.747,-4.7815e-05,6.29974e-07,0.99982
0.02,157,0.0999568,0.5,0.700012,998.702,-0.000150681,1.28351e-06,0.999869
0.02,158,0.0999884,0.5,0.800012,996.564,-0.000148985,1.08081e-06,0.999948
0.02,159,0.1,0.5,0.900002,790.007,-5.86982e-05,3.04114e-07,0.999994
0.02,160,0.1,0.6,-2.07326e-06,790,5.59974e-05,-4.23091e-06,0.999998
0.02,161,0.0999886,0.6,0.0999886,996.54,0.000141282,-1.30293e-05,0.999969
0.02,162,0.0999574,0.6,0.199989,998.655,0.000142653,-1.32263e-05,0.999919
0.02,163,0.0999464,0.6,0.3,998.683,4.4812e-05,-4.145e-06,0.999888
0.02,164,0.0999455,0.6,0.4,998.747,4.64483e-06,-6.29948e-07,0.99988
0.02,165,0.0999455,0.6,0.5,998.747,-4.64483e-06,6.29948e-07,0.99988
0.02,166,0.0999464,0.6,0.6,998.683,-4.4812e-05,4.145e-06,0.999888
0.02,167,0.0999574,0.6,0.700011,998.655,-0.000142653,1.32263e-05,0.999919
0.02,168,0.0999886,0.6,0.800011,996.54,-0.000141282,1.30293e-05,0.999969
0.02,169,0.1,0.6,0.900002,790,-5.59974e-05,4.23091e-06,0.999998
0.02,170,0.1,0.7,-1.98494e-06,789.982,4.24719e-05,-1.58153e-05,1
0.02,171,0.0999909,0.700002,0.0999909,996.512,0.000105488,-4.31396e-05,0.999982
0.02,172,0.0999661,0.700009,0.199991,998.638,0.000106454,-4.33588e-05,0.999951
0.02,173,0.0999574,0.700011,0.3,998.655,3.3172e-05,-1.33409e-05,0.999932
0.02,174,0.0999568,0.700012,0.4,998.702,3.24691e-06,-1.31623e-06,0.999926
0.02,175,0.0999568,0.700012,0.5,998.702,-3.24691e-06,1.31623e-06,0.999926
0.02,176,0.0999574,0.700011,0.6,998.655,-3.3172e-05,1.33409e-05,0.999932
0.02,177,0.0999661,0.700009,0.700009,998.638,-0.000106454,4.33588e-05,0.999951
0.02,178,0.0999909,0.700002,0.800009,996.512,-0.000105488,4.31396e-05,0.999982
0.02,179,0.1,0.7,0.900002,789.982,-4.24719e-05,1.58153e-05,1
0.02,180,0.1,0.8,-1.65809e-06,787.892,1.9011e-05,-1.90109e-05,1.00001
0.02,181,0.0999978,0.800002,0.0999978,994.316,4.35441e-05,-4.3544e-05,0.999978
0.02,182,0.0999909,0.800009,0.199998,996.512,4.3735e-05,-4.3735e-05,0.999929
0.02,183,0.0999886,0.800011,0.3,996.54,1.32549e-05,-1.32549e-05,0.999899
0.02,184,0.0999884,0.800012,0.4,996.564,1.17182e-06,-1.17184e-06,0.999893
0.02,185,0.0999884,0.800012,0.5,996.564,-1.17182e-06,1.17184e-06,0.999893
0.02,186,0.0999886,0.800011,0.6,996.54,-1.32549e-05,1.32549e-05,0.999899
0.02,187,0.0999909,0.800009,0.700002,996.512,-4.3735e-05,4.3735e-05,0.999929
0.02,188,0.0999978,0.800002,0.800002,994.316,-4.35441e-05,4.3544e-05,0.999978
0.02,189,0.1,0.8,0.900002,787.892,-1.9011e-05,1.90109e-05,1.00001
0.02,190,0.1,0.900002,-1.81547e-06,622.888,5.9744e-06,-2.03997e-06,1.00001
0.02,191,0.1,0.900002,0.1,787.892,9.30688e-06,-1.61616e-05,0.999988
0.02,192,0.1,0.900002,0.2,789.982,9.42029e-06,-1.67111e-05,0.999947
0.02,193,0.1,0.900002,0.3,790,2.73841e-06,-4.72519e-06,0.999923
0.02,194,0.1,0.900002,0.4,790.007,2.31229e-07,-4.05694e-07,0.999919
0.02,195,0.1,0.900002,0.5,790.007,-2.31229e-07,4.05694e-07,0.999919
0.02,196,0.1,0.900002,0.6,790,-2.73841e-06,4.72519e-06,0.999923
0.02,197,0.1,0.900002,0.7,789.982,-9.42029e-06,1.67111e-05,0.999947
0.02,198,0.1,0.900002,0.8,787.892,-9.30688e-06,1.61616e-05,0.999988
0.02,199,0.1,0.900002,0.900002,622.888,-5.9744e-06,2.03997e-06,1.00001
0.02,200,0.2,-1.77736e-06,-1.77735e-06,624.844,3.07922e-06,1.10487e-05,0.999998
0.02,201,0.2,-1.98493e-06,0.1,789.982,9.3347e-06,4.1436e-05,0.999953
0.02,202,0.2,-4.07264e-06,0.2,792.087,9.28326e-06,4.1726e-05,0.999882
0.02,203,0.2,-4.48748e-06,0.3,792.123,2.72697e-06,1.19508e-05,0.999836
0.02,204,0.2,-4.59181e-06,0.4,792.137,2.53665e-07,1.09574e-06,0.999826
0.02,205,0.2,-4.59181e-06,0.5,792.137,-2.53665e-07,-1.09574e-06,0.999826
0.02,206,0.2,-4.48748e-06,0.6,792.123,-2.72697e-06,-1.19508e-05,0.999836
0.02,207,0.2,-4.07264e-06,0.7,792.087,-9.28326e-06,-4.1726e-05,0.999882
0.02,208,0.2,-1.98493e-06,0.8,789.982,-9.3347e-06,-4.1436e-05,0.999953
0.02,209,0.2,-1.77736e-06,0.900002,624.844,-3.07922e-06,-1.10487e-05,0.999998
0.02,210,0.2,0.1,-1.98494e-06,789.982,1.58154e-05,4.24718e-05,1
0.02,211,0.199998,0.0999909,0.0999909,996.512,4.31397e-05,0.000105488,0.999982
0.02,212,0.199991,0.0999661,0.199991,998.638,4.33588e-05,0.000106454,0.999951
0.02,213,0.199989,0.0999574,0.3,998.655,1.33409e-05,3.3172e-05,0.999932
0.02,214,0.199988,0.0999568,0.4,998.702,1.31622e-06,3.24694e-06,0.999926
0.02,215,0.199988,0.0999568,0.5,998.702,-1.31622e-06,-3.24694e-06,0.999926
0.02,216,0.199989,0.0999574,0.6,998.655,-1.33409e-05,-3.3172e-05,0.999932
0.02,217,0.199991,0.0999661,0.700009,998.638,-4.33588e-05,-0.000106454,0.999951
0.02,218,0.199998,0.0999909,0.800009,996.512,-4.31397e-05,-0.000105488,0.999982
0.02,219,0.2,0.1,0.900002,789.982,-1.58154e-05,-4.24718e-05,1
0.02,220,0.2,0.2,-4.0727e-06,792.087,3.92415e-05,3.92414e-05,1.00002
0.02,221,0.199991,0.199991,0.0999661,998.638,0.000104724,0.000104723,1.00009
0.02,222,0.199966,0.199966,0.199966,1000.49,0.000106182,0.000106182,1.00021
0.02,223,0.199957,0.199957,0.299998,1000.41,3.37267e-05,3.37267e-05,1.00029
0.02,224,0.199957,0.199957,0.399999,1000.49,3.70959e-06,3.70962e-06,1.0003
0.02,225,0.199957,0.199957,0.500001,1000.49,-3.70959e-06,-3.70962e-06,1.0003
0.02,226,0.199957,0.199957,0.600002,1000.41,-3.37267e-05,-3.37267e-05,1.00029
0.02,227,0.199966,0.199966,0.700034,1000.49,-0.000106182,-0.000106182,1.00021
0.02,228,0.199991,0.199991,0.800034,998.638,-0.000104724,-0.000104723,1.00009
0.02,229,0.2,0.2,0.900004,792.087,-3.92415e-05,-3.92414e-05,1.00002
0.02,230,0.2,0.3,-4.48756e-06,792.123,5.26425e-05,1.08772e-05,1.00002
0.02,231,0.199989,0.3,0.0999574,998.655,0.000140574,3.28738e-05,1.00011
0.02,232,0.199957,0.299998,0.199957,1000.41,0.000142867,3.35954e-05,1.00026
0.02,233,0.199946,0.299997,0.299997,1000.31,4.5958e-05,1.08983e-05,1.00035
0.02,234,0.199945,0.299997,0.399999,1000.42,5.40769e-06,1.7766e-06,1.00036
0.02,235,0.199945,0.299997,0.500001,1000.42,-5.40769e-06,-1.7766e-06,1.00036
0.02,236,0.199946,0.299997,0.600003,1000.31,-4.5958e-05,-1.08983e-05,1.00035
0.02,237,0.199957,0.299998,0.700043,1000.41,-0.000142867,-3.35954e-05,1.00026
0.02,238,0.199989,0.3,0.800043,998.655,-0.000140574,-3.28738e-05,1.00011
0.02,239,0.2,0.3,0.900004,792.123,-5.26425e-05,-1.08772e-05,1.00002
0.02,240,0.2,0.4,-4.59188e-06,792.137,5.53838e-05,8.65909e-07,1.00001
0.02,241,0.199988,0.4,0.0999568,998.702,0.000148584,3.11229e-06,1.00007
0.02,242,0.199957,0.399999,0.199957,1000.49,0.000151416,3.68995e-06,1.00017
0.02,243,0.199945,0.399999,0.299997,1000.42,4.93701e-05,1.77858e-06,1.00022
0.02,244,0.199944,0.399998,0.399998,1000.55,6.16966e-06,6.18134e-07,1.00023
0.02,245,0.199944,0.399998,0.500002,1000.55,-6.16966e-06,-6.18134e-07,1.00023
0.02,246,0.199945,0.399999,0.600003,1000.42,-4.93701e-05,-1.77858e-06,1.00022
0.02,247,0.199957,0.399999,0.700043,1000.49,-0.000151416,-3.68995e-06,1.00017
0.02,248,0.199988,0.4,0.800043,998.702,-0.000148584,-3.11229e-06,1.00007
0.02,249,0.2,0.4,0.900005,792.137,-5.53838e-05,-8.65909e-07,1.00001
0.02,250,0.2,0.5,-4.59188e-06,792.137,5.53838e-05,-8.65909e-07,1.00001
0.02,251,0.199988,0.5,0.0999568,998.702,0.000148584,-3.11229e-06,1.00007
0.02,252,0.199957,0.500001,0.199957,1000.49,0.000151416,-3.68995e-06,1.00017
0.02,253,0.199945,0.500001,0.299997,1000.42,4.93701e-05,-1.77858e-06,1.00022
0.02,254,0.199944,0.500002,0.399998,1000.55,6.16966e-06,-6.18134e-07,1.00023
0.02,255,0.199944,0.500002,0.500002,1000.55,-6.16966e-06,6.18134e-07,1.00023
0.02,256,0.199945,0.500001,0.600003,1000.42,-4.93701e-05,1.77858e-06,1.00022
0.02,257,0.199957,0.500001,0.700043,1000.49,-0.000151416,3.68995e-06,1.00017
0.02,258,0.199988,0.5,0.800043,998.702,-0.000148584,3.11229e-06,1.00007
0.02,259,0.2,0.5,0.900005,792.137,-5.53838e-05,8.65909e-07,1.00001
0.02,260,0.2,0.6,-4.48756e-06,792.123,5.26425e-05,-1.08772e-05,1.00002
0.02,261,0.199989,0.6,0.0999574,998.655,0.000140574,-3.28738e-05,1.00011
0.02,262,0.199957,0.600002,0.199957,1000.41,0.000142867,-3.35954e-05,1.00026
0.02,263,0.199946,0.600003,0.299997,1000.31,4.5958e-05,-1.08983e-05,1.00035
0.02,264,0.199945,0.600003,0.399999,1000.42,5.40769e-06,-1.7766e-06,1.00036
0.02,265,0.199945,0.600003,0.500001,1000.42,-5.40769e-06,1.7766e-06,1.00036
0.02,266,0.199946,0.600003,0.600003,1000.31,-4.5958e-05,1.08983e-05,1.00035
0.02,267,0.199957,0.600002,0.700043,1000.41,-0.000142867,3.35954e-05,1.00026
0.02,268,0.199989,0.6,0.800043,998.655,-0.000140574,3.28738e-05,1.00011
0.02,269,0.2,0.6,0.900004,792.123,-5.26425e-05,1.08772e-05,1.00002
0.02,270,0.2,0.7,-4.0727e-06,792.087,3.92415e-05,-3.92414e-05,1.00002
0.02,271,0.199991,0.700009,0.0999661,998.638,0.000104724,-0.000104723,1.00009
0.02,272,0.199966,0.700034,0.199966,1000.49,0.000106182,-0.000106182,1.00021
0.02,273,0.199957,0.700043,0.299998,1000.41,3.37267e-05,-3.37267e-05,1.00029
0.02,274,0.199957,0.700043,0.399999,1000.49,3.70959e-06,-3.70962e-06,1.0003
0.02,275,0.199957,0.700043,0.500001,1000.49,-3.70959e-06,3.70962e-06,1.0003
0.02,276,0.199957,0.700043,0.600002,1000.41,-3.37267e-05,3.37267e-05,1.00029
0.02,277,0.199966,0.700034,0.700034,1000.49,-0.000106182,0.000106182,1.00021
0.02,278,0.199991,0.700009,0.800034,998.638,-0.000104724,0.000104723,1.00009
0.02,279,0.2,0.7,0.900004,792.087,-3.92415e-05,3.92414e-05,1.00002
0.02,280,0.2,0.8,-1.98494e-06,789.982,1.58154e-05,-4.24718e-05,1
0.02,281,0.199998,0.800009,0.0999909,996.512,4.31397e-05,-0.000105488,0.999982
0.02,282,0.199991,0.800034,0.199991,998.638,4.33588e-05,-0.000106454,0.999951
0.02,283,0.199989,0.800043,0.3,998.655,1.33409e-05,-3.3172e-05,0.999932
0.02,284,0.199988,0.800043,0.4,998.702,1.31622e-06,-3.24694e-06,0.999926
0.02,285,0.199988,0.800043,0.5,998.702,-1.31622e-06,3.24694e-06,0.999926
0.02,286,0.199989,0.800043,0.6,998.655,-1.33409e-05,3.3172e-05,0.999932
0.02,287,0.199991,0.800034,0.700009,998.638,-4.33588e-05,0.000106454,0.999951
0.02,288,0.199998,0.800009,0.800009,996.512,-4.31397e-05,0.000105488,0.999982
0.02,289,0.2,0.8,0.900002,789.982,-1.58154e-05,4.24718e-05,1
0.02,290,0.2,0.900002,-1.77735e-06,624.844,3.07922e-06,-1.10487e-05,0.999998
0.02,291,0.2,0.900002,0.1,789.982,9.3347e-06,-4.1436e-05,0.999953
0.02,292,0.2,0.900004,0.2,792.087,9.28326e-06,-4.1726e-05,0.999882
0.02,293,0.2,0.900004,0.3,792.123,2.72697e-06,-1.19508e-05,0.999836
0.02,294,0.2,0.900005,0.4,792.137,2.53665e-07,-1.09574e-06,0.999826
0.02,295,0.2,0.900005,0.5,792.137,-2.53665e-07,1.09574e-06,0.999826
0.02,296,0.2,0.900004,0.6,792.123,-2.72697e-06,1.19508e-05,0.999836
0.02,297,0.2,0.900004,0.7,792.087,-9.28326e-06,4.1726e-05,0.999882
0.02,298,0.2,0.900002,0.8,789.982,-9.3347e-06,4.1436e-05,0.999953
0.02,299,0.2,0.900002,0.900002,624.844,-3.07922e-06,1.10487e-05,0.999998
0.02,300,0.3,-1.79855e-06,-1.79854e-06,624.849,8.54071e-07,1.58333e-05,0.999994
0.02,301,0.3,-2.07324e-06,0.1,790,2.65877e-06,5.55111e-05,0.999933
0.02,302,0.3,-4.48748e-06,0.2,792.123,2.68961e-06,5.57208e-05,0.999834
0.02,303,0.3,-4.95998e-06,0.3,792.172,8.38286e-07,1.60658e-05,0.999771
0.02,304,0.3,-5.10643e-06,0.4,792.192,1.3152e-07,1.57529e-06,0.999758
0.02,305,0.3,-5.10643e-06,0.5,792.192,-1.3152e-07,-1.57529e-06,0.999758
0.02,306,0.3,-4.95998e-06,0.6,792.172,-8.38286e-07,-1.60658e-05,0.999771
0.02,307,0.3,-4.48748e-06,0.7,792.123,-2.68961e-06,-5.57208e-05,0.999834
0.02,308,0.3,-2.07324e-06,0.8,790,-2.65877e-06,-5.55111e-05,0.999933
0.02,309,0.3,-1.79855e-06,0.900002,624.849,-8.54071e-07,-1.58333e-05,0.999994
0.02,310,0.3,0.1,-2.07326e-06,790,4.23092e-06,5.59973e-05,0.999998
0.02,311,0.3,0.0999886,0.0999886,996.54,1.30294e-05,0.000141282,0.999969
0.02,312,0.3,0.0999574,0.199989,998.655,1.32263e-05,0.000142653,0.999919
0.02,313,0.3,0.0999464,0.3,998.683,4.145e-06,4.4812e-05,0.999888
0.02,314,0.3,0.0999455,0.4,998.747,6.29939e-07,4.64488e-06,0.99988
0.02,315,0.3,0.0999455,0.5,998.747,-6.29939e-07,-4.64488e-06,0.99988
0.02,316,0.3,0.0999464,0.6,998.683,-4.145e-06,-4.4812e-05,0.999888
0.02,317,0.3,0.0999574,0.700011,998.655,-1.32263e-05,-0.000142653,0.999919
0.02,318,0.3,0.0999886,0.800011,996.54,-1.30294e-05,-0.000141282,0.999969
0.02,319,0.3,0.1,0.900002,790,-4.23092e-06,-5.59973e-05,0.999998
0.02,320,0.3,0.2,-4.48756e-06,792.123,1.08772e-05,5.26423e-05,1.00002
0.02,321,0.3,0.199989,0.0999574,998.655,3.28739e-05,0.000140574,1.00011
0.02,322,0.299998,0.199957,0.199957,1000.41,3.35954e-05,0.000142867,1.00026
0.02,323,0.299997,0.199946,0.299997,1000.31,1.08983e-05,4.5958e-05,1.00035
0.02,324,0.299997,0.199945,0.399999,1000.42,1.77659e-06,5.40773e-06,1.00036
0.02,325,0.299997,0.199945,0.500001,1000.42,-1.77659e-06,-5.40773e-06,1.00036
0.02,326,0.299997,0.199946,0.600003,1000.31,-1.08983e-05,-4.5958e-05,1.00035
0.02,327,0.299998,0.199957,0.700043,1000.41,-3.35954e-05,-0.000142867,1.00026
0.02,328,0.3,0.199989,0.800043,998.655,-3.28739e-05,-0.000140574,1.00011
0.02,329,0.3,0.2,0.900004,792.123,-1.08772e-05,-5.26423e-05,1.00002
0.02,330,0.3,0.3,-4.96008e-06,792.172,1.46102e-05,1.46101e-05,1.00003
0.02,331,0.3,0.3,0.0999464,998.683,4.44685e-05,4.44684e-05,1.00013
0.02,332,0.299997,0.299997,0.199946,1000.31,4.57822e-05,4.57821e-05,1.00031
0.02,333,0.299997,0.299997,0.299997,1000.19,1.53182e-05,1.53182e-05,1.00041
0.02,334,0.299996,0.299996,0.399998,1000.34,2.70614e-06,2.70616e-06,1.00044
0.02,335,0.299996,0.299996,0.500002,1000.34,-2.70614e-06,-2.70616e-06,1.00044
0.02,336,0.299997,0.299997,0.600003,1000.19,-1.53182e-05,-1.53182e-05,1.00041
0.02,337,0.299997,0.299997,0.700054,1000.31,-4.57822e-05,-4.57821e-05,1.00031
0.02,338,0.3,0.3,0.800054,998.683,-4.44685e-05,-4.44684e-05,1.00013
0.02,339,0.3,0.3,0.900005,792.172,-1.46102e-05,-1.46101e-05,1.00003
0.02,340,0.3,0.4,-5.10653e-06,792.192,1.55412e-05,1.26208e-06,1.00002
0.02,341,0.3,0.4,0.0999455,998.747,4.74231e-05,4.47774e-06,1.00007
0.02,342,0.299997,0.399999,0.199945,1000.42,4.91807e-05,5.39671e-06,1.00018
0.02,343,0.299996,0.399998,0.299996,1000.34,1.69303e-05,2.71284e-06,1.00025
0.02,344,0.299995,0.399998,0.399998,1000.51,3.16913e-06,9.47742e-07,1.00026
0.02,345,0.299995,0.399998,0.500002,1000.51,-3.16913e-06,-9.47742e-07,1.00026
0.02,346,0.299996,0.399998,0.600004,1000.34,-1.69303e-05,-2.71284e-06,1.00025
0.02,347,0.299997,0.399999,0.700055,1000.42,-4.91807e-05,-5.39671e-06,1.00018
0.02,348,0.3,0.4,0.800054,998.747,-4.74231e-05,-4.47774e-06,1.00007
0.02,349,0.3,0.4,0.900005,792.192,-1.55412e-05,-1.26208e-06,1.00002
0.02,350,0.3,0.5,-5.10653e-06,792.192,1.55412e-05,-1.26208e-06,1.00002
0.02,351,0.3,0.5,0.0999455,998.747,4.74231e-05,-4.47774e-06,1.00007
0.02,352,0.299997,0.500001,0.199945,1000.42,4.91807e-05,-5.39671e-06,1.00018
0.02,353,0.299996,0.500002,0.299996,1000.34,1.69303e-05,-2.71284e-06,1.00025
0.02,354,0.299995,0.500002,0.399998,1000.51,3.16913e-06,-9.47742e-07,1.00026
0.02,355,0.299995,0.500002,0.500002,1000.51,-3.16913e-06,9.47742e-07,1.00026
0.02,356,0.299996,0.500002,0.600004,1000.34,-1.69303e-05,2.71284e-06,1.00025
0.02,357,0.299997,0.500001,0.700055,1000.42,-4.91807e-05,5.39671e-06,1.00018
0.02,358,0.3,0.5,0.800054,998.747,-4.74231e-05,4.47774e-06,1.00007
0.02,359,0.3,0.5,0.900005,792.192,-1.55412e-05,1.26208e-06,1.00002
0.02,360,0.3,0.6,-4.96008e-06,792.172,1.46102e-05,-1.46101e-05,1.00003
0.02,361,0.3,0.6,0.0999464,998.683,4.44685e-05,-4.44684e-05,1.00013
0.02,362,0.299997,0.600003,0.199946,1000.31,4.57822e-05,-4.57821e-05,1.00031
0.02,363,0.299997,0.600003,0.299997,1000.19,1.53182e-05,-1.53182e-05,1.00041
0.02,364,0.299996,0.600004,0.399998,1000.34,2.70614e-06,-2.70616e-06,1.00044
0.02,365,0.299996,0.600004,0.500002,1000.34,-2.70614e-06,2.70616e-06,1.00044
0.02,366,0.299997,0.600003,0.600003,1000.19,-1.53182e-05,1.53182e-05,1.00041
0.02,367,0.299997,0.600003,0.700054,1000.31,-4.57822e-05,4.57821e-05,1.00031
0.02,368,0.3,0.6,0.800054,998.683,-4.44685e-05,4.44684e-05,1.00013
0.02,369,0.3,0.6,0.900005,792.172,-1.46102e-05,1.46101e-05,1.00003
0.02,370,0.3,0.7,-4.48756e-06,792.123,1.08772e-05,-5.26423e-05,1.00002
0.02,371,0.3,0.700011,0.0999574,998.655,3.28739e-05,-0.000140574,1.00011
0.02,372,0.299998,0.700043,0.199957,1000.41,3.35954e-05,-0.000142867,1.00026
0.02,373,0.299997,0.700054,0.299997,1000.31,1.08983e-05,-4.5958e-05,1.00035
0.02,374,0.299997,0.700055,0.399999,1000.42,1.77659e-06,-5.40773e-06,1.00036
0.02,375,0.299997,0.700055,0.500001,1000.42,-1.77659e-06,5.40773e-06,1.00036
0.02,376,0.299997,0.700054,0.600003,1000.31,-1.08983e-05,4.5958e-05,1.00035
0.02,377,0.299998,0.700043,0.700043,1000.41,-3.35954e-05,0.000142867,1.00026
0.02,378,0.3,0.700011,0.800043,998.655,-3.28739e-05,0.000140574,1.00011
0.02,379,0.3,0.7,0.900004,792.123,-1.08772e-05,5.26423e-05,1.00002
0.02,380,0.3,0.8,-2.07326e-06,790,4.23092e-06,-5.59973e-05,0.999998
0.02,381,0.3,0.800011,0.0999886,996.54,1.30294e-05,-0.000141282,0.999969
0.02,382,0.3,0.800043,0.199989,998.655,1.32263e-05,-0.000142653,0.999919
0.02,383,0.3,0.800054,0.3,998.683,4.145e-06,-4.4812e-05,0.999888
0.02,384,0.3,0.800054,0.4,998.747,6.29939e-07,-4.64488e-06,0.99988
0.02,385,0.3,0.800054,0.5,998.747,-6.29939e-07,4.64488e-06,0.99988
0.02,386,0.3,0.800054,0.6,998.683,-4.145e-06,4.4812e-05,0.999888
0.02,387,0.3,0.800043,0.700011,998.655,-1.32263e-05,0.000142653,0.999919
0.02,388,0.3,0.800011,0.800011,996.54,-1.30294e-05,0.000141282,0.999969
0.02,389,0.3,0.8,0.900002,790,-4.23092e-06,5.59973e-05,0.999998
0.02,390,0.3,0.900002,-1.79854e-06,624.849,8.54071e-07,-1.58333e-05,0.999994
0.02,391,0.3,0.900002,0.1,790,2.65877e-06,-5.55111e-05,0.999933
0.02,392,0.3,0.900004,0.2,792.123,2.68961e-06,-5.57208e-05,0.999834
0.02,393,0.3,0.900005,0.3,792.172,8.38286e-07,-1.60658e-05,0.999771
0.02,394,0.3,0.900005,0.4,792.192,1.3152e-07,-1.57529e-06,0.999758
0.02,395,0.3,0.900005,0.5,792.192,-1.3152e-07,1.57529e-06,0.999758
0.02,396,0.3,0.900005,0.6,792.172,-8.38286e-07,1.60658e-05,0.999771
0.02,397,0.3,0.900004,0.7,792.123,-2.68961e-06,5.57208e-05,0.999834
0.02,398,0.3,0.900002,0.8,790,-2.65877e-06,5.55111e-05,0.999933
0.02,399,0.3,0.900002,0.900002,624.849,-8.54071e-07,1.58333e-05,0.999994
0.02,400,0.4,-1.80402e-06,-1.804e-06,624.85,6.96158e-08,1.68093e-05,0.999992
0.02,401,0.4,-2.1058e-06,0.1,790.007,2.00331e-07,5.83924e-05,0.999925
0.02,402,0.4,-4.5918e-06,0.2,792.137,2.38171e-07,5.87032e-05,0.999814
0.02,403,0.4,-5.10642e-06,0.3,792.192,1.30361e-07,1.71355e-05,0.999745
0.02,404,0.4,-5.26827e-06,0.4,792.213,4.73128e-08,1.79902e-06,0.99973
0.02,405,0.4,-5.26827e-06,0.5,792.213,-4.73128e-08,-1.79902e-06,0.99973
0.02,406,0.4,-5.10642e-06,0.6,792.192,-1.30361e-07,-1.71355e-05,0.999745
0.02,407,0.4,-4.5918e-06,0.7,792.137,-2.38171e-07,-5.87032e-05,0.999814
0.02,408,0.4,-2.1058e-06,0.8,790.007,-2.00331e-07,-5.83924e-05,0.999925
0.02,409,0.4,-1.80402e-06,0.900002,624.85,-6.96158e-08,-1.68093e-05,0.999992
0.02,410,0.4,0.1,-2.10582e-06,790.007,3.04115e-07,5.86981e-05,0.999994
0.02,411,0.4,0.0999884,0.0999884,996.564,1.08082e-06,0.000148985,0.999948
0.02,412,0.4,0.0999568,0.199988,998.702,1.28351e-06,0.000150681,0.999869
0.02,413,0.4,0.0999455,0.3,998.747,6.29973e-07,4.7815e-05,0.99982
0.02,414,0.4,0.0999445,0.4,998.817,2.26596e-07,5.24623e-06,0.999809
0.02,415,0.4,0.0999445,0.5,998.817,-2.26596e-07,-5.24623e-06,0.999809
0.02,416,0.4,0.0999455,0.6,998.747,-6.29973e-07,-4.7815e-05,0.99982
0.02,417,0.4,0.0999568,0.700012,998.702,-1.28351e-06,-0.000150681,0.999869
0.02,418,0.4,0.0999884,0.800012,996.564,-1.08082e-06,-0.000148985,0.999948
0.02,419,0.4,0.1,0.900002,790.007,-3.04115e-07,-5.86981e-05,0.999994
0.02,420,0.4,0.2,-4.59188e-06,792.137,8.65912e-07,5.53837e-05,1.00001
0.02,421,0.4,0.199988,0.0999568,998.702,3.1123e-06,0.000148584,1.00007
0.02,422,0.399999,0.199957,0.199957,1000.49,3.68996e-06,0.000151416,1.00017
0.02,423,0.399999,0.199945,0.299997,1000.42,1.77858e-06,4.93701e-05,1.00022
0.02,424,0.399998,0.199944,0.399998,1000.55,6.1813e-07,6.1697e-06,1.00023
0.02,425,0.399998,0.199944,0.500002,1000.55,-6.1813e-07,-6.1697e-06,1.00023
0.02,426,0.399999,0.199945,0.600003,1000.42,-1.77858e-06,-4.93701e-05,1.00022
0.02,427,0.399999,0.199957,0.700043,1000.49,-3.68996e-06,-0.000151416,1.00017
0.02,428,0.4,0.199988,0.800043,998.702,-3.1123e-06,-0.000148584,1.00007
0.02,429,0.4,0.2,0.900005,792.137,-8.65912e-07,-5.53837e-05,1.00001
0.02,430,0.4,0.3,-5.10653e-06,792.192,1.26208e-06,1.55412e-05,1.00002
0.02,431,0.4,0.3,0.0999455,998.747,4.47776e-06,4.7423e-05,1.00007
0.02,432,0.399999,0.299997,0.199945,1000.42,5.39672e-06,4.91807e-05,1.00018
0.02,433,0.399998,0.299996,0.299996,1000.34,2.71283e-06,1.69303e-05,1.00025
0.02,434,0.399998,0.299995,0.399998,1000.51,9.47736e-07,3.16916e-06,1.00026
0.02,435,0.399998,0.299995,0.500002,1000.51,-9.47736e-07,-3.16916e-06,1.00026
0.02,436,0.399998,0.299996,0.600004,1000.34,-2.71283e-06,-1.69303e-05,1.00025
0.02,437,0.399999,0.299997,0.700055,1000.42,-5.39672e-06,-4.91807e-05,1.00018
0.02,438,0.4,0.3,0.800054,998.747,-4.47776e-06,-4.7423e-05,1.00007
0.02,439,0.4,0.3,0.900005,792.192,-1.26208e-06,-1.55412e-05,1.00002
0.02,440,0.4,0.4,-5.26838e-06,792.213,1.45376e-06,1.45375e-06,1
0.02,441,0.4,0.4,0.0999445,998.817,5.06281e-06,5.06279e-06,1.00002
0.02,442,0.399998,0.399998,0.199944,1000.55,6.16245e-06,6.16243e-06,1.00005
0.02,443,0.399998,0.399998,0.299995,1000.51,3.17913e-06,3.17913e-06,1.00007
0.02,444,0.399997,0.399997,0.399997,1000.7,1.10159e-06,1.10159e-06,1.00008
0.02,445,0.399997,0.399997,0.500003,1000.7,-1.10159e-06,-1.10159e-06,1.00008
0.02,446,0.399998,0.399998,0.600005,1000.51,-3.17913e-06,-3.17913e-06,1.00007
0.02,447,0.399998,0.399998,0.700056,1000.55,-6.16245e-06,-6.16243e-06,1.00005
0.02,448,0.4,0.4,0.800055,998.817,-5.06281e-06,-5.06279e-06,1.00002
0.02,449,0.4,0.4,0.900005,792.213,-1.45376e-06,-1.45375e-06,1
0.02,450,0.4,0.5,-5.26838e-06,792.213,1.45376e-06,-1.45375e-06,1
0.02,451,0.4,0.5,0.0999445,998.817,5.06281e-06,-5.06279e-06,1.00002
0.02,452,0.399998,0.500002,0.199944,1000.55,6.16245e-06,-6.16243e-06,1.00005
0.02,453,0.399998,0.500002,0.299995,1000.51,3.17913e-06,-3.17913e-06,1.00007
0.02,454,0.399997,0.500003,0.399997,1000.7,1.10159e-06,-1.10159e-06,1.00008
0.02,455,0.399997,0.500003,0.500003,1000.7,-1.10159e-06,1.10159e-06,1.00008
0.02,456,0.399998,0.500002,0.600005,1000.51,-3.17913e-06,3.17913e-06,1.00007
0.02,457,0.399998,0.500002,0.700056,1000.55,-6.16245e-06,6.16243e-06,1.00005
0.02,458,0.4,0.5,0.800055,998.817,-5.06281e-06,5.06279e-06,1.00002
0.02,459,0.4,0.5,0.900005,792.213,-1.45376e-06,1.45375e-06,1
0.02,460,0.4,0.6,-5.10653e-06,792.192,1.26208e-06,-1.55412e-05,1.00002
0.02,461,0.4,0.6,0.0999455,998.747,4.47776e-06,-4.7423e-05,1.00007
0.02,462,0.399999,0.600003,0.199945,1000.42,5.39672e-06,-4.91807e-05,1.00018
0.02,463,0.399998,0.600004,0.299996,1000.34,2.71283e-06,-1.69303e-05,1.00025
0.02,464,0.399998,0.600005,0.399998,1000.51,9.47736e-07,-3.16916e-06,1.00026
0.02,465,0.399998,0.600005,0.500002,1000.51,-9.47736e-07,3.16916e-06,1.00026
0.02,466,0.399998,0.600004,0.600004,1000.34,-2.71283e-06,1.69303e-05,1.00025
0.02,467,0.399999,0.600003,0.700055,1000.42,-5.39672e-06,4.91807e-05,1.00018
0.02,468,0.4,0.6,0.800054,998.747,-4.47776e-06,4.7423e-05,1.00007
0.02,469,0.4,0.6,0.900005,792.192,-1.26208e-06,1.55412e-05,1.00002
0.02,470,0.4,0.7,-4.59188e-06,792.137,8.65912e-07,-5.53837e-05,1.00001
0.02,471,0.4,0.700012,0.0999568,998.702,3.1123e-06,-0.000148584,1.00007
0.02,472,0.399999,0.700043,0.199957,1000.49,3.68996e-06,-0.000151416,1.00017
0.02,473,0.399999,0.700055,0.299997,1000.42,1.77858e-06,-4.93701e-05,1.00022
0.02,474,0.399998,0.700056,0.399998,1000.55,6.1813e-07,-6.1697e-06,1.00023
0.02,475,0.399998,0.700056,0.500002,1000.55,-6.1813e-07,6.1697e-06,1.00023
0.02,476,0.399999,0.700055,0.600003,1000.42,-1.77858e-06,4.93701e-05,1.00022
0.02,477,0.399999,0.700043,0.700043,1000.49,-3.68996e-06,0.000151416,1.00017
0.02,478,0.4,0.700012,0.800043,998.702,-3.1123e-06,0.000148584,1.00007
0.02,479,0.4,0.7,0.900005,792.137,-8.65912e-07,5.53837e-05,1.00001
0.02,480,0.4,0.8,-2.10582e-06,790.007,3.04115e-07,-5.86981e-05,0.999994
0.02,481,0.4,0.800012,0.0999884,996.564,1.08082e-06,-0.000148985,0.999948
0.02,482,0.4,0.800043,0.199988,998.702,1.28351e-06,-0.000150681,0.999869
0.02,483,0.4,0.800054,0.3,998.747,6.29973e-07,-4.7815e-05,0.99982
0.02,484,0.4,0.800055,0.4,998.817,2.26596e-07,-5.24623e-06,0.999809
0.02,485,0.4,0.800055,0.5,998.817,-2.26596e-07,5.24623e-06,0.999809
0.02,486,0.4,0.800054,0.6,998.747,-6.29973e-07,4.7815e-05,0.99982
0.02,487,0.4,0.800043,0.700012,998.702,-1.28351e-06,0.000150681,0.999869
0.02,488,0.4,0.800012,0.800012,996.564,-1.08082e-06,0.000148985,0.999948
0.02,489,0.4,0.8,0.900002,790.007,-3.04115e-07,5.86981e-05,0.999994
0.02,490,0.4,0.900002,-1.804e-06,624.85,6.96158e-08,-1.68093e-05,0.999992
0.02,491,0.4,0.900002,0.1,790.007,2.00331e-07,-5.83924e-05,0.999925
0.02,492,0.4,0.900005,0.2,792.137,2.38171e-07,-5.87032e-05,0.999814
0.02,493,0.4,0.900005,0.3,792.192,1.30361e-07,-1.71355e-05,0.999745
0.02,494,0.4,0.900005,0.4,792.213,4.73128e-08,-1.79902e-06,0.99973
0.02,495,0.4,0.900005,0.5,792.213,-4.73128e-08,1.79902e-06,0.99973
0.02,496,0.4,0.900005,0.6,792.192,-1.30361e-07,1.71355e-05,0.999745
0.02,497,0.4,0.900005,0.7,792.137,-2.38171e-07,5.87032e-05,0.999814
0.02,498,0.4,0.900002,0.8,790.007,-2.00331e-07,5.83924e-05,0.999925
0.02,499,0.4,0.900002,0.900002,624.85,-6.96158e-08,1.68093e-05,0.999992
0.02,500,0.5,-1.80402e-06,-1.804e-06,624.85,-6.96158e-08,1.68093e-05,0.999992
0.02,501,0.5,-2.1058e-06,0.1,790.007,-2.00331e-07,5.83924e-05,0.999925
0.02,502,0.5,-4.5918e-06,0.2,792.137,-2.38171e-07,5.87032e-05,0.999814
0.02,503,0.5,-5.10642e-06,0.3,792.192,-1.30361e-07,1.71355e-05,0.999745
0.02,504,0.5,-5.26827e-06,0.4,792.213,-4.73128e-08,1.79902e-06,0.99973
0.02,505,0.5,-5.26827e-06,0.5,792.213,4.73128e-08,-1.79902e-06,0.99973
0.02,506,0.5,-5.10642e-06,0.6,792.192,1.30361e-07,-1.71355e-05,0.999745
0.02,507,0.5,-4.5918e-06,0.7,792.137,2.38171e-07,-5.87032e-05,0.999814
0.02,508,0.5,-2.1058e-06,0.8,790.007,2.00331e-07,-5.83924e-05,0.999925
0.02,509,0.5,-1.80402e-06,0.900002,624.85,6.96158e-08,-1.68093e-05,0.999992
0.02,510,0.5,0.1,-2.10582e-06,790.007,-3.04115e-07,5.86981e-05,0.999994
0.02,511,0.5,0.0999884,0.0999884,996.564,-1.08082e-06,0.000148985,0.999948
0.02,512,0.5,0.0999568,0.199988,998.702,-1.28351e-06,0.000150681,0.999869
0.02,513,0.5,0.0999455,0.3,998.747,-6.29973e-07,4.7815e-05,0.99982
0.02,514,0.5,0.0999445,0.4,998.817,-2.26596e-07,5.24623e-06,0.999809
0.02,515,0.5,0.0999445,0.5,998.817,2.26596e-07,-5.24623e-06,0.999809
0.02,516,0.5,0.0999455,0.6,998.747,6.29973e-07,-4.7815e-05,0.99982
0.02,517,0.5,0.0999568,0.700012,998.702,1.28351e-06,-0.000150681,0.999869
0.02,518,0.5,0.0999884,0.800012,996.564,1.08082e-06,-0.000148985,0.999948
0.02,519,0.5,0.1,0.900002,790.007,3.04115e-07,-5.86981e-05,0.999994
0.02,520,0.5,0.2,-4.59188e-06,792.137,-8.65912e-07,5.53837e-05,1.00001
0.02,521,0.5,0.199988,0.0999568,998.702,-3.1123e-06,0.000148584,1.00007
0.02,522,0.500001,0.199957,0.199957,1000.49,-3.68996e-06,0.000151416,1.00017
0.02,523,0.500001,0.199945,0.299997,1000.42,-1.77858e-06,4.93701e-05,1.00022
0.02,524,0.500002,0.199944,0.399998,1000.55,-6.1813e-07,6.1697e-06,1.00023
0.02,525,0.500002,0.199944,0.500002,1000.55,6.1813e-07,-6.1697e-06,1.00023
0.02,526,0.500001,0.199945,0.600003,1000.42,1.77858e-06,-4.93701e-05,1.00022
0.02,527,0.500001,0.199957,0.700043,1000.49,3.68996e-06,-0.000151416,1.00017
0.02,528,0.5,0.199988,0.800043,998.702,3.1123e-06,-0.000148584,1.00007
0.02,529,0.5,0.2,0.900005,792.137,8.65912e-07,-5.53837e-05,1.00001
0.02,530,0.5,0.3,-5.10653e-06,792.192,-1.26208e-06,1.55412e-05,1.00002
0.02,531,0.5,0.3,0.0999455,998.747,-4.47776e-06,4.7423e-05,1.00007
0.02,532,0.500001,0.299997,0.199945,1000.42,-5.39672e-06,4.91807e-05,1.00018
0.02,533,0.500002,0.299996,0.299996,1000.34,-2.71283e-06,1.69303e-05,1.00025
0.02,534,0.500002,0.299995,0.399998,1000.51,-9.47736e-07,3.16916e-06,1.00026
0.02,535,0.500002,0.299995,0.500002,1000.51,9.47736e-07,-3.16916e-06,1.00026
0.02,536,0.500002,0.299996,0.600004,1000.34,2.71283e-06,-1.69303e-05,1.00025
0.02,537,0.500001,0.299997,0.700055,1000.42,5.39672e-06,-4.91807e-05,1.00018
0.02,538,0.5,0.3,0.800054,998.747,4.47776e-06,-4.7423e-05,1.00007
0.02,539,0.5,0.3,0.900005,792.192,1.26208e-06,-1.55412e-05,1.00002
0.02,540,0.5,0.4,-5.26838e-06,792.213,-1.45376e-06,1.45375e-06,1
0.02,541,0.5,0.4,0.0999445,998.817,-5.06281e-06,5.06279e-06,1.00002
0.02,542,0.500002,0.399998,0.199944,1000.55,-6.16245e-06,6.16243e-06,1.00005
0.02,543,0.500002,0.399998,0.299995,1000.51,-3.17913e-06,3.17913e-06,1.00007
0.02,544,0.500003,0.399997,0.399997,1000.7,-1.10159e-06,1.10159e-06,1.00008
0.02,545,0.500003,0.399997,0.500003,1000.7,1.10159e-06,-1.10159e-06,1.00008
0.02,546,0.500002,0.399998,0.600005,1000.51,3.17913e-06,-3.17913e-06,1.00007
0.02,547,0.500002,0.399998,0.700056,1000.55,6.16245e-06,-6.16243e-06,1.00005
0.02,548,0.5,0.4,0.800055,998.817,5.06281e-06,-5.06279e-06,1.00002
0.02,549,0.5,0.4,0.900005,792.213,1.45376e-06,-1.45375e-06,1
0.02,550,0.5,0.5,-5.26838e-06,792.213,-1.45376e-06,-1.45375e-06,1
0.02,551,0.5,0.5,0.0999445,998.817,-5.06281e-06,-5.06279e-06,1.00002
0.02,552,0.500002,0.500002,0.199944,1000.55,-6.16245e-06,-6.16243e-06,1.00005
0.02,553,0.500002,0.500002,0.299995,1000.51,-3.17913e-06,-3.17913e-06,1.00007
0.02,554,0.500003,0.500003,0.399997,1000.7,-1.10159e-06,-1.10159e-06,1.00008
0.02,555,0.500003,0.500003,0.500003,1000.7,1.10159e-06,1.10159e-06,1.00008
0.02,556,0.500002,0.500002,0.600005,1000.51,3.17913e-06,3.17913e-06,1.00007
0.02,557,0.500002,0.500002,0.700056,1000.55,6.16245e-06,6.16243e-06,1.00005
0.02,558,0.5,0.5,0.800055,998.817,5.06281e-06,5.06279e-06,1.00002
0.02,559,0.5,0.5,0.900005,792.213,1.45376e-06,1.45375e-06,1
0.02,560,0.5,0.6,-5.10653e-06,792.192,-1.26208e-06,-1.55412e-05,1.00002
0.02,561,0.5,0.6,0.0999455,998.747,-4.47776e-06,-4.7423e-05,1.00007
0.02,562,0.500001,0.600003,0.199945,1000.42,-5.39672e-06,-4.91807e-05,1.00018
0.02,563,0.500002,0.600004,0.299996,1000.34,-2.71283e-06,-1.69303e-05,1.00025
0.02,564,0.500002,0.600005,0.399998,1000.51,-9.47736e-07,-3.16916e-06,1.00026
0.02,565,0.500002,0.600005,0.500002,1000.51,9.47736e-07,3.16916e-06,1.00026
0.02,566,0.500002,0.600004,0.600004,1000.34,2.71283e-06,1.69303e-05,1.00025
0.02,567,0.500001,0.600003,0.700055,1000.42,5.39672e-06,4.91807e-05,1.00018
0.02,568,0.5,0.6,0.800054,998.747,4.47776e-06,4.7423e-05,1.00007
0.02,569,0.5,0.6,0.900005,792.192,1.26208e-06,1.55412e-05,1.00002
0.02,570,0.5,0.7,-4.59188e-06,792.137,-8.65912e-07,-5.53837e-05,1.00001
0.02,571,0.5,0.700012,0.0999568,998.702,-3.1123e-06,-0.000148584,1.00007
0.02,572,0.500001,0.700043,0.199957,1000.49,-3.68996e-06,-0.000151416,1.00017
0.02,573,0.500001,0.700055,0.299997,1000.42,-1.77858e-06,-4.93701e-05,1.00022
0.02,574,0.500002,0.700056,0.399998,1000.55,-6.1813e-07,-6.1697e-06,1.00023
0.02,575,0.500002,0.700056,0.500002,1000.55,6.1813e-07,6.1697e-06,1.00023
0.02,576,0.500001,0.700055,0.600003,1000.42,1.77858e-06,4.93701e-05,1.00022
0.02,577,0.500001,0.700043,0.700043,1000.49,3.68996e-06,0.000151416,1.00017
0.02,578,0.5,0.700012,0.800043,998.702,3.1123e-06,0.000148584,1.00007
0.02,579,0.5,0.7,0.900005,792.137,8.65912e-07,5.53837e-05,1.00001
0.02,580,0.5,0.8,-2.10582e-06,790.007,-3.04115e-07,-5.86981e-05,0.999994
0.02,581,0.5,0.800012,0.0999884,996.564,-1.08082e-06,-0.000148985,0.999948
0.02,582,0.5,0.800043,0.199988,998.702,-1.28351e-06,-0.000150681,0.999869
0.02,583,0.5,0.800054,0.3,998.747,-6.29973e-07,-4.7815e-05,0.99982
0.02,584,0.5,0.800055,0.4,998.817,-2.26596e-07,-5.24623e-06,0.999809
0.02,585,0.5,0.800055,0.5,998.817,2.26596e-07,5.24623e-06,0.999809
0.02,586,0.5,0.800054,0.6,998.747,6.29973e-07,4.7815e-05,0.99982
0.02,587,0.5,0.800043,0.700012,998.702,1.28351e-06,0.000150681,0.999869
0.02,588,0.5,0.800012,0.800012,996.564,1.08082e-06,0.000148985,0.999948
0.02,589,0.5,0.8,0.900002,790.007,3.04115e-07,5.86981e-05,0.999994
0.02,590,0.5,0.900002,-1.804e-06,624.85,-6.96158e-08,-1.68093e-05,0.999992
0.02,591,0.5,0.900002,0.1,790.007,-2.00331e-07,-5.83924e-05,0.999925
0.02,592,0.5,0.900005,0.2,792.137,-2.38171e-07,-5.87032e-05,0.999814
0.02,593,0.5,0.900005,0.3,792.192,-1.30361e-07,-1.71355e-05,0.999745
0.02,594,0.5,0.900005,0.4,792.213,-4.73128e-08,-1.79902e-06,0.99973
0.02,595,0.5,0.900005,0.5,792.213,4.73128e-08,1.79902e-06,0.99973
0.02,596,0.5,0.900005,0.6,792.192,1.30361e-07,1.71355e-05,0.999745
0.02,597,0.5,0.900005,0.7,792.137,2.38171e-07,5.87032e-05,0.999814
0.02,598,0.5,0.900002,0.8,790.007,2.00331e-07,5.83924e-05,0.999925
0.02,599,0.5,0.900002,0.900002,624.85,6.96158e-08,1.68093e-05,0.999992
0.02,600,0.6,-1.79855e-06,-1.79854e-06,624.849,-8.54071e-07,1.58333e-05,0.999994
0.02,601,0.6,-2.07324e-06,0.1,790,-2.65877e-06,5.55111e-05,0.999933
0.02,602,0.6,-4.48748e-06,0.2,792.123,-2.68961e-06,5.57208e-05,0.999834
0.02,603,0.6,-4.95998e-06,0.3,792.172,-8.38286e-07,1.60658e-05,0.999771
0.02,604,0.6,-5.10643e-06,0.4,792.192,-1.3152e-07,1.57529e-06,0.999758
0.02,605,0.6,-5.10643e-06,0.5,792.192,1.3152e-07,-1.57529e-06,0.999758
0.02,606,0.6,-4.95998e-06,0.6,792.172,8.38286e-07,-1.60658e-05,0.999771
0.02,607,0.6,-4.48748e-06,0.7,792.123,2.68961e-06,-5.57208e-05,0.999834
0.02,608,0.6,-2.07324e-06,0.8,790,2.65877e-06,-5.55111e-05,0.999933
0.02,609,0.6,-1.79855e-06,0.900002,624.849,8.54071e-07,-1.58333e-05,0.999994
0.02,610,0.6,0.1,-2.07326e-06,790,-4.23092e-06,5.59973e-05,0.999998
0.02,611,0.6,0.0999886,0.0999886,996.54,-1.30294e-05,0.000141282,0.999969
0.02,612,0.6,0.0999574,0.199989,998.655,-1.32263e-05,0.000142653,0.999919
0.02,613,0.6,0.0999464,0.3,998.683,-4.145e-06,4.4812e-05,0.999888
0.02,614,0.6,0.0999455,0.4,998.747,-6.29939e-07,4.64488e-06,0.99988
0.02,615,0.6,0.0999455,0.5,998.747,6.29939e-07,-4.64488e-06,0.99988
0.02,616,0.6,0.0999464,0.6,998.683,4.145e-06,-4.4812e-05,0.999888
0.02,617,0.6,0.0999574,0.700011,998.655,1.32263e-05,-0.000142653,0.999919
0.02,618,0.6,0.0999886,0.800011,996.54,1.30294e-05,-0.000141282,0.999969
0.02,619,0.6,0.1,0.900002,790,4.23092e-06,-5.59973e-05,0.999998
0.02,620,0.6,0.2,-4.48756e-06,792.123,-1.08772e-05,5.26423e-05,1.00002
0.02,621,0.6,0.199989,0.0999574,998.655,-3.28739e-05,0.000140574,1.00011
0.02,622,0.600002,0.199957,0.199957,1000.41,-3.35954e-05,0.000142867,1.00026
0.02,623,0.600003,0.199946,0.299997,1000.31,-1.08983e-05,4.5958e-05,1.00035
0.02,624,0.600003,0.199945,0.399999,1000.42,-1.77659e-06,5.40773e-06,1.00036
0.02,625,0.600003,0.199945,0.500001,1000.42,1.77659e-06,-5.40773e-06,1.00036
0.02,626,0.600003,0.199946,0.600003,1000.31,1.08983e-05,-4.5958e-05,1.00035
0.02,627,0.600002,0.199957,0.700043,1000.41,3.35954e-05,-0.000142867,1.00026
0.02,628,0.6,0.199989,0.800043,998.655,3.28739e-05,-0.000140574,1.00011
0.02,629,0.6,0.2,0.900004,792.123,1.08772e-05,-5.26423e-05,1.00002
0.02,630,0.6,0.3,-4.96008e-06,792.172,-1.46102e-05,1.46101e-05,1.00003
0.02,631,0.6,0.3,0.0999464,998.683,-4.44685e-05,4.44684e-05,1.00013
0.02,632,0.600003,0.299997,0.199946,1000.31,-4.57822e-05,4.57821e-05,1.00031
0.02,633,0.600003,0.299997,0.299997,1000.19,-1.53182e-05,1.53182e-05,1.00041
0.02,634,0.600004,0.299996,0.399998,1000.34,-2.70614e-06,2.70616e-06,1.00044
0.02,635,0.600004,0.299996,0.500002,1000.34,2.70614e-06,-2.70616e-06,1.00044
0.02,636,0.600003,0.299997,0.600003,1000.19,1.53182e-05,-1.53182e-05,1.00041
0.02,637,0.600003,0.299997,0.700054,1000.31,4.57822e-05,-4.57821e-05,1.00031
0.02,638,0.6,0.3,0.800054,998.683,4.44685e-05,-4.44684e-05,1.00013
0.02,639,0.6,0.3,0.900005,792.172,1.46102e-05,-1.46101e-05,1.00003
0.02,640,0.6,0.4,-5.10653e-06,792.192,-1.55412e-05,1.26208e-06,1.00002
0.02,641,0.6,0.4,0.0999455,998.747,-4.74231e-05,4.47774e-06,1.00007
0.02,642,0.600003,0.399999,0.199945,1000.42,-4.91807e-05,5.39671e-06,1.00018
0.02,643,0.600004,0.399998,0.299996,1000.34,-1.69303e-05,2.71284e-06,1.00025
0.02,644,0.600005,0.399998,0.399998,1000.51,-3.16913e-06,9.47742e-07,1.00026
0.02,645,0.600005,0.399998,0.500002,1000.51,3.16913e-06,-9.47742e-07,1.00026
0.02,646,0.600004,0.399998,0.600004,1000.34,1.69303e-05,-2.71284e-06,1.00025
0.02,647,0.600003,0.399999,0.700055,1000.42,4.91807e-05,-5.39671e-06,1.00018
0.02,648,0.6,0.4,0.800054,998.747,4.74231e-05,-4.47774e-06,1.00007
0.02,649,0.6,0.4,0.900005,792.192,1.55412e-05,-1.26208e-06,1.00002
0.02,650,0.6,0.5,-5.10653e-06,792.192,-1.55412e-05,-1.26208e-06,1.00002
0.02,651,0.6,0.5,0.0999455,998.747,-4.74231e-05,-4.47774e-06,1.00007
0.02,652,0.600003,0.500001,0.199945,1000.42,-4.91807e-05,-5.39671e-06,1.00018
0.02,653,0.600004,0.500002,0.299996,1000.34,-1.69303e-05,-2.71284e-06,1.00025
0.02,654,0.600005,0.500002,0.399998,1000.51,-3.16913e-06,-9.47742e-07,1.00026
0.02,655,0.600005,0.500002,0.500002,1000.51,3.16913e-06,9.47742e-07,1.00026
0.02,656,0.600004,0.500002,0.600004,1000.34,1.69303e-05,2.71284e-06,1.00025
0.02,657,0.600003,0.500001,0.700055,1000.42,4.91807e-05,5.39671e-06,1.00018
0.02,658,0.6,0.5,0.800054,998.747,4.74231e-05,4.47774e-06,1.00007
0.02,659,0.6,0.5,0.900005,792.192,1.55412e-05,1.26208e-06,1.00002
0.02,660,0.6,0.6,-4.96008e-06,792.172,-1.46102e-05,-1.46101e-05,1.00003
0.02,661,0.6,0.6,0.0999464,998.683,-4.44685e-05,-4.44684e-05,1.00013
0.02,662,0.600003,0.600003,0.199946,1000.31,-4.57822e-05,-4.57821e-05,1.00031
0.02,663,0.600003,0.600003,0.299997,1000.19,-1.53182e-05,-1.53182e-05,1.00041
0.02,664,0.600004,0.600004,0.399998,1000.34,-2.70614e-06,-2.70616e-06,1.00044
0.02,665,0.600004,0.600004,0.500002,1000.34,2.70614e-06,2.70616e-06,1.00044
0.02,666,0.600003,0.600003,0.600003,1000.19,1.53182e-05,1.53182e-05,1.00041
0.02,667,0.600003,0.600003,0.700054,1000.31,4.57822e-05,4.57821e-05,1.00031
0.02,668,0.6,0.6,0.800054,998.683,4.44685e-05,4.44684e-05,1.00013
0.02,669,0.6,0.6,0.900005,792.172,1.46102e-05,1.46101e-05,1.00003
0.02,670,0.6,0.7,-4.48756e-06,792.123,-1.08772e-05,-5.26423e-05,1.00002
0.02,671,0.6,0.700011,0.0999574,998.655,-3.28739e-05,-0.000140574,1.00011
0.02,672,0.600002,0.700043,0.199957,1000.41,-3.35954e-05,-0.000142867,1.00026
0.02,673,0.600003,0.700054,0.299997,1000.31,-1.08983e-05,-4.5958e-05,1.00035
0.02,674,0.600003,0.700055,0.399999,1000.42,-1.77659e-06,-5.40773e-06,1.00036
0.02,675,0.600003,0.700055,0.500001,1000.42,1.77659e-06,5.40773e-06,1.00036
0.02,676,0.600003,0.700054,0.600003,1000.31,1.08983e-05,4.5958e-05,1.00035
0.02,677,0.600002,0.700043,0.700043,1000.41,3.35954e-05,0.000142867,1.00026
0.02,678,0.6,0.700011,0.800043,998.655,3.28739e-05,0.000140574,1.00011
0.02,679,0.6,0.7,0.900004,792.123,1.08772e-05,5.26423e-05,1.00002
0.02,680,0.6,0.8,-2.07326e-06,790,-4.23092e-06,-5.59973e-05,0.999998
0.02,681,0.6,0.800011,0.0999886,996.54,-1.30294e-05,-0.000141282,0.999969
0.02,682,0.6,0.800043,0.199989,998.655,-1.32263e-05,-0.000142653,0.999919
0.02,683,0.6,0.800054,0.3,998.683,-4.145e-06,-4.4812e-05,0.999888
0.02,684,0.6,0.800054,0.4,998.747,-6.29939e-07,-4.64488e-06,0.99988
0.02,685,0.6,0.800054,0.5,998.747,6.29939e-07,4.64488e-06,0.99988
0.02,686,0.6,0.800054,0.6,998.683,4.145e-06,4.4812e-05,0.999888
0.02,687,0.6,0.800043,0.700011,998.655,1.32263e-05,0.000142653,0.999919
0.02,688,0.6,0.800011,0.800011,996.54,1.30294e-05,0.000141282,0.999969
0.02,689,0.6,0.8,0.900002,790,4.23092e-06,5.59973e-05,0.999998
0.02,690,0.6,0.900002,-1.79854e-06,624.849,-8.54071e-07,-1.58333e-05,0.999994
0.02,691,0.6,0.900002,0.1,790,-2.65877e-06,-5.55111e-05,0.999933
0.02,692,0.6,0.900004,0.2,792.123,-2.68961e-06,-5.57208e-05,0.999834
0.02,693,0.6,0.900005,0.3,792.172,-8.38286e-07,-1.60658e-05,0.999771
0.02,694,0.6,0.900005,0.4,792.192,-1.3152e-07,-1.57529e-06,0.999758
0.02,695,0.6,0.900005,0.5,792.192,1.3152e-07,1.57529e-06,0.999758
0.02,696,0.6,0.900005,0.6,792.172,8.38286e-07,1.60658e-05,0.999771
0.02,697,0.6,0.900004,0.7,792.123,2.68961e-06,5.57208e-05,0.999834
0.02,698,0.6,0.900002,0.8,790,2.65877e-06,5.55111e-05,0.999933
0.02,699,0.6,0.900002,0.900002,624.849,8.54071e-07,1.58333e-05,0.999994
0.02,700,0.7,-1.77736e-06,-1.77735e-06,624.844,-3.07922e-06,1.10487e-05,0.999998
0.02,701,0.7,-1.98493e-06,0.1,789.982,-9.3347e-06,4.1436e-05,0.999953
0.02,702,0.7,-4.07264e-06,0.2,792.087,-9.28326e-06,4.1726e-05,0.999882
0.02,703,0.7,-4.48748e-06,0.3,792.123,-2.72697e-06,1.19508e-05,0.999836
0.02,704,0.7,-4.59181e-06,0.4,792.137,-2.53665e-07,1.09574e-06,0.999826
0.02,705,0.7,-4.59181e-06,0.5,792.137,2.53665e-07,-1.09574e-06,0.999826
0.02,706,0.7,-4.48748e-06,0.6,792.123,2.72697e-06,-1.19508e-05,0.999836
0.02,707,0.7,-4.07264e-06,0.7,792.087,9.28326e-06,-4.1726e-05,0.999882
0.02,708,0.7,-1.98493e-06,0.8,789.982,9.3347e-06,-4.1436e-05,0.999953
0.02,709,0.7,-1.77736e-06,0.900002,624.844,3.07922e-06,-1.10487e-05,0.999998
0.02,710,0.7,0.1,-1.98494e-06,789.982,-1.58154e-05,4.24718e-05,1
0.02,711,0.700002,0.0999909,0.0999909,996.512,-4.31397e-05,0.000105488,0.999982
0.02,712,0.700009,0.0999661,0.199991,998.638,-4.33588e-05,0.000106454,0.999951
0.02,713,0.700011,0.0999574,0.3,998.655,-1.33409e-05,3.3172e-05,0.999932
0.02,714,0.700012,0.0999568,0.4,998.702,-1.31622e-06,3.24694e-06,0.999926
0.02,715,0.700012,0.0999568,0.5,998.702,1.31622e-06,-3.24694e-06,0.999926
0.02,716,0.700011,0.0999574,0.6,998.655,1.33409e-05,-3.3172e-05,0.999932
0.02,717,0.700009,0.0999661,0.700009,998.638,4.33588e-05,-0.000106454,0.999951
0.02,718,0.700002,0.0999909,0.800009,996.512,4.31397e-05,-0.000105488,0.999982
0.02,719,0.7,0.1,0.900002,789.982,1.58154e-05,-4.24718e-05,1
0.02,720,0.7,0.2,-4.0727e-06,792.087,-3.92415e-05,3.92414e-05,1.00002
0.02,721,0.700009,0.199991,0.0999661,998.638,-0.000104724,0.000104723,1.00009
0.02,722,0.700034,0.199966,0.199966,1000.49,-0.000106182,0.000106182,1.00021
0.02,723,0.700043,0.199957,0.299998,1000.41,-3.37267e-05,3.37267e-05,1.00029
0.02,724,0.700043,0.199957,0.399999,1000.49,-3.70959e-06,3.70962e-06,1.0003
0.02,725,0.700043,0.199957,0.500001,1000.49,3.70959e-06,-3.70962e-06,1.0003
0.02,726,0.700043,0.199957,0.600002,1000.41,3.37267e-05,-3.37267e-05,1.00029
0.02,727,0.700034,0.199966,0.700034,1000.49,0.000106182,-0.000106182,1.00021
0.02,728,0.700009,0.199991,0.800034,998.638,0.000104724,-0.000104723,1.00009
0.02,729,0.7,0.2,0.900004,792.087,3.92415e-05,-3.92414e-05,1.00002
0.02,730,0.7,0.3,-4.48756e-06,792.123,-5.26425e-05,1.08772e-05,1.00002
0.02,731,0.700011,0.3,0.0999574,998.655,-0.000140574,3.28738e-05,1.00011
0.02,732,0.700043,0.299998,0.199957,1000.41,-0.000142867,3.35954e-05,1.00026
0.02,733,0.700054,0.299997,0.299997,1000.31,-4.5958e-05,1.08983e-05,1.00035
0.02,734,0.700055,0.299997,0.399999,1000.42,-5.40769e-06,1.7766e-06,1.00036
0.02,735,0.700055,0.299997,0.500001,1000.42,5.40769e-06,-1.7766e-06,1.00036
0.02,736,0.700054,0.299997,0.600003,1000.31,4.5958e-05,-1.08983e-05,1.00035
0.02,737,0.700043,0.299998,0.700043,1000.41,0.000142867,-3.35954e-05,1.00026
0.02,738,0.700011,0.3,0.800043,998.655,0.000140574,-3.28738e-05,1.00011
0.02,739,0.7,0.3,0.900004,792.123,5.26425e-05,-1.08772e-05,1.00002
0.02,740,0.7,0.4,-4.59188e-06,792.137,-5.53838e-05,8.65909e-07,1.00001
0.02,741,0.700012,0.4,0.0999568,998.702,-0.000148584,3.11229e-06,1.00007
0.02,742,0.700043,0.399999,0.199957,1000.49,-0.000151416,3.68995e-06,1.00017
0.02,743,0.700055,0.399999,0.299997,1000.42,-4.93701e-05,1.77858e-06,1.00022
0.02,744,0.700056,0.399998,0.399998,1000.55,-6.16966e-06,6.18134e-07,1.00023
0.02,745,0.700056,0.399998,0.500002,1000.55,6.16966e-06,-6.18134e-07,1.00023
0.02,746,0.700055,0.399999,0.600003,1000.42,4.93701e-05,-1.77858e-06,1.00022
0.02,747,0.700043,0.399999,0.700043,1000.49,0.000151416,-3.68995e-06,1.00017
0.02,748,0.700012,0.4,0.800043,998.702,0.000148584,-3.11229e-06,1.00007
0.02,749,0.7,0.4,0.900005,792.137,5.53838e-05,-8.65909e-07,1.00001
0.02,750,0.7,0.5,-4.59188e-06,792.137,-5.53838e-05,-8.65909e-07,1.00001
0.02,751,0.700012,0.5,0.0999568,998.702,-0.000148584,-3.11229e-06,1.00007
0.02,752,0.700043,0.500001,0.199957,1000.49,-0.000151416,-3.68995e-06,1.00017
0.02,753,0.700055,0.500001,0.299997,1000.42,-4.93701e-05,-1.77858e-06,1.00022
0.02,754,0.700056,0.500002,0.399998,1000.55,-6.16966e-06,-6.18134e-07,1.00023
0.02,755,0.700056,0.500002,0.500002,1000.55,6.16966e-06,6.18134e-07,1.00023
0.02,756,0.700055,0.500001,0.600003,1000.42,4.93701e-05,1.77858e-06,1.00022
0.02,757,0.700043,0.500001,0.700043,1000.49,0.000151416,3.68995e-06,1.00017
0.02,758,0.700012,0.5,0.800043,998.702,0.000148584,3.11229e-06,1.00007
0.02,759,0.7,0.5,0.900005,792.137,5.53838e-05,8.65909e-07,1.00001
0.02,760,0.7,0.6,-4.48756e-06,792.123,-5.26425e-05,-1.08772e-05,1.00002
0.02,761,0.700011,0.6,0.0999574,998.655,-0.000140574,-3.28738e-05,1.00011
0.02,762,0.700043,0.600002,0.199957,1000.41,-0.000142867,-3.35954e-05,1.00026
0.02,763,0.700054,0.600003,0.299997,1000.31,-4.5958e-05,-1.08983e-05,1.00035
0.02,764,0.700055,0.600003,0.399999,1000.42,-5.40769e-06,-1.7766e-06,1.00036
0.02,765,0.700055,0.600003,0.500001,1000.42,5.40769e-06,1.7766e-06,1.00036
0.02,766,0.700054,0.600003,0.600003,1000.31,4.5958e-05,1.08983e-05,1.00035
0.02,767,0.700043,0.600002,0.700043,1000.41,0.000142867,3.35954e-05,1.00026
0.02,768,0.700011,0.6,0.800043,998.655,0.000140574,3.28738e-05,1.00011
0.02,769,0.7,0.6,0.900004,792.123,5.26425e-05,1.08772e-05,1.00002
0.02,770,0.7,0.7,-4.0727e-06,792.087,-3.92415e-05,-3.92414e-05,1.00002
0.02,771,0.700009,0.700009,0.0999661,998.638,-0.000104724,-0.000104723,1.00009
0.02,772,0.700034,0.700034,0.199966,1000.49,-0.000106182,-0.000106182,1.00021
0.02,773,0.700043,0.700043,0.299998,1000.41,-3.37267e-05,-3.37267e-05,1.00029
0.02,774,0.700043,0.700043,0.399999,1000.49,-3.70959e-06,-3.70962e-06,1.0003
0.02,775,0.700043,0.700043,0.500001,1000.49,3.70959e-06,3.70962e-06,1.0003
0.02,776,0.700043,0.700043,0.600002,1000.41,3.37267e-05,3.37267e-05,1.00029
0.02,777,0.700034,0.700034,0.700034,1000.49,0.000106182,0.000106182,1.00021
0.02,778,0.700009,0.700009,0.800034,998.638,0.000104724,0.000104723,1.00009
0.02,779,0.7,0.7,0.900004,792.087,3.92415e-05,3.92414e-05,1.00002
0.02,780,0.7,0.8,-1.98494e-06,789.982,-1.58154e-05,-4.24718e-05,1
0.02,781,0.700002,0.800009,0.0999909,996.512,-4.31397e-05,-0.000105488,0.999982
0.02,782,0.700009,0.800034,0.199991,998.638,-4.33588e-05,-0.000106454,0.999951
0.02,783,0.700011,0.800043,0.3,998.655,-1.33409e-05,-3.3172e-05,0.999932
0.02,784,0.700012,0.800043,0.4,998.702,-1.31622e-06,-3.24694e-06,0.999926
0.02,785,0.700012,0.800043,0.5,998.702,1.31622e-06,3.24694e-06,0.999926
0.02,786,0.700011,0.800043,0.6,998.655,1.33409e-05,3.3172e-05,0.999932
0.02,787,0.700009,0.800034,0.700009,998.638,4.33588e-05,0.000106454,0.999951
0.02,788,0.700002,0.800009,0.800009,996.512,4.31397e-05,0.000105488,0.999982
0.02,789,0.7,0.8,0.900002,789.982,1.58154e-05,4.24718e-05,1
0.02,790,0.7,0.900002,-1.77735e-06,624.844,-3.07922e-06,-1.10487e-05,0.999998
0.02,791,0.7,0.900002,0.1,789.982,-9.3347e-06,-4.1436e-05,0.999953
0.02,792,0.7,0.900004,0.2,792.087,-9.28326e-06,-4.1726e-05,0.999882
0.02,793,0.7,0.900004,0.3,792.123,-2.72697e-06,-1.19508e-05,0.999836
0.02,794,0.7,0.900005,0.4,792.137,-2.53665e-07,-1.09574e-06,0.999826
0.02,795,0.7,0.900005,0.5,792.137,2.53665e-07,1.09574e-06,0.999826
0.02,796,0.7,0.900004,0.6,792.123,2.72697e-06,1.19508e-05,0.999836
0.02,797,0.7,0.900004,0.7,792.087,9.28326e-06,4.1726e-05,0.999882
0.02,798,0.7,0.900002,0.8,789.982,9.3347e-06,4.1436e-05,0.999953
0.02,799,0.7,0.900002,0.900002,624.844,3.07922e-06,1.10487e-05,0.999998
0.02,800,0.8,-1.81548e-06,-1.81547e-06,622.888,-5.9744e-06,2.03997e-06,1.00001
0.02,801,0.8,-1.65809e-06,0.1,787.892,-9.30688e-06,1.61616e-05,0.999988
0.02,802,0.8,-1.98492e-06,0.2,789.982,-9.42029e-06,1.67111e-05,0.999947
0.02,803,0.8,-2.07323e-06,0.3,790,-2.73841e-06,4.72519e-06,0.999923
0.02,804,0.8,-2.10579e-06,0.4,790.007,-2.31229e-07,4.05694e-07,0.999919
0.02,805,0.8,-2.10579e-06,0.5,790.007,2.31229e-07,-4.05694e-07,0.999919
0.02,806,0.8,-2.07323e-06,0.6,790,2.73841e-06,-4.72519e-06,0.999923
0.02,807,0.8,-1.98492e-06,0.7,789.982,9.42029e-06,-1.67111e-05,0.999947
0.02,808,0.8,-1.65809e-06,0.8,787.892,9.30688e-06,-1.61616e-05,0.999988
0.02,809,0.8,-1.81548e-06,0.900002,622.888,5.9744e-06,-2.03997e-06,1.00001
0.02,810,0.8,0.1,-1.65809e-06,787.892,-1.9011e-05,1.90109e-05,1.00001
0.02,811,0.800002,0.0999978,0.0999978,994.316,-4.35441e-05,4.3544e-05,0.999978
0.02,812,0.800009,0.0999909,0.199998,996.512,-4.3735e-05,4.3735e-05,0.999929
0.02,813,0.800011,0.0999886,0.3,996.54,-1.32549e-05,1.32549e-05,0.999899
0.02,814,0.800012,0.0999884,0.4,996.564,-1.17182e-06,1.17184e-06,0.999893
0.02,815,0.800012,0.0999884,0.5,996.564,1.17182e-06,-1.17184e-06,0.999893
0.02,816,0.800011,0.0999886,0.6,996.54,1.32549e-05,-1.32549e-05,0.999899
0.02,817,0.800009,0.0999909,0.700002,996.512,4.3735e-05,-4.3735e-05,0.999929
0.02,818,0.800002,0.0999978,0.800002,994.316,4.35441e-05,-4.3544e-05,0.999978
0.02,819,0.8,0.1,0.900002,787.892,1.9011e-05,-1.90109e-05,1.00001
0.02,820,0.8,0.2,-1.98494e-06,789.982,-4.24719e-05,1.58153e-05,1
0.02,821,0.800009,0.199998,0.0999909,996.512,-0.000105488,4.31396e-05,0.999982
0.02,822,0.800034,0.199991,0.199991,998.638,-0.000106454,4.33588e-05,0.999951
0.02,823,0.800043,0.199989,0.3,998.655,-3.3172e-05,1.33409e-05,0.999932
0.02,824,0.800043,0.199988,0.4,998.702,-3.24691e-06,1.31623e-06,0.999926
0.02,825,0.800043,0.199988,0.5,998.702,3.24691e-06,-1.31623e-06,0.999926
0.02,826,0.800043,0.199989,0.6,998.655,3.3172e-05,-1.33409e-05,0.999932
0.02,827,0.800034,0.199991,0.700009,998.638,0.000106454,-4.33588e-05,0.999951
0.02,828,0.800009,0.199998,0.800009,996.512,0.000105488,-4.31396e-05,0.999982
0.02,829,0.8,0.2,0.900002,789.982,4.24719e-05,-1.58153e-05,1
0.02,830,0.8,0.3,-2.07326e-06,790,-5.59974e-05,4.23091e-06,0.999998
0.02,831,0.800011,0.3,0.0999886,996.54,-0.000141282,1.30293e-05,0.999969
0.02,832,0.800043,0.3,0.199989,998.655,-0.000142653,1.32263e-05,0.999919
0.02,833,0.800054,0.3,0.3,998.683,-4.4812e-05,4.145e-06,0.999888
0.02,834,0.800054,0.3,0.4,998.747,-4.64483e-06,6.29948e-07,0.99988
0.02,835,0.800054,0.3,0.5,998.747,4.64483e-06,-6.29948e-07,0.99988
0.02,836,0.800054,0.3,0.6,998.683,4.4812e-05,-4.145e-06,0.999888
0.02,837,0.800043,0.3,0.700011,998.655,0.000142653,-1.32263e-05,0.999919
0.02,838,0.800011,0.3,0.800011,996.54,0.000141282,-1.30293e-05,0.999969
0.02,839,0.8,0.3,0.900002,790,5.59974e-05,-4.23091e-06,0.999998
0.02,840,0.8,0.4,-2.10582e-06,790.007,-5.86982e-05,3.04114e-07,0.999994
0.02,841,0.800012,0.4,0.0999884,996.564,-0.000148985,1.08081e-06,0.999948
0.02,842,0.800043,0.4,0.199988,998.702,-0.000150681,1.28351e-06,0.999869
0.02,843,0.800054,0.4,0.3,998.747,-4.7815e-05,6.29974e-07,0.99982
0.02,844,0.800055,0.4,0.4,998.817,-5.24619e-06,2.26598e-07,0.999809
0.02,845,0.800055,0.4,0.5,998.817,5.24619e-06,-2.26598e-07,0.999809
0.02,846,0.800054,0.4,0.6,998.747,4.7815e-05,-6.29974e-07,0.99982
0.02,847,0.800043,0.4,0.700012,998.702,0.000150681,-1.28351e-06,0.999869
0.02,848,0.800012,0.4,0.800012,996.564,0.000148985,-1.08081e-06,0.999948
0.02,849,0.8,0.4,0.900002,790.007,5.86982e-05,-3.04114e-07,0.999994
0.02,850,0.8,0.5,-2.10582e-06,790.007,-5.86982e-05,-3.04114e-07,0.999994
0.02,851,0.800012,0.5,0.0999884,996.564,-0.000148985,-1.08081e-06,0.999948
0.02,852,0.800043,0.5,0.199988,998.702,-0.000150681,-1.28351e-06,0.999869
0.02,853,0.800054,0.5,0.3,998.747,-4.7815e-05,-6.29974e-07,0.99982
0.02,854,0.800055,0.5,0.4,998.817,-5.24619e-06,-2.26598e-07,0.999809
0.02,855,0.800055,0.5,0.5,998.817,5.24619e-06,2.26598e-07,0.999809
0.02,856,0.800054,0.5,0.6,998.747,4.7815e-05,6.29974e-07,0.99982
0.02,857,0.800043,0.5,0.700012,998.702,0.000150681,1.28351e-06,0.999869
0.02,858,0.800012,0.5,0.800012,996.564,0.000148985,1.08081e-06,0.999948
0.02,859,0.8,0.5,0.900002,790.007,5.86982e-05,3.04114e-07,0.999994
0.02,860,0.8,0.6,-2.07326e-06,790,-5.59974e-05,-4.23091e-06,0.999998
0.02,861,0.800011,0.6,0.0999886,996.54,-0.000141282,-1.30293e-05,0.999969
0.02,862,0.800043,0.6,0.199989,998.655,-0.000142653,-1.32263e-05,0.999919
0.02,863,0.800054,0.6,0.3,998.683,-4.4812e-05,-4.145e-06,0.999888
0.02,864,0.800054,0.6,0.4,998.747,-4.64483e-06,-6.29948e-07,0.99988
0.02,865,0.800054,0.6,0.5,998.747,4.64483e-06,6.29948e-07,0.99988
0.02,866,0.800054,0.6,0.6,998.683,4.4812e-05,4.145e-06,0.999888
0.02,867,0.800043,0.6,0.700011,998.655,0.000142653,1.32263e-05,0.999919
0.02,868,0.800011,0.6,0.800011,996.54,0.000141282,1.30293e-05,0.999969
0.02,869,0.8,0.6,0.900002,790,5.59974e-05,4.23091e-06,0.999998
0.02,870,0.8,0.7,-1.98494e-06,789.982,-4.24719e-05,-1.58153e-05,1
0.02,871,0.800009,0.700002,0.0999909,996.512,-0.000105488,-4.31396e-05,0.999982
0.02,872,0.800034,0.700009,0.199991,998.638,-0.000106454,-4.33588e-05,0.999951
0.02,873,0.800043,0.700011,0.3,998.655,-3.3172e-05,-1.33409e-05,0.999932
0.02,874,0.800043,0.700012,0.4,998.702,-3.24691e-06,-1.31623e-06,0.999926
0.02,875,0.800043,0.700012,0.5,998.702,3.24691e-06,1.31623e-06,0.999926
0.02,876,0.800043,0.700011,0.6,998.655,3.3172e-05,1.33409e-05,0.999932
0.02,877,0.800034,0.700009,0.700009,998.638,0.000106454,4.33588e-05,0.999951
0.02,878,0.800009,0.700002,0.800009,996.512,0.000105488,4.31396e-05,0.999982
0.02,879,0.8,0.7,0.900002,789.982,4.24719e-05,1.58153e-05,1
0.02,880,0.8,0.8,-1.65809e-06,787.892,-1.9011e-05,-1.90109e-05,1.00001
0.02,881,0.800002,0.800002,0.0999978,994.316,-4.35441e-05,-4.3544e-05,0.999978
0.02,882,0.800009,0.800009,0.199998,996.512,-4.3735e-05,-4.3735e-05,0.999929
0.02,883,0.800011,0.800011,0.3,996.54,-1.32549e-05,-1.32549e-05,0.999899
0.02,884,0.800012,0.800012,0.4,996.564,-1.17182e-06,-1.17184e-06,0.999893
0.02,885,0.800012,0.800012,0.5,996.564,1.17182e-06,1.17184e-06,0.999893
0.02,886,0.800011,0.800011,0.6,996.54,1.32549e-05,1.32549e-05,0.999899
0.02,887,0.800009,0.800009,0.700002,996.512,4.3735e-05,4.3735e-05,0.999929
0.02,888,0.800002,0.800002,0.800002,994.316,4.35441e-05,4.3544e-05,0.999978
0.02,889,0.8,0.8,0.900002,787.892,1.9011e-05,1.90109e-05,1.00001
0.02,890,0.8,0.900002,-1.81547e-06,622.888,-5.9744e-06,-2.03997e-06,1.00001
0.02,891,0.8,0.900002,0.1,787.892,-9.30688e-06,-1.61616e-05,0.999988
0.02,892,0.8,0.900002,0.2,789.982,-9.42029e-06,-1.67111e-05,0.999947
0.02,893,0.8,0.900002,0.3,790,-2.73841e-06,-4.72519e-06,0.999923
0.02,894,0.8,0.900002,0.4,790.007,-2.31229e-07,-4.05694e-07,0.999919
0.02,895,0.8,0.900002,0.5,790.007,2.31229e-07,4.05694e-07,0.999919
0.02,896,0.8,0.900002,0.6,790,2.73841e-06,4.72519e-06,0.999923
0.02,897,0.8,0.900002,0.7,789.982,9.42029e-06,1.67111e-05,0.999947
0.02,898,0.8,0.900002,0.8,787.892,9.30688e-06,1.61616e-05,0.999988
0.02,899,0.8,0.900002,0.900002,622.888,5.9744e-06,2.03997e-06,1.00001
0.02,900,0.900002,-2.1071e-06,-2.1071e-06,491.37,3.79186e-06,-3.79185e-06,1.00002
0.02,901,0.900002,-1.81547e-06,0.1,622.888,-2.46223e-06,2.46221e-06,1.00001
0.02,902,0.900002,-1.77735e-06,0.2,624.844,-3.29193e-06,3.29191e-06,0.999995
0.02,903,0.900002,-1.79853e-06,0.3,624.849,-9.77569e-07,9.77572e-07,0.999986
0.02,904,0.900002,-1.804e-06,0.4,624.85,-9.60141e-08,9.60211e-08,0.999985
0.02,905,0.900002,-1.804e-06,0.5,624.85,9.60141e-08,-9.60211e-08,0.999985
0.02,906,0.900002,-1.79853e-06,0.6,624.849,9.77569e-07,-9.77572e-07,0.999986
0.02,907,0.900002,-1.77735e-06,0.7,624.844,3.29193e-06,-3.29191e-06,0.999995
0.02,908,0.900002,-1.81547e-06,0.8,622.888,2.46223e-06,-2.46221e-06,1.00001
0.02,909,0.900002,-2.1071e-06,0.900002,491.37,-3.79186e-06,3.79185e-06,1.00002
0.02,910,0.900002,0.1,-1.81547e-06,622.888,-2.03998e-06,5.97439e-06,1.00001
0.02,911,0.900002,0.1,0.1,787.892,-1.61617e-05,9.30685e-06,0.999988
0.02,912,0.900002,0.1,0.2,789.982,-1.67111e-05,9.42026e-06,0.999947
0.02,913,0.900002,0.1,0.3,790,-4.72519e-06,2.73842e-06,0.999923
0.02,914,0.900002,0.1,0.4,790.007,-4.0568e-07,2.31238e-07,0.999919
0.02,915,0.900002,0.1,0.5,790.007,4.0568e-07,-2.31238e-07,0.999919
0.02,916,0.900002,0.1,0.6,790,4.72519e-06,-2.73842e-06,0.999923
0.02,917,0.900002,0.1,0.7,789.982,1.67111e-05,-9.42026e-06,0.999947
0.02,918,0.900002,0.1,0.8,787.892,1.61617e-05,-9.30685e-06,0.999988
0.02,919,0.900002,0.1,0.900002,622.888,2.03998e-06,-5.97439e-06,1.00001
0.02,920,0.900002,0.2,-1.77735e-06,624.844,-1.10488e-05,3.07921e-06,0.999998
0.02,921,0.900002,0.2,0.1,789.982,-4.14361e-05,9.33467e-06,0.999953
0.02,922,0.900004,0.2,0.2,792.087,-4.17261e-05,9.28324e-06,0.999882
0.02,923,0.900004,0.2,0.3,792.123,-1.19508e-05,2.72697e-06,0.999836
0.02,924,0.900005,0.2,0.4,792.137,-1.09571e-06,2.53673e-07,0.999826
0.02,925,0.900005,0.2,0.5,792.137,1.09571e-06,-2.53673e-07,0.999826
0.02,926,0.900004,0.2,0.6,792.123,1.19508e-05,-2.72697e-06,0.999836
0.02,927,0.900004,0.2,0.7,792.087,4.17261e-05,-9.28324e-06,0.999882
0.02,928,0.900002,0.2,0.8,789.982,4.14361e-05,-9.33467e-06,0.999953
0.02,929,0.900002,0.2,0.900002,624.844,1.10488e-05,-3.07921e-06,0.999998
0.02,930,0.900002,0.3,-1.79854e-06,624.849,-1.58334e-05,8.54068e-07,0.999994
0.02,931,0.900002,0.3,0.1,790,-5.55112e-05,2.65875e-06,0.999933
0.02,932,0.900004,0.3,0.2,792.123,-5.57209e-05,2.6896e-06,0.999834
0.02,933,0.900005,0.3,0.3,792.172,-1.60658e-05,8.38288e-07,0.999771
0.02,934,0.900005,0.3,0.4,792.192,-1.57526e-06,1.31524e-07,0.999758
0.02,935,0.900005,0.3,0.5,792.192,1.57526e-06,-1.31524e-07,0.999758
0.02,936,0.900005,0.3,0.6,792.172,1.60658e-05,-8.38288e-07,0.999771
0.02,937,0.900004,0.3,0.7,792.123,5.57209e-05,-2.6896e-06,0.999834
0.02,938,0.900002,0.3,0.8,790,5.55112e-05,-2.65875e-06,0.999933
0.02,939,0.900002,0.3,0.900002,624.849,1.58334e-05,-8.54068e-07,0.999994
0.02,940,0.900002,0.4,-1.804e-06,624.85,-1.68094e-05,6.96158e-08,0.999992
0.02,941,0.900002,0.4,0.1,790.007,-5.83925e-05,2.00327e-07,0.999925
0.02,942,0.900005,0.4,0.2,792.137,-5.87033e-05,2.38168e-07,0.999814
0.02,943,0.900005,0.4,0.3,792.192,-1.71355e-05,1.30362e-07,0.999745
0.02,944,0.900005,0.4,0.4,792.213,-1.79899e-06,4.7314e-08,0.99973
0.02,945,0.900005,0.4,0.5,792.213,1.79899e-06,-4.7314e-08,0.99973
0.02,946,0.900005,0.4,0.6,792.192,1.71355e-05,-1.30362e-07,0.999745
0.02,947,0.900005,0.4,0.7,792.137,5.87033e-05,-2.38168e-07,0.999814
0.02,948,0.900002,0.4,0.8,790.007,5.83925e-05,-2.00327e-07,0.999925
0.02,949,0.900002,0.4,0.900002,624.85,1.68094e-05,-6.96158e-08,0.999992
0.02,950,0.900002,0.5,-1.804e-06,624.85,-1.68094e-05,-6.96158e-08,0.999992
0.02,951,0.900002,0.5,0.1,790.007,-5.83925e-05,-2.00327e-07,0.999925
0.02,952,0.900005,0.5,0.2,792.137,-5.87033e-05,-2.38168e-07,0.999814
0.02,953,0.900005,0.5,0.3,792.192,-1.71355e-05,-1.30362e-07,0.999745
0.02,954,0.900005,0.5,0.4,792.213,-1.79899e-06,-4.7314e-08,0.99973
0.02,955,0.900005,0.5,0.5,792.213,1.79899e-06,4.7314e-08,0.99973
0.02,956,0.900005,0.5,0.6,792.192,1.71355e-05,1.30362e-07,0.999745
0.02,957,0.900005,0.5,0.7,792.137,5.87033e-05,2.38168e-07,0.999814
0.02,958,0.900002,0.5,0.8,790.007,5.83925e-05,2.00327e-07,0.999925
0.02,959,0.900002,0.5,0.900002,624.85,1.68094e-05,6.96158e-08,0.999992
0.02,960,0.900002,0.6,-1.79854e-06,624.849,-1.58334e-05,-8.54068e-07,0.999994
0.02,961,0.900002,0.6,0.1,790,-5.55112e-05,-2.65875e-06,0.999933
0.02,962,0.900004,0.6,0.2,792.123,-5.57209e-05,-2.6896e-06,0.999834
0.02,963,0.900005,0.6,0.3,792.172,-1.60658e-05,-8.38288e-07,0.999771
0.02,964,0.900005,0.6,0.4,792.192,-1.57526e-06,-1.31524e-07,0.999758
0.02,965,0.900005,0.6,0.5,792.192,1.57526e-06,1.31524e-07,0.999758
0.02,966,0.900005,0.6,0.6,792.172,1.60658e-05,8.38288e-07,0.999771
0.02,967,0.900004,0.6,0.7,792.123,5.57209e-05,2.6896e-06,0.999834
0.02,968,0.900002,0.6,0.8,790,5.55112e-05,2.65875e-06,0.999933
0.02,969,0.900002,0.6,0.900002,624.849,1.58334e-05,8.54068e-07,0.999994
0.02,970,0.900002,0.7,-1.77735e-06,624.844,-1.10488e-05,-3.07921e-06,0.999998
0.02,971,0.900002,0.7,0.1,789.982,-4.14361e-05,-9.33467e-06,0.999953
0.02,972,0.900004,0.7,0.2,792.087,-4.17261e-05,-9.28324e-06,0.999882
0.02,973,0.900004,0.7,0.3,792.123,-1.19508e-05,-2.72697e-06,0.999836
0.02,974,0.900005,0.7,0.4,792.137,-1.09571e-06,-2.53673e-07,0.999826
0.02,975,0.900005,0.7,0.5,792.137,1.09571e-06,2.53673e-07,0.999826
0.02,976,0.900004,0.7,0.6,792.123,1.19508e-05,2.72697e-06,0.999836
0.02,977,0.900004,0.7,0.7,792.087,4.17261e-05,9.28324e-06,0.999882
0.02,978,0.900002,0.7,0.8,789.982,4.14361e-05,9.33467e-06,0.999953
0.02,979,0.900002,0.7,0.900002,624.844,1.10488e-05,3.07921e-06,0.999998
0.02,980,0.900002,0.8,-1.81547e-06,622.888,-2.03998e-06,-5.97439e-06,1.00001
0.02,981,0.900002,0.8,0.1,787.892,-1.61617e-05,-9.30685e-06,0.999988
0.02,982,0.900002,0.8,0.2,789.982,-1.67111e-05,-9.42026e-06,0.999947
0.02,983,0.900002,0.8,0.3,790,-4.72519e-06,-2.73842e-06,0.999923
0.02,984,0.900002,0.8,0.4,790.007,-4.0568e-07,-2.31238e-07,0.999919
0.02,985,0.900002,0.8,0.5,790.007,4.0568e-07,2.31238e-07,0.999919
0.02,986,0.900002,0.8,0.6,790,4.72519e-06,2.73842e-06,0.999923
0.02,987,0.900002,0.8,0.7,789.982,1.67111e-05,9.42026e-06,0.999947
0.02,988,0.900002,0.8,0.8,787.892,1.61617e-05,9.30685e-06,0.999988
0.02,989,0.900002,0.8,0.900002,622.888,2.03998e-06,5.97439e-06,1.00001
0.02,990,0.900002,0.900002,-2.1071e-06,491.37,3.79186e-06,3.79185e-06,1.00002
0.02,991,0.900002,0.900002,0.1,622.888,-2.46223e-06,-2.46221e-06,1.00001
0.02,992,0.900002,0.900002,0.2,624.844,-3.29193e-06,-3.29191e-06,0.999995
0.02,993,0.900002,0.900002,0.3,624.849,-9.77569e-07,-9.77572e-07,0.999986
0.02,994,0.900002,0.900002,0.4,624.85,-9.60141e-08,-9.60211e-08,0.999985
0.02,995,0.900002,0.900002,0.5,624.85,9.60141e-08,9.60211e-08,0.999985
0.02,996,0.900002,0.900002,0.6,624.849,9.77569e-07,9.77572e-07,0.999986
0.02,997,0.900002,0.900002,0.7,624.844,3.29193e-06,3.29191e-06,0.999995
0.02,998,0.900002,0.900002,0.8,622.888,2.46223e-06,2.46221e-06,1.00001
0.02,999,0.900002,0.900002,0.900002,491.37,-3.79186e-06,-3.79185e-06,1.00002
0.03,0,-4.52436e-06,-4.52436e-06,-4.52435e-06,491.349,-8.33198e-06,-8.33193e-06,1.00005
0.03,1,-3.90993e-06,-3.90994e-06,0.100001,622.873,5.19824e-06,5.19814e-06,1.00003
0.03,2,-3.86441e-06,-3.8644e-06,0.2,624.844,6.97291e-06,6.97281e-06,0.999994
0.03,3,-3.92882e-06,-3.92881e-06,0.3,624.854,2.24578e-06,2.24579e-06,0.999977
0.03,4,-3.94637e-06,-3.94637e-06,0.4,624.858,3.56832e-07,3.56866e-07,0.999973
0.03,5,-3.94637e-06,-3.94637e-06,0.5,624.858,-3.56832e-07,-3.56866e-07,0.999973
0.03,6,-3.92882e-06,-3.92881e-06,0.6,624.854,-2.24578e-06,-2.24579e-06,0.999977
0.03,7,-3.86441e-06,-3.8644e-06,0.7,624.844,-6.97291e-06,-6.97281e-06,0.999994
0.03,8,-3.90993e-06,-3.90994e-06,0.799999,622.873,-5.19824e-06,-5.19814e-06,1.00003
0.03,9,-4.52436e-06,-4.52436e-06,0.900005,491.349,8.33198e-06,8.33193e-06,1.00005
0.03,10,-3.90994e-06,0.100001,-3.90995e-06,622.873,3.90621e-06,1.28143e-05,1.00003
0.03,11,-3.63709e-06,0.100001,0.100001,787.894,3.28984e-05,1.8889e-05,0.999981
0.03,12,-4.4382e-06,0.0999999,0.2,790.016,3.37591e-05,1.89397e-05,0.999901
0.03,13,-4.69295e-06,0.0999998,0.3,790.052,1.00675e-05,5.80069e-06,0.999855
0.03,14,-4.80078e-06,0.0999998,0.4,790.065,1.43461e-06,8.05999e-07,0.999844
0.03,15,-4.80078e-06,0.0999998,0.5,790.065,-1.43461e-06,-8.05999e-07,0.999844
0.03,16,-4.69295e-06,0.0999998,0.6,790.052,-1.00675e-05,-5.80069e-06,0.999855
0.03,17,-4.4382e-06,0.0999999,0.7,790.016,-3.37591e-05,-1.89397e-05,0.999901
0.03,18,-3.63709e-06,0.100001,0.799999,787.894,-3.28984e-05,-1.8889e-05,0.999981
0.03,19,-3.90994e-06,0.100001,0.900004,622.873,-3.90621e-06,-1.28143e-05,1.00003
0.03,20,-3.86439e-06,0.2,-3.86442e-06,624.844,2.21985e-05,6.304e-06,0.999997
0.03,21,-4.43821e-06,0.2,0.0999999,790.016,8.33968e-05,1.86748e-05,0.99991
0.03,22,-8.8829e-06,0.199999,0.199999,792.165,8.31967e-05,1.84221e-05,0.999774
0.03,23,-9.83129e-06,0.199999,0.3,792.234,2.50693e-05,5.79774e-06,0.999686
0.03,24,-1.01968e-05,0.199999,0.4,792.263,3.73351e-06,9.16758e-07,0.999666
0.03,25,-1.01968e-05,0.199999,0.5,792.263,-3.73351e-06,-9.16758e-07,0.999666
0.03,26,-9.83129e-06,0.199999,0.6,792.234,-2.50693e-05,-5.79774e-06,0.999686
0.03,27,-8.8829e-06,0.199999,0.700001,792.165,-8.31967e-05,-1.84221e-05,0.999774
0.03,28,-4.43821e-06,0.2,0.8,790.016,-8.33968e-05,-1.86748e-05,0.99991
0.03,29,-3.86439e-06,0.2,0.900004,624.844,-2.21985e-05,-6.304e-06,0.999997
0.03,30,-3.9288e-06,0.3,-3.92884e-06,624.854,3.19316e-05,1.86761e-06,0.99999
0.03,31,-4.69296e-06,0.3,0.0999998,790.052,0.000111475,5.55284e-06,0.999872
0.03,32,-9.83129e-06,0.3,0.199999,792.234,0.000110957,5.6867e-06,0.999681
0.03,33,-1.09345e-05,0.3,0.3,792.329,3.40672e-05,2.12716e-06,0.999559
0.03,34,-1.14473e-05,0.3,0.4,792.37,5.52652e-06,5.46872e-07,0.99953
0.03,35,-1.14473e-05,0.3,0.5,792.37,-5.52652e-06,-5.46872e-07,0.99953
0.03,36,-1.09345e-05,0.3,0.6,792.329,-3.40672e-05,-2.12716e-06,0.999559
0.03,37,-9.83129e-06,0.3,0.700001,792.234,-0.000110957,-5.6867e-06,0.999681
0.03,38,-4.69296e-06,0.3,0.8,790.052,-0.000111475,-5.55284e-06,0.999872
0.03,39,-3.9288e-06,0.3,0.900004,624.854,-3.19316e-05,-1.86761e-06,0.99999
0.03,40,-3.94636e-06,0.4,-3.94639e-06,624.858,3.42515e-05,2.69586e-07,0.999987
0.03,41,-4.80078e-06,0.4,0.0999998,790.065,0.000118054,7.08298e-07,0.999856
0.03,42,-1.01968e-05,0.4,0.199999,792.263,0.000117962,8.71598e-07,0.999642
0.03,43,-1.14473e-05,0.4,0.3,792.37,3.7183e-05,5.46544e-07,0.999507
0.03,44,-1.20236e-05,0.4,0.4,792.414,6.47599e-06,2.03174e-07,0.999474
0.03,45,-1.20236e-05,0.4,0.5,792.414,-6.47599e-06,-2.03174e-07,0.999474
0.03,46,-1.14473e-05,0.4,0.6,792.37,-3.7183e-05,-5.46544e-07,0.999507
0.03,47,-1.01968e-05,0.4,0.700001,792.263,-0.000117962,-8.71598e-07,0.999642
0.03,48,-4.80078e-06,0.4,0.8,790.065,-0.000118054,-7.08298e-07,0.999856
0.03,49,-3.94636e-06,0.4,0.900004,624.858,-3.42515e-05,-2.69586e-07,0.999987
0.03,50,-3.94636e-06,0.5,-3.94639e-06,624.858,3.42515e-05,-2.69586e-07,0.999987
0.03,51,-4.80078e-06,0.5,0.0999998,790.065,0.000118054,-7.08298e-07,0.999856
0.03,52,-1.01968e-05,0.5,0.199999,792.263,0.000117962,-8.71598e-07,0.999642
0.03,53,-1.14473e-05,0.5,0.3,792.37,3.7183e-05,-5.46544e-07,0.999507
0.03,54,-1.20236e-05,0.5,0.4,792.414,6.47599e-06,-2.03174e-07,0.999474
0.03,55,-1.20236e-05,0.5,0.5,792.414,-6.47599e-06,2.03174e-07,0.999474
0.03,56,-1.14473e-05,0.5,0.6,792.37,-3.7183e-05,5.46544e-07,0.999507
0.03,57,-1.01968e-05,0.5,0.700001,792.263,-0.000117962,8.71598e-07,0.999642
0.03,58,-4.80078e-06,0.5,0.8,790.065,-0.000118054,7.08298e-07,0.999856
0.03,59,-3.94636e-06,0.5,0.900004,624.858,-3.42515e-05,2.69586e-07,0.999987
0.03,60,-3.9288e-06,0.6,-3.92884e-06,624.854,3.19316e-05,-1.86761e-06,0.99999
0.03,61,-4.69296e-06,0.6,0.0999998,790.052,0.000111475,-5.55284e-06,0.999872
0.03,62,-9.83129e-06,0.6,0.199999,792.234,0.000110957,-5.6867e-06,0.999681
0.03,63,-1.09345e-05,0.6,0.3,792.329,3.40672e-05,-2.12716e-06,0.999559
0.03,64,-1.14473e-05,0.6,0.4,792.37,5.52652e-06,-5.46872e-07,0.99953
0.03,65,-1.14473e-05,0.6,0.5,792.37,-5.52652e-06,5.46872e-07,0.99953
0.03,66,-1.09345e-05,0.6,0.6,792.329,-3.40672e-05,2.12716e-06,0.999559
0.03,67,-9.83129e-06,0.6,0.700001,792.234,-0.000110957,5.6867e-06,0.999681
0.03,68,-4.69296e-06,0.6,0.8,790.052,-0.000111475,5.55284e-06,0.999872
0.03,69,-3.9288e-06,0.6,0.900004,624.854,-3.19316e-05,1.86761e-06,0.99999
0.03,70,-3.86439e-06,0.7,-3.86442e-06,624.844,2.21985e-05,-6.304e-06,0.999997
0.03,71,-4.43821e-06,0.7,0.0999999,790.016,8.33968e-05,-1.86748e-05,0.99991
0.03,72,-8.8829e-06,0.700001,0.199999,792.165,8.31967e-05,-1.84221e-05,0.999774
0.03,73,-9.83129e-06,0.700001,0.3,792.234,2.50693e-05,-5.79774e-06,0.999686
0.03,74,-1.01968e-05,0.700001,0.4,792.263,3.73351e-06,-9.16758e-07,0.999666
0.03,75,-1.01968e-05,0.700001,0.5,792.263,-3.73351e-06,9.16758e-07,0.999666
0.03,76,-9.83129e-06,0.700001,0.6,792.234,-2.50693e-05,5.79774e-06,0.999686
0.03,77,-8.8829e-06,0.700001,0.700001,792.165,-8.31967e-05,1.84221e-05,0.999774
0.03,78,-4.43821e-06,0.7,0.8,790.016,-8.33968e-05,1.86748e-05,0.99991
0.03,79,-3.86439e-06,0.7,0.900004,624.844,-2.21985e-05,6.304e-06,0.999997
0.03,80,-3.90994e-06,0.799999,-3.90995e-06,622.873,3.90621e-06,-1.28143e-05,1.00003
0.03,81,-3.63709e-06,0.799999,0.100001,787.894,3.28984e-05,-1.8889e-05,0.999981
0.03,82,-4.4382e-06,0.8,0.2,790.016,3.37591e-05,-1.89397e-05,0.999901
0.03,83,-4.69295e-06,0.8,0.3,790.052,1.00675e-05,-5.80069e-06,0.999855
0.03,84,-4.80078e-06,0.8,0.4,790.065,1.43461e-06,-8.05999e-07,0.999844
0.03,85,-4.80078e-06,0.8,0.5,790.065,-1.43461e-06,8.05999e-07,0.999844
0.03,86,-4.69295e-06,0.8,0.6,790.052,-1.00675e-05,5.80069e-06,0.999855
0.03,87,-4.4382e-06,0.8,0.7,790.016,-3.37591e-05,1.89397e-05,0.999901
0.03,88,-3.63709e-06,0.799999,0.799999,787.894,-3.28984e-05,1.8889e-05,0.999981
0.03,89,-3.90994e-06,0.799999,0.900004,622.873,-3.90621e-06,1.28143e-05,1.00003
0.03,90,-4.52436e-06,0.900005,-4.52435e-06,491.349,-8.33198e-06,8.33193e-06,1.00005
0.03,91,-3.90993e-06,0.900004,0.100001,622.873,5.19824e-06,-5.19814e-06,1.00003
0.03,92,-3.86441e-06,0.900004,0.2,624.844,6.97291e-06,-6.97281e-06,0.999994
0.03,93,-3.92882e-06,0.900004,0.3,624.854,2.24578e-06,-2.24579e-06,0.999977
0.03,94,-3.94637e-06,0.900004,0.4,624.858,3.56832e-07,-3.56866e-07,0.999973
0.03,95,-3.94637e-06,0.900004,0.5,624.858,-3.56832e-07,3.56866e-07,0.999973
0.03,96,-3.92882e-06,0.900004,0.6,624.854,-2.24578e-06,2.24579e-06,0.999977
0.03,97,-3.86441e-06,0.900004,0.7,624.844,-6.97291e-06,6.97281e-06,0.999994
0.03,98,-3.90993e-06,0.900004,0.799999,622.873,-5.19824e-06,5.19814e-06,1.00003
0.03,99,-4.52436e-06,0.900005,0.900005,491.349,8.33198e-06,-8.33193e-06,1.00005
0.03,100,0.100001,-3.90996e-06,-3.90995e-06,622.873,1.28144e-05,3.90615e-06,1.00003
0.03,101,0.100001,-3.63711e-06,0.100001,787.894,1.88892e-05,3.28982e-05,0.999981
0.03,102,0.0999999,-4.43819e-06,0.2,790.016,1.89398e-05,3.37589e-05,0.999901
0.03,103,0.0999998,-4.69293e-06,0.3,790.052,5.80067e-06,1.00675e-05,0.999855
0.03,104,0.0999998,-4.80077e-06,0.4,790.065,8.05957e-07,1.43468e-06,0.999844
0.03,105,0.0999998,-4.80077e-06,0.5,790.065,-8.05957e-07,-1.43468e-06,0.999844
0.03,106,0.0999998,-4.69293e-06,0.6,790.052,-5.80067e-06,-1.00675e-05,0.999855
0.03,107,0.0999999,-4.43819e-06,0.7,790.016,-1.89398e-05,-3.37589e-05,0.999901
0.03,108,0.100001,-3.63711e-06,0.799999,787.894,-1.88892e-05,-3.28982e-05,0.999981
0.03,109,0.100001,-3.90996e-06,0.900004,622.873,-1.28144e-05,-3.90615e-06,1.00003
0.03,110,0.100001,0.100001,-3.63713e-06,787.894,3.85892e-05,3.85889e-05,1.00002
0.03,111,0.0999955,0.0999955,0.0999955,994.34,8.61397e-05,8.61393e-05,0.999962
0.03,112,0.0999824,0.0999824,0.199995,996.555,8.56187e-05,8.56185e-05,0.999868
0.03,113,0.099978,0.099978,0.3,996.61,2.6924e-05,2.6924e-05,0.999812
0.03,114,0.0999775,0.0999775,0.4,996.656,3.67499e-06,3.67508e-06,0.999798
0.03,115,0.0999775,0.0999775,0.5,996.656,-3.67499e-06,-3.67508e-06,0.999798
0.03,116,0.099978,0.099978,0.6,996.61,-2.6924e-05,-2.6924e-05,0.999812
0.03,117,0.0999824,0.0999824,0.700005,996.555,-8.56187e-05,-8.56185e-05,0.999868
0.03,118,0.0999955,0.0999955,0.800004,994.34,-8.61397e-05,-8.61393e-05,0.999962
0.03,119,0.100001,0.100001,0.900004,787.894,-3.85892e-05,-3.85889e-05,1.00002
0.03,120,0.0999999,0.2,-4.4383e-06,790.016,8.43845e-05,3.10101e-05,1
0.03,121,0.0999824,0.199995,0.0999824,996.555,0.000206901,8.42813e-05,0.99997
0.03,122,0.0999354,0.199983,0.199983,998.634,0.000206869,8.40948e-05,0.999913
0.03,123,0.0999195,0.199979,0.299999,998.67,6.70146e-05,2.73177e-05,0.999875
0.03,124,0.0999174,0.199978,0.399999,998.757,9.82768e-06,4.30513e-06,0.999863
0.03,125,0.0999174,0.199978,0.500001,998.757,-9.82768e-06,-4.30513e-06,0.999863
0.03,126,0.0999195,0.199979,0.600001,998.67,-6.70146e-05,-2.73177e-05,0.999875
0.03,127,0.0999354,0.199983,0.700017,998.634,-0.000206869,-8.40948e-05,0.999913
0.03,128,0.0999824,0.199995,0.800018,996.555,-0.000206901,-8.42813e-05,0.99997
0.03,129,0.0999999,0.2,0.900004,790.016,-8.43845e-05,-3.10101e-05,1
0.03,130,0.0999998,0.3,-4.69308e-06,790.052,0.000110767,8.52027e-06,0.999998
0.03,131,0.099978,0.3,0.099978,996.61,0.000276525,2.62247e-05,0.999943
0.03,132,0.0999195,0.299999,0.199979,998.67,0.000277129,2.69807e-05,0.999848
0.03,133,0.0998994,0.299999,0.299999,998.73,9.16089e-05,9.97396e-06,0.999785
0.03,134,0.0998963,0.299999,0.399999,998.847,1.45706e-05,2.53937e-06,0.999767
0.03,135,0.0998963,0.299999,0.500001,998.847,-1.45706e-05,-2.53937e-06,0.999767
0.03,136,0.0998994,0.299999,0.600001,998.73,-9.16089e-05,-9.97396e-06,0.999785
0.03,137,0.0999195,0.299999,0.700021,998.67,-0.000277129,-2.69807e-05,0.999848
0.03,138,0.099978,0.3,0.800022,996.61,-0.000276525,-2.62247e-05,0.999943
0.03,139,0.0999998,0.3,0.900005,790.052,-0.000110767,-8.52027e-06,0.999998
0.03,140,0.0999998,0.4,-4.80091e-06,790.065,0.000116747,1.10435e-06,0.99999
0.03,141,0.0999775,0.4,0.0999775,996.656,0.000293386,3.38727e-06,0.999904
0.03,142,0.0999174,0.399999,0.199978,998.757,0.000295301,4.22335e-06,0.999755
0.03,143,0.0998963,0.399999,0.299999,998.847,9.99777e-05,2.55157e-06,0.999661
0.03,144,0.0998924,0.399998,0.399998,998.975,1.70757e-05,9.90751e-07,0.999636
0.03,145,0.0998924,0.399998,0.500002,998.975,-1.70757e-05,-9.90751e-07,0.999636
0.03,146,0.0998963,0.399999,0.600001,998.847,-9.99777e-05,-2.55157e-06,0.999661
0.03,147,0.0999174,0.399999,0.700022,998.757,-0.000295301,-4.22335e-06,0.999755
0.03,148,0.0999775,0.4,0.800023,996.656,-0.000293386,-3.38727e-06,0.999904
0.03,149,0.0999998,0.4,0.900005,790.065,-0.000116747,-1.10435e-06,0.99999
0.03,150,0.0999998,0.5,-4.80091e-06,790.065,0.000116747,-1.10435e-06,0.99999
0.03,151,0.0999775,0.5,0.0999775,996.656,0.000293386,-3.38727e-06,0.999904
0.03,152,0.0999174,0.500001,0.199978,998.757,0.000295301,-4.22335e-06,0.999755
0.03,153,0.0998963,0.500001,0.299999,998.847,9.99777e-05,-2.55157e-06,0.999661
0.03,154,0.0998924,0.500002,0.399998,998.975,1.70757e-05,-9.90751e-07,0.999636
0.03,155,0.0998924,0.500002,0.500002,998.975,-1.70757e-05,9.90751e-07,0.999636
0.03,156,0.0998963,0.500001,0.600001,998.847,-9.99777e-05,2.55157e-06,0.999661
0.03,157,0.0999174,0.500001,0.700022,998.757,-0.000295301,4.22335e-06,0.999755
0.03,158,0.0999775,0.5,0.800023,996.656,-0.000293386,3.38727e-06,0.999904
0.03,159,0.0999998,0.5,0.900005,790.065,-0.000116747,1.10435e-06,0.99999
0.03,160,0.0999998,0.6,-4.69308e-06,790.052,0.000110767,-8.52027e-06,0.999998
0.03,161,0.099978,0.6,0.099978,996.61,0.000276525,-2.62247e-05,0.999943
0.03,162,0.0999195,0.600001,0.199979,998.67,0.000277129,-2.69807e-05,0.999848
0.03,163,0.0998994,0.600001,0.299999,998.73,9.16089e-05,-9.97396e-06,0.999785
0.03,164,0.0998963,0.600001,0.399999,998.847,1.45706e-05,-2.53937e-06,0.999767
0.03,165,0.0998963,0.600001,0.500001,998.847,-1.45706e-05,2.53937e-06,0.999767
0.03,166,0.0998994,0.600001,0.600001,998.73,-9.16089e-05,9.97396e-06,0.999785
0.03,167,0.0999195,0.600001,0.700021,998.67,-0.000277129,2.69807e-05,0.999848
0.03,168,0.099978,0.6,0.800022,996.61,-0.000276525,2.62247e-05,0.999943
0.03,169,0.0999998,0.6,0.900005,790.052,-0.000110767,8.52027e-06,0.999998
0.03,170,0.0999999,0.7,-4.4383e-06,790.016,8.43845e-05,-3.10101e-05,1
0.03,171,0.0999824,0.700005,0.0999824,996.555,0.000206901,-8.42813e-05,0.99997
0.03,172,0.0999354,0.700017,0.199983,998.634,0.000206869,-8.40948e-05,0.999913
0.03,173,0.0999195,0.700021,0.299999,998.67,6.70146e-05,-2.73177e-05,0.999875
0.03,174,0.0999174,0.700022,0.399999,998.757,9.82768e-06,-4.30513e-06,0.999863
0.03,175,0.0999174,0.700022,0.500001,998.757,-9.82768e-06,4.30513e-06,0.999863
0.03,176,0.0999195,0.700021,0.600001,998.67,-6.70146e-05,2.73177e-05,0.999875
0.03,177,0.0999354,0.700017,0.700017,998.634,-0.000206869,8.40948e-05,0.999913
0.03,178,0.0999824,0.700005,0.800018,996.555,-0.000206901,8.42813e-05,0.99997
0.03,179,0.0999999,0.7,0.900004,790.016,-8.43845e-05,3.10101e-05,1
0.03,180,0.100001,0.799999,-3.63713e-06,787.894,3.85892e-05,-3.85889e-05,1.00002
0.03,181,0.0999955,0.800004,0.0999955,994.34,8.61397e-05,-8.61393e-05,0.999962
0.03,182,0.0999824,0.800018,0.199995,996.555,8.56187e-05,-8.56185e-05,0.999868
0.03,183,0.099978,0.800022,0.3,996.61,2.6924e-05,-2.6924e-05,0.999812
0.03,184,0.0999775,0.800023,0.4,996.656,3.67499e-06,-3.67508e-06,0.999798
0.03,185,0.0999775,0.800023,0.5,996.656,-3.67499e-06,3.67508e-06,0.999798
0.03,186,0.099978,0.800022,0.6,996.61,-2.6924e-05,2.6924e-05,0.999812
0.03,187,0.0999824,0.800018,0.700005,996.555,-8.56187e-05,8.56185e-05,0.999868
0.03,188,0.0999955,0.800004,0.800004,994.34,-8.61397e-05,8.61393e-05,0.999962
0.03,189,0.100001,0.799999,0.900004,787.894,-3.85892e-05,3.85889e-05,1.00002
0.03,190,0.100001,0.900004,-3.90995e-06,622.873,1.28144e-05,-3.90615e-06,1.00003
0.03,191,0.100001,0.900004,0.100001,787.894,1.88892e-05,-3.28982e-05,0.999981
0.03,192,0.0999999,0.900004,0.2,790.016,1.89398e-05,-3.37589e-05,0.999901
0.03,193,0.0999998,0.900005,0.3,790.052,5.80067e-06,-1.00675e-05,0.999855
0.03,194,0.0999998,0.900005,0.4,790.065,8.05957e-07,-1.43468e-06,0.999844
0.03,195,0.0999998,0.900005,0.5,790.065,-8.05957e-07,1.43468e-06,0.999844
0.03,196,0.0999998,0.900005,0.6,790.052,-5.80067e-06,1.00675e-05,0.999855
0.03,197,0.0999999,0.900004,0.7,790.016,-1.89398e-05,3.37589e-05,0.999901
0.03,198,0.100001,0.900004,0.799999,787.894,-1.88892e-05,3.28982e-05,0.999981
0.03,199,0.100001,0.900004,0.900004,622.873,-1.28144e-05,3.90615e-06,1.00003
0.03,200,0.2,-3.86445e-06,-3.86442e-06,624.844,6.30406e-06,2.21983e-05,0.999997
0.03,201,0.2,-4.43823e-06,0.0999999,790.016,1.86749e-05,8.33964e-05,0.99991
0.03,202,0.199999,-8.88286e-06,0.199999,792.165,1.84222e-05,8.31964e-05,0.999774
0.03,203,0.199999,-9.83124e-06,0.3,792.234,5.79772e-06,2.50694e-05,0.999686
0.03,204,0.199999,-1.01968e-05,0.4,792.263,9.16719e-07,3.73363e-06,0.999666
0.03,205,0.199999,-1.01968e-05,0.5,792.263,-9.16719e-07,-3.73363e-06,0.999666
0.03,206,0.199999,-9.83124e-06,0.6,792.234,-5.79772e-06,-2.50694e-05,0.999686
0.03,207,0.199999,-8.88286e-06,0.700001,792.165,-1.84222e-05,-8.31964e-05,0.999774
0.03,208,0.2,-4.43823e-06,0.8,790.016,-1.86749e-05,-8.33964e-05,0.99991
0.03,209,0.2,-3.86445e-06,0.900004,624.844,-6.30406e-06,-2.21983e-05,0.999997
0.03,210,0.2,0.0999999,-4.4383e-06,790.016,3.10104e-05,8.4384e-05,1
0.03,211,0.199995,0.0999824,0.0999824,996.555,8.42816e-05,0.0002069,0.99997
0.03,212,0.199983,0.0999354,0.199983,998.634,8.4095e-05,0.000206868,0.999913
0.03,213,0.199979,0.0999195,0.299999,998.67,2.73177e-05,6.70146e-05,0.999875
0.03,214,0.199978,0.0999174,0.399999,998.757,4.30506e-06,9.82783e-06,0.999863
0.03,215,0.199978,0.0999174,0.500001,998.757,-4.30506e-06,-9.82783e-06,0.999863
0.03,216,0.199979,0.0999195,0.600001,998.67,-2.73177e-05,-6.70146e-05,0.999875
0.03,217,0.199983,0.0999354,0.700017,998.634,-8.4095e-05,-0.000206868,0.999913
0.03,218,0.199995,0.0999824,0.800018,996.555,-8.42816e-05,-0.0002069,0.99997
0.03,219,0.2,0.0999999,0.900004,790.016,-3.10104e-05,-8.4384e-05,1
0.03,220,0.199999,0.199999,-8.88312e-06,792.165,7.6208e-05,7.62075e-05,1.00004
0.03,221,0.199983,0.199983,0.0999354,998.634,0.000203442,0.000203441,1.00018
0.03,222,0.199937,0.199937,0.199937,1000.19,0.000205322,0.000205322,1.00042
0.03,223,0.199921,0.199921,0.299996,1000.04,6.91055e-05,6.91056e-05,1.00055
0.03,224,0.199918,0.199918,0.399996,1000.19,1.17224e-05,1.17226e-05,1.00058
0.03,225,0.199918,0.199918,0.500004,1000.19,-1.17224e-05,-1.17226e-05,1.00058
0.03,226,0.199921,0.199921,0.600004,1000.04,-6.91055e-05,-6.91056e-05,1.00055
0.03,227,0.199937,0.199937,0.700063,1000.19,-0.000205322,-0.000205322,1.00042
0.03,228,0.199983,0.199983,0.800065,998.634,-0.000203442,-0.000203441,1.00018
0.03,229,0.199999,0.199999,0.900009,792.165,-7.6208e-05,-7.62075e-05,1.00004
0.03,230,0.199999,0.3,-9.83159e-06,792.234,0.00010213,2.1713e-05,1.00004
0.03,231,0.199979,0.299999,0.0999195,998.67,0.00027314,6.61368e-05,1.00021
0.03,232,0.199921,0.299996,0.199921,1000.04,0.00027715,6.87356e-05,1.00049
0.03,233,0.199901,0.299994,0.299994,999.867,9.58873e-05,2.6342e-05,1.00065
0.03,234,0.199896,0.299993,0.399994,1000.06,1.765e-05,6.96216e-06,1.00069
0.03,235,0.199896,0.299993,0.500006,1000.06,-1.765e-05,-6.96216e-06,1.00069
0.03,236,0.199901,0.299994,0.600006,999.867,-9.58873e-05,-2.6342e-05,1.00065
0.03,237,0.199921,0.299996,0.700079,1000.04,-0.00027715,-6.87356e-05,1.00049
0.03,238,0.199979,0.299999,0.800081,998.67,-0.00027314,-6.61368e-05,1.00021
0.03,239,0.199999,0.3,0.90001,792.234,-0.00010213,-2.1713e-05,1.00004
0.03,240,0.199999,0.4,-1.01971e-05,792.263,0.000108338,2.98307e-06,1.00003
0.03,241,0.199978,0.399999,0.0999174,998.757,0.000291227,9.39428e-06,1.00014
0.03,242,0.199918,0.399996,0.199918,1000.19,0.000297319,1.17213e-05,1.00033
0.03,243,0.199896,0.399994,0.299993,1000.06,0.000105874,6.99474e-06,1.00044
0.03,244,0.199891,0.399994,0.399994,1000.27,2.08359e-05,2.7083e-06,1.00047
0.03,245,0.199891,0.399994,0.500006,1000.27,-2.08359e-05,-2.7083e-06,1.00047
0.03,246,0.199896,0.399994,0.600007,1000.06,-0.000105874,-6.99474e-06,1.00044
0.03,247,0.199918,0.399996,0.700082,1000.19,-0.000297319,-1.17213e-05,1.00033
0.03,248,0.199978,0.399999,0.800083,998.757,-0.000291227,-9.39428e-06,1.00014
0.03,249,0.199999,0.4,0.90001,792.263,-0.000108338,-2.98307e-06,1.00003
0.03,250,0.199999,0.5,-1.01971e-05,792.263,0.000108338,-2.98307e-06,1.00003
0.03,251,0.199978,0.500001,0.0999174,998.757,0.000291227,-9.39428e-06,1.00014
0.03,252,0.199918,0.500004,0.199918,1000.19,0.000297319,-1.17213e-05,1.00033
0.03,253,0.199896,0.500006,0.299993,1000.06,0.000105874,-6.99474e-06,1.00044
0.03,254,0.199891,0.500006,0.399994,1000.27,2.08359e-05,-2.7083e-06,1.00047
0.03,255,0.199891,0.500006,0.500006,1000.27,-2.08359e-05,2.7083e-06,1.00047
0.03,256,0.199896,0.500006,0.600007,1000.06,-0.000105874,6.99474e-06,1.00044
0.03,257,0.199918,0.500004,0.700082,1000.19,-0.000297319,1.17213e-05,1.00033
0.03,258,0.199978,0.500001,0.800083,998.757,-0.000291227,9.39428e-06,1.00014
0.03,259,0.199999,0.5,0.90001,792.263,-0.000108338,2.98307e-06,1.00003
0.03,260,0.199999,0.6,-9.83159e-06,792.234,0.00010213,-2.1713e-05,1.00004
0.03,261,0.199979,0.600001,0.0999195,998.67,0.00027314,-6.61368e-05,1.00021
0.03,262,0.199921,0.600004,0.199921,1000.04,0.00027715,-6.87356e-05,1.00049
0.03,263,0.199901,0.600006,0.299994,999.867,9.58873e-05,-2.6342e-05,1.00065
0.03,264,0.199896,0.600007,0.399994,1000.06,1.765e-05,-6.96216e-06,1.00069
0.03,265,0.199896,0.600007,0.500006,1000.06,-1.765e-05,6.96216e-06,1.00069
0.03,266,0.199901,0.600006,0.600006,999.867,-9.58873e-05,2.6342e-05,1.00065
0.03,267,0.199921,0.600004,0.700079,1000.04,-0.00027715,6.87356e-05,1.00049
0.03,268,0.199979,0.600001,0.800081,998.67,-0.00027314,6.61368e-05,1.00021
0.03,269,0.199999,0.6,0.90001,792.234,-0.00010213,2.1713e-05,1.00004
0.03,270,0.199999,0.700001,-8.88312e-06,792.165,7.6208e-05,-7.62075e-05,1.00004
0.03,271,0.199983,0.700017,0.0999354,998.634,0.000203442,-0.000203441,1.00018
0.03,272,0.199937,0.700063,0.199937,1000.19,0.000205322,-0.000205322,1.00042
0.03,273,0.199921,0.700079,0.299996,1000.04,6.91055e-05,-6.91056e-05,1.00055
0.03,274,0.199918,0.700082,0.399996,1000.19,1.17224e-05,-1.17226e-05,1.00058
0.03,275,0.199918,0.700082,0.500004,1000.19,-1.17224e-05,1.17226e-05,1.00058
0.03,276,0.199921,0.700079,0.600004,1000.04,-6.91055e-05,6.91056e-05,1.00055
0.03,277,0.199937,0.700063,0.700063,1000.19,-0.000205322,0.000205322,1.00042
0.03,278,0.199983,0.700017,0.800065,998.634,-0.000203442,0.000203441,1.00018
0.03,279,0.199999,0.700001,0.900009,792.165,-7.6208e-05,7.62075e-05,1.00004
0.03,280,0.2,0.8,-4.4383e-06,790.016,3.10104e-05,-8.4384e-05,1
0.03,281,0.199995,0.800018,0.0999824,996.555,8.42816e-05,-0.0002069,0.99997
0.03,282,0.199983,0.800065,0.199983,998.634,8.4095e-05,-0.000206868,0.999913
0.03,283,0.199979,0.800081,0.299999,998.67,2.73177e-05,-6.70146e-05,0.999875
0.03,284,0.199978,0.800083,0.399999,998.757,4.30506e-06,-9.82783e-06,0.999863
0.03,285,0.199978,0.800083,0.500001,998.757,-4.30506e-06,9.82783e-06,0.999863
0.03,286,0.199979,0.800081,0.600001,998.67,-2.73177e-05,6.70146e-05,0.999875
0.03,287,0.199983,0.800065,0.700017,998.634,-8.4095e-05,0.000206868,0.999913
0.03,288,0.199995,0.800018,0.800018,996.555,-8.42816e-05,0.0002069,0.99997
0.03,289,0.2,0.8,0.900004,790.016,-3.10104e-05,8.4384e-05,1
0.03,290,0.2,0.900004,-3.86442e-06,624.844,6.30406e-06,-2.21983e-05,0.999997
0.03,291,0.2,0.900004,0.0999999,790.016,1.86749e-05,-8.33964e-05,0.99991
0.03,292,0.199999,0.900009,0.199999,792.165,1.84222e-05,-8.31964e-05,0.999774
0.03,293,0.199999,0.90001,0.3,792.234,5.79772e-06,-2.50694e-05,0.999686
0.03,294,0.199999,0.90001,0.4,792.263,9.16719e-07,-3.73363e-06,0.999666
0.03,295,0.199999,0.90001,0.5,792.263,-9.16719e-07,3.73363e-06,0.999666
0.03,296,0.199999,0.90001,0.6,792.234,-5.79772e-06,2.50694e-05,0.999686
0.03,297,0.199999,0.900009,0.700001,792.165,-1.84222e-05,8.31964e-05,0.999774
0.03,298,0.2,0.900004,0.8,790.016,-1.86749e-05,8.33964e-05,0.99991
0.03,299,0.2,0.900004,0.900004,624.844,-6.30406e-06,2.21983e-05,0.999997
0.03,300,0.3,-3.92889e-06,-3.92884e-06,624.854,1.86762e-06,3.19313e-05,0.99999
0.03,301,0.3,-4.69299e-06,0.0999998,790.052,5.55292e-06,0.000111475,0.999872
0.03,302,0.3,-9.83124e-06,0.199999,792.234,5.68676e-06,0.000110957,0.999681
0.03,303,0.3,-1.09344e-05,0.3,792.329,2.12715e-06,3.40673e-05,0.999559
0.03,304,0.3,-1.14473e-05,0.4,792.37,5.46851e-07,5.52669e-06,0.99953
0.03,305,0.3,-1.14473e-05,0.5,792.37,-5.46851e-07,-5.52669e-06,0.99953
0.03,306,0.3,-1.09344e-05,0.6,792.329,-2.12715e-06,-3.40673e-05,0.999559
0.03,307,0.3,-9.83124e-06,0.700001,792.234,-5.68676e-06,-0.000110957,0.999681
0.03,308,0.3,-4.69299e-06,0.8,790.052,-5.55292e-06,-0.000111475,0.999872
0.03,309,0.3,-3.92889e-06,0.900004,624.854,-1.86762e-06,-3.19313e-05,0.99999
0.03,310,0.3,0.0999998,-4.69308e-06,790.052,8.52034e-06,0.000110766,0.999998
0.03,311,0.3,0.099978,0.099978,996.61,2.62249e-05,0.000276524,0.999943
0.03,312,0.299999,0.0999195,0.199979,998.67,2.69808e-05,0.000277128,0.999848
0.03,313,0.299999,0.0998994,0.299999,998.73,9.97394e-06,9.1609e-05,0.999785
0.03,314,0.299999,0.0998963,0.399999,998.847,2.53933e-06,1.45708e-05,0.999767
0.03,315,0.299999,0.0998963,0.500001,998.847,-2.53933e-06,-1.45708e-05,0.999767
0.03,316,0.299999,0.0998994,0.600001,998.73,-9.97394e-06,-9.1609e-05,0.999785
0.03,317,0.299999,0.0999195,0.700021,998.67,-2.69808e-05,-0.000277128,0.999848
0.03,318,0.3,0.099978,0.800022,996.61,-2.62249e-05,-0.000276524,0.999943
0.03,319,0.3,0.0999998,0.900005,790.052,-8.52034e-06,-0.000110766,0.999998
0.03,320,0.3,0.199999,-9.83159e-06,792.234,2.17132e-05,0.000102129,1.00004
0.03,321,0.299999,0.199979,0.0999195,998.67,6.61371e-05,0.000273139,1.00021
0.03,322,0.299996,0.199921,0.199921,1000.04,6.87358e-05,0.000277149,1.00049
0.03,323,0.299994,0.199901,0.299994,999.867,2.63419e-05,9.58874e-05,1.00065
0.03,324,0.299993,0.199896,0.399994,1000.06,6.96209e-06,1.76502e-05,1.00069
0.03,325,0.299993,0.199896,0.500006,1000.06,-6.96209e-06,-1.76502e-05,1.00069
0.03,326,0.299994,0.199901,0.600006,999.867,-2.63419e-05,-9.58874e-05,1.00065
0.03,327,0.299996,0.199921,0.700079,1000.04,-6.87358e-05,-0.000277149,1.00049
0.03,328,0.299999,0.199979,0.800081,998.67,-6.61371e-05,-0.000273139,1.00021
0.03,329,0.3,0.199999,0.90001,792.234,-2.17132e-05,-0.000102129,1.00004
0.03,330,0.3,0.3,-1.09349e-05,792.329,2.95061e-05,2.95059e-05,1.00005
0.03,331,0.299999,0.299999,0.0998994,998.73,9.05889e-05,9.05885e-05,1.00024
0.03,332,0.299994,0.299994,0.199901,999.867,9.54051e-05,9.54048e-05,1.00058
0.03,333,0.299992,0.299992,0.299992,999.655,3.83267e-05,3.83268e-05,1.00077
0.03,334,0.29999,0.29999,0.399992,999.908,1.07037e-05,1.07038e-05,1.00082
0.03,335,0.29999,0.29999,0.500008,999.908,-1.07037e-05,-1.07038e-05,1.00082
0.03,336,0.299992,0.299992,0.600008,999.655,-3.83267e-05,-3.83268e-05,1.00077
0.03,337,0.299994,0.299994,0.700099,999.867,-9.54051e-05,-9.54048e-05,1.00058
0.03,338,0.299999,0.299999,0.800101,998.73,-9.05889e-05,-9.05885e-05,1.00024
0.03,339,0.3,0.3,0.900011,792.329,-2.95061e-05,-2.95059e-05,1.00005
0.03,340,0.3,0.4,-1.14478e-05,792.37,3.21477e-05,4.50441e-06,1.00003
0.03,341,0.299999,0.399999,0.0998963,998.847,9.87935e-05,1.40353e-05,1.00015
0.03,342,0.299993,0.399994,0.199896,1000.06,0.000105364,1.77161e-05,1.00036
0.03,343,0.29999,0.399992,0.29999,999.908,4.39606e-05,1.07698e-05,1.00049
0.03,344,0.299987,0.39999,0.39999,1000.18,1.26251e-05,4.13434e-06,1.00053
0.03,345,0.299987,0.39999,0.50001,1000.18,-1.26251e-05,-4.13434e-06,1.00053
0.03,346,0.29999,0.399992,0.60001,999.908,-4.39606e-05,-1.07698e-05,1.00049
0.03,347,0.299993,0.399994,0.700104,1000.06,-0.000105364,-1.77161e-05,1.00036
0.03,348,0.299999,0.399999,0.800104,998.847,-9.87935e-05,-1.40353e-05,1.00015
0.03,349,0.3,0.4,0.900011,792.37,-3.21477e-05,-4.50441e-06,1.00003
0.03,350,0.3,0.5,-1.14478e-05,792.37,3.21477e-05,-4.50441e-06,1.00003
0.03,351,0.299999,0.500001,0.0998963,998.847,9.87935e-05,-1.40353e-05,1.00015
0.03,352,0.299993,0.500006,0.199896,1000.06,0.000105364,-1.77161e-05,1.00036
0.03,353,0.29999,0.500008,0.29999,999.908,4.39606e-05,-1.07698e-05,1.00049
0.03,354,0.299987,0.50001,0.39999,1000.18,1.26251e-05,-4.13434e-06,1.00053
0.03,355,0.299987,0.50001,0.50001,1000.18,-1.26251e-05,4.13434e-06,1.00053
0.03,356,0.29999,0.500008,0.60001,999.908,-4.39606e-05,1.07698e-05,1.00049
0.03,357,0.299993,0.500006,0.700104,1000.06,-0.000105364,1.77161e-05,1.00036
0.03,358,0.299999,0.500001,0.800104,998.847,-9.87935e-05,1.40353e-05,1.00015
0.03,359,0.3,0.5,0.900011,792.37,-3.21477e-05,4.50441e-06,1.00003
0.03,360,0.3,0.6,-1.09349e-05,792.329,2.95061e-05,-2.95059e-05,1.00005
0.03,361,0.299999,0.600001,0.0998994,998.73,9.05889e-05,-9.05885e-05,1.00024
0.03,362,0.299994,0.600006,0.199901,999.867,9.54051e-05,-9.54048e-05,1.00058
0.03,363,0.299992,0.600008,0.299992,999.655,3.83267e-05,-3.83268e-05,1.00077
0.03,364,0.29999,0.60001,0.399992,999.908,1.07037e-05,-1.07038e-05,1.00082
0.03,365,0.29999,0.60001,0.500008,999.908,-1.07037e-05,1.07038e-05,1.00082
0.03,366,0.299992,0.600008,0.600008,999.655,-3.83267e-05,3.83268e-05,1.00077
0.03,367,0.299994,0.600006,0.700099,999.867,-9.54051e-05,9.54048e-05,1.00058
0.03,368,0.299999,0.600001,0.800101,998.73,-9.05889e-05,9.05885e-05,1.00024
0.03,369,0.3,0.6,0.900011,792.329,-2.95061e-05,2.95059e-05,1.00005
0.03,370,0.3,0.700001,-9.83159e-06,792.234,2.17132e-05,-0.000102129,1.00004
0.03,371,0.299999,0.700021,0.0999195,998.67,6.61371e-05,-0.000273139,1.00021
0.03,372,0.299996,0.700079,0.199921,1000.04,6.87358e-05,-0.000277149,1.00049
0.03,373,0.299994,0.700099,0.299994,999.867,2.63419e-05,-9.58874e-05,1.00065
0.03,374,0.299993,0.700104,0.399994,1000.06,6.96209e-06,-1.76502e-05,1.00069
0.03,375,0.299993,0.700104,0.500006,1000.06,-6.96209e-06,1.76502e-05,1.00069
0.03,376,0.299994,0.700099,0.600006,999.867,-2.63419e-05,9.58874e-05,1.00065
0.03,377,0.299996,0.700079,0.700079,1000.04,-6.87358e-05,0.000277149,1.00049
0.03,378,0.299999,0.700021,0.800081,998.67,-6.61371e-05,0.000273139,1.00021
0.03,379,0.3,0.700001,0.90001,792.234,-2.17132e-05,0.000102129,1.00004
0.03,380,0.3,0.8,-4.69308e-06,790.052,8.52034e-06,-0.000110766,0.999998
0.03,381,0.3,0.800022,0.099978,996.61,2.62249e-05,-0.000276524,0.999943
0.03,382,0.299999,0.800081,0.199979,998.67,2.69808e-05,-0.000277128,0.999848
0.03,383,0.299999,0.800101,0.299999,998.73,9.97394e-06,-9.1609e-05,0.999785
0.03,384,0.299999,0.800104,0.399999,998.847,2.53933e-06,-1.45708e-05,0.999767
0.03,385,0.299999,0.800104,0.500001,998.847,-2.53933e-06,1.45708e-05,0.999767
0.03,386,0.299999,0.800101,0.600001,998.73,-9.97394e-06,9.1609e-05,0.999785
0.03,387,0.299999,0.800081,0.700021,998.67,-2.69808e-05,0.000277128,0.999848
0.03,388,0.3,0.800022,0.800022,996.61,-2.62249e-05,0.000276524,0.999943
0.03,389,0.3,0.8,0.900005,790.052,-8.52034e-06,0.000110766,0.999998
0.03,390,0.3,0.900004,-3.92884e-06,624.854,1.86762e-06,-3.19313e-05,0.99999
0.03,391,0.3,0.900005,0.0999998,790.052,5.55292e-06,-0.000111475,0.999872
0.03,392,0.3,0.90001,0.199999,792.234,5.68676e-06,-0.000110957,0.999681
0.03,393,0.3,0.900011,0.3,792.329,2.12715e-06,-3.40673e-05,0.999559
0.03,394,0.3,0.900011,0.4,792.37,5.46851e-07,-5.52669e-06,0.99953
0.03,395,0.3,0.900011,0.5,792.37,-5.46851e-07,5.52669e-06,0.99953
0.03,396,0.3,0.900011,0.6,792.329,-2.12715e-06,3.40673e-05,0.999559
0.03,397,0.3,0.90001,0.700001,792.234,-5.68676e-06,0.000110957,0.999681
0.03,398,0.3,0.900005,0.8,790.052,-5.55292e-06,0.000111475,0.999872
0.03,399,0.3,0.900004,0.900004,624.854,-1.86762e-06,3.19313e-05,0.99999
0.03,400,0.4,-3.94645e-06,-3.94639e-06,624.858,2.69586e-07,3.42512e-05,0.999987
0.03,401,0.4,-4.80082e-06,0.0999998,790.065,7.08317e-07,0.000118053,0.999856
0.03,402,0.4,-1.01968e-05,0.199999,792.263,8.71613e-07,0.000117962,0.999642
0.03,403,0.4,-1.14473e-05,0.3,792.37,5.46542e-07,3.7183e-05,0.999507
0.03,404,0.4,-1.20235e-05,0.4,792.414,2.03169e-07,6.47617e-06,0.999474
0.03,405,0.4,-1.20235e-05,0.5,792.414,-2.03169e-07,-6.47617e-06,0.999474
0.03,406,0.4,-1.14473e-05,0.6,792.37,-5.46542e-07,-3.7183e-05,0.999507
0.03,407,0.4,-1.01968e-05,0.700001,792.263,-8.71613e-07,-0.000117962,0.999642
0.03,408,0.4,-4.80082e-06,0.8,790.065,-7.08317e-07,-0.000118053,0.999856
0.03,409,0.4,-3.94645e-06,0.900004,624.858,-2.69586e-07,-3.42512e-05,0.999987
0.03,410,0.4,0.0999998,-4.80091e-06,790.065,1.10435e-06,0.000116746,0.99999
0.03,411,0.4,0.0999775,0.0999775,996.656,3.38731e-06,0.000293385,0.999904
0.03,412,0.399999,0.0999174,0.199978,998.757,4.22338e-06,0.0002953,0.999755
0.03,413,0.399999,0.0998963,0.299999,998.847,2.55156e-06,9.99778e-05,0.999661
0.03,414,0.399998,0.0998924,0.399998,998.975,9.9074e-07,1.7076e-05,0.999636
0.03,415,0.399998,0.0998924,0.500002,998.975,-9.9074e-07,-1.7076e-05,0.999636
0.03,416,0.399999,0.0998963,0.600001,998.847,-2.55156e-06,-9.99778e-05,0.999661
0.03,417,0.399999,0.0999174,0.700022,998.757,-4.22338e-06,-0.0002953,0.999755
0.03,418,0.4,0.0999775,0.800023,996.656,-3.38731e-06,-0.000293385,0.999904
0.03,419,0.4,0.0999998,0.900005,790.065,-1.10435e-06,-0.000116746,0.99999
0.03,420,0.4,0.199999,-1.01971e-05,792.263,2.98308e-06,0.000108337,1.00003
0.03,421,0.399999,0.199978,0.0999174,998.757,9.39436e-06,0.000291227,1.00014
0.03,422,0.399996,0.199918,0.199918,1000.19,1.17214e-05,0.000297318,1.00033
0.03,423,0.399994,0.199896,0.299993,1000.06,6.99473e-06,0.000105874,1.00044
0.03,424,0.399994,0.199891,0.399994,1000.27,2.70828e-06,2.08361e-05,1.00047
0.03,425,0.399994,0.199891,0.500006,1000.27,-2.70828e-06,-2.08361e-05,1.00047
0.03,426,0.399994,0.199896,0.600007,1000.06,-6.99473e-06,-0.000105874,1.00044
0.03,427,0.399996,0.199918,0.700082,1000.19,-1.17214e-05,-0.000297318,1.00033
0.03,428,0.399999,0.199978,0.800083,998.757,-9.39436e-06,-0.000291227,1.00014
0.03,429,0.4,0.199999,0.90001,792.263,-2.98308e-06,-0.000108337,1.00003
0.03,430,0.4,0.3,-1.14478e-05,792.37,4.50444e-06,3.21474e-05,1.00003
0.03,431,0.399999,0.299999,0.0998963,998.847,1.40354e-05,9.8793e-05,1.00015
0.03,432,0.399994,0.299993,0.199896,1000.06,1.77161e-05,0.000105364,1.00036
0.03,433,0.399992,0.29999,0.29999,999.908,1.07698e-05,4.39606e-05,1.00049
0.03,434,0.39999,0.299987,0.39999,1000.18,4.13431e-06,1.26252e-05,1.00053
0.03,435,0.39999,0.299987,0.50001,1000.18,-4.13431e-06,-1.26252e-05,1.00053
0.03,436,0.399992,0.29999,0.60001,999.908,-1.07698e-05,-4.39606e-05,1.00049
0.03,437,0.399994,0.299993,0.700104,1000.06,-1.77161e-05,-0.000105364,1.00036
0.03,438,0.399999,0.299999,0.800104,998.847,-1.40354e-05,-9.8793e-05,1.00015
0.03,439,0.4,0.3,0.900011,792.37,-4.50444e-06,-3.21474e-05,1.00003
0.03,440,0.4,0.4,-1.2024e-05,792.414,5.33288e-06,5.33285e-06,1.00001
0.03,441,0.399998,0.399998,0.0998924,998.975,1.64825e-05,1.64824e-05,1.00005
0.03,442,0.399994,0.399994,0.199891,1000.27,2.09248e-05,2.09247e-05,1.00013
0.03,443,0.39999,0.39999,0.299987,1000.18,1.27024e-05,1.27025e-05,1.00019
0.03,444,0.399989,0.399989,0.399989,1000.47,4.73092e-06,4.73095e-06,1.00023
0.03,445,0.399989,0.399989,0.500011,1000.47,-4.73092e-06,-4.73095e-06,1.00023
0.03,446,0.39999,0.39999,0.600013,1000.18,-1.27024e-05,-1.27025e-05,1.00019
0.03,447,0.399994,0.399994,0.700109,1000.27,-2.09248e-05,-2.09247e-05,1.00013
0.03,448,0.399998,0.399998,0.800108,998.975,-1.64825e-05,-1.64824e-05,1.00005
0.03,449,0.4,0.4,0.900012,792.414,-5.33288e-06,-5.33285e-06,1.00001
0.03,450,0.4,0.5,-1.2024e-05,792.414,5.33288e-06,-5.33285e-06,1.00001
0.03,451,0.399998,0.500002,0.0998924,998.975,1.64825e-05,-1.64824e-05,1.00005
0.03,452,0.399994,0.500006,0.199891,1000.27,2.09248e-05,-2.09247e-05,1.00013
0.03,453,0.39999,0.50001,0.299987,1000.18,1.27024e-05,-1.27025e-05,1.00019
0.03,454,0.399989,0.500011,0.399989,1000.47,4.73092e-06,-4.73095e-06,1.00023
0.03,455,0.399989,0.500011,0.500011,1000.47,-4.73092e-06,4.73095e-06,1.00023
0.03,456,0.39999,0.50001,0.600013,1000.18,-1.27024e-05,1.27025e-05,1.00019
0.03,457,0.399994,0.500006,0.700109,1000.27,-2.09248e-05,2.09247e-05,1.00013
0.03,458,0.399998,0.500002,0.800108,998.975,-1.64825e-05,1.64824e-05,1.00005
0.03,459,0.4,0.5,0.900012,792.414,-5.33288e-06,5.33285e-06,1.00001
0.03,460,0.4,0.6,-1.14478e-05,792.37,4.50444e-06,-3.21474e-05,1.00003
0.03,461,0.399999,0.600001,0.0998963,998.847,1.40354e-05,-9.8793e-05,1.00015
0.03,462,0.399994,0.600007,0.199896,1000.06,1.77161e-05,-0.000105364,1.00036
0.03,463,0.399992,0.60001,0.29999,999.908,1.07698e-05,-4.39606e-05,1.00049
0.03,464,0.39999,0.600013,0.39999,1000.18,4.13431e-06,-1.26252e-05,1.00053
0.03,465,0.39999,0.600013,0.50001,1000.18,-4.13431e-06,1.26252e-05,1.00053
0.03,466,0.399992,0.60001,0.60001,999.908,-1.07698e-05,4.39606e-05,1.00049
0.03,467,0.399994,0.600007,0.700104,1000.06,-1.77161e-05,0.000105364,1.00036
0.03,468,0.399999,0.600001,0.800104,998.847,-1.40354e-05,9.8793e-05,1.00015
0.03,469,0.4,0.6,0.900011,792.37,-4.50444e-06,3.21474e-05,1.00003
0.03,470,0.4,0.700001,-1.01971e-05,792.263,2.98308e-06,-0.000108337,1.00003
0.03,471,0.399999,0.700022,0.0999174,998.757,9.39436e-06,-0.000291227,1.00014
0.03,472,0.399996,0.700082,0.199918,1000.19,1.17214e-05,-0.000297318,1.00033
0.03,473,0.399994,0.700104,0.299993,1000.06,6.99473e-06,-0.000105874,1.00044
0.03,474,0.399994,0.700109,0.399994,1000.27,2.70828e-06,-2.08361e-05,1.00047
0.03,475,0.399994,0.700109,0.500006,1000.27,-2.70828e-06,2.08361e-05,1.00047
0.03,476,0.399994,0.700104,0.600007,1000.06,-6.99473e-06,0.000105874,1.00044
0.03,477,0.399996,0.700082,0.700082,1000.19,-1.17214e-05,0.000297318,1.00033
0.03,478,0.399999,0.700022,0.800083,998.757,-9.39436e-06,0.000291227,1.00014
0.03,479,0.4,0.700001,0.90001,792.263,-2.98308e-06,0.000108337,1.00003
0.03,480,0.4,0.8,-4.80091e-06,790.065,1.10435e-06,-0.000116746,0.99999
0.03,481,0.4,0.800023,0.0999775,996.656,3.38731e-06,-0.000293385,0.999904
0.03,482,0.399999,0.800083,0.199978,998.757,4.22338e-06,-0.0002953,0.999755
0.03,483,0.399999,0.800104,0.299999,998.847,2.55156e-06,-9.99778e-05,0.999661
0.03,484,0.399998,0.800108,0.399998,998.975,9.9074e-07,-1.7076e-05,0.999636
0.03,485,0.399998,0.800108,0.500002,998.975,-9.9074e-07,1.7076e-05,0.999636
0.03,486,0.399999,0.800104,0.600001,998.847,-2.55156e-06,9.99778e-05,0.999661
0.03,487,0.399999,0.800083,0.700022,998.757,-4.22338e-06,0.0002953,0.999755
0.03,488,0.4,0.800023,0.800023,996.656,-3.38731e-06,0.000293385,0.999904
0.03,489,0.4,0.8,0.900005,790.065,-1.10435e-06,0.000116746,0.99999
0.03,490,0.4,0.900004,-3.94639e-06,624.858,2.69586e-07,-3.42512e-05,0.999987
0.03,491,0.4,0.900005,0.0999998,790.065,7.08317e-07,-0.000118053,0.999856
0.03,492,0.4,0.90001,0.199999,792.263,8.71613e-07,-0.000117962,0.999642
0.03,493,0.4,0.900011,0.3,792.37,5.46542e-07,-3.7183e-05,0.999507
0.03,494,0.4,0.900012,0.4,792.414,2.03169e-07,-6.47617e-06,0.999474
0.03,495,0.4,0.900012,0.5,792.414,-2.03169e-07,6.47617e-06,0.999474
0.03,496,0.4,0.900011,0.6,792.37,-5.46542e-07,3.7183e-05,0.999507
0.03,497,0.4,0.90001,0.700001,792.263,-8.71613e-07,0.000117962,0.999642
0.03,498,0.4,0.900005,0.8,790.065,-7.08317e-07,0.000118053,0.999856
0.03,499,0.4,0.900004,0.900004,624.858,-2.69586e-07,3.42512e-05,0.999987
0.03,500,0.5,-3.94645e-06,-3.94639e-06,624.858,-2.69586e-07,3.42512e-05,0.999987
0.03,501,0.5,-4.80082e-06,0.0999998,790.065,-7.08317e-07,0.000118053,0.999856
0.03,502,0.5,-1.01968e-05,0.199999,792.263,-8.71613e-07,0.000117962,0.999642
0.03,503,0.5,-1.14473e-05,0.3,792.37,-5.46542e-07,3.7183e-05,0.999507
0.03,504,0.5,-1.20235e-05,0.4,792.414,-2.03169e-07,6.47617e-06,0.999474
0.03,505,0.5,-1.20235e-05,0.5,792.414,2.03169e-07,-6.47617e-06,0.999474
0.03,506,0.5,-1.14473e-05,0.6,792.37,5.46542e-07,-3.7183e-05,0.999507
0.03,507,0.5,-1.01968e-05,0.700001,792.263,8.71613e-07,-0.000117962,0.999642
0.03,508,0.5,-4.80082e-06,0.8,790.065,7.08317e-07,-0.000118053,0.999856
0.03,509,0.5,-3.94645e-06,0.900004,624.858,2.69586e-07,-3.42512e-05,0.999987
0.03,510,0.5,0.0999998,-4.80091e-06,790.065,-1.10435e-06,0.000116746,0.99999
0.03,511,0.5,0.0999775,0.0999775,996.656,-3.38731e-06,0.000293385,0.999904
0.03,512,0.500001,0.0999174,0.199978,998.757,-4.22338e-06,0.0002953,0.999755
0.03,513,0.500001,0.0998963,0.299999,998.847,-2.55156e-06,9.99778e-05,0.999661
0.03,514,0.500002,0.0998924,0.399998,998.975,-9.9074e-07,1.7076e-05,0.999636
0.03,515,0.500002,0.0998924,0.500002,998.975,9.9074e-07,-1.7076e-05,0.999636
0.03,516,0.500001,0.0998963,0.600001,998.847,2.55156e-06,-9.99778e-05,0.999661
0.03,517,0.500001,0.0999174,0.700022,998.757,4.22338e-06,-0.0002953,0.999755
0.03,518,0.5,0.0999775,0.800023,996.656,3.38731e-06,-0.000293385,0.999904
0.03,519,0.5,0.0999998,0.900005,790.065,1.10435e-06,-0.000116746,0.99999
0.03,520,0.5,0.199999,-1.01971e-05,792.263,-2.98308e-06,0.000108337,1.00003
0.03,521,0.500001,0.199978,0.0999174,998.757,-9.39436e-06,0.000291227,1.00014
0.03,522,0.500004,0.199918,0.199918,1000.19,-1.17214e-05,0.000297318,1.00033
0.03,523,0.500006,0.199896,0.299993,1000.06,-6.99473e-06,0.000105874,1.00044
0.03,524,0.500006,0.199891,0.399994,1000.27,-2.70828e-06,2.08361e-05,1.00047
0.03,525,0.500006,0.199891,0.500006,1000.27,2.70828e-06,-2.08361e-05,1.00047
0.03,526,0.500006,0.199896,0.600007,1000.06,6.99473e-06,-0.000105874,1.00044
0.03,527,0.500004,0.199918,0.700082,1000.19,1.17214e-05,-0.000297318,1.00033
0.03,528,0.500001,0.199978,0.800083,998.757,9.39436e-06,-0.000291227,1.00014
0.03,529,0.5,0.199999,0.90001,792.263,2.98308e-06,-0.000108337,1.00003
0.03,530,0.5,0.3,-1.14478e-05,792.37,-4.50444e-06,3.21474e-05,1.00003
0.03,531,0.500001,0.299999,0.0998963,998.847,-1.40354e-05,9.8793e-05,1.00015
0.03,532,0.500006,0.299993,0.199896,1000.06,-1.77161e-05,0.000105364,1.00036
0.03,533,0.500008,0.29999,0.29999,999.908,-1.07698e-05,4.39606e-05,1.00049
0.03,534,0.50001,0.299987,0.39999,1000.18,-4.13431e-06,1.26252e-05,1.00053
0.03,535,0.50001,0.299987,0.50001,1000.18,4.13431e-06,-1.26252e-05,1.00053
0.03,536,0.500008,0.29999,0.60001,999.908,1.07698e-05,-4.39606e-05,1.00049
0.03,537,0.500006,0.299993,0.700104,1000.06,1.77161e-05,-0.000105364,1.00036
0.03,538,0.500001,0.299999,0.800104,998.847,1.40354e-05,-9.8793e-05,1.00015
0.03,539,0.5,0.3,0.900011,792.37,4.50444e-06,-3.21474e-05,1.00003
0.03,540,0.5,0.4,-1.2024e-05,792.414,-5.33288e-06,5.33285e-06,1.00001
0.03,541,0.500002,0.399998,0.0998924,998.975,-1.64825e-05,1.64824e-05,1.00005
0.03,542,0.500006,0.399994,0.199891,1000.27,-2.09248e-05,2.09247e-05,1.00013
0.03,543,0.50001,0.39999,0.299987,1000.18,-1.27024e-05,1.27025e-05,1.00019
0.03,544,0.500011,0.399989,0.399989,1000.47,-4.73092e-06,4.73095e-06,1.00023
0.03,545,0.500011,0.399989,0.500011,1000.47,4.73092e-06,-4.73095e-06,1.00023
0.03,546,0.50001,0.39999,0.600013,1000.18,1.27024e-05,-1.27025e-05,1.00019
0.03,547,0.500006,0.399994,0.700109,1000.27,2.09248e-05,-2.09247e-05,1.00013
0.03,548,0.500002,0.399998,0.800108,998.975,1.64825e-05,-1.64824e-05,1.00005
0.03,549,0.5,0.4,0.900012,792.414,5.33288e-06,-5.33285e-06,1.00001
0.03,550,0.5,0.5,-1.2024e-05,792.414,-5.33288e-06,-5.33285e-06,1.00001
0.03,551,0.500002,0.500002,0.0998924,998.975,-1.64825e-05,-1.64824e-05,1.00005
0.03,552,0.500006,0.500006,0.199891,1000.27,-2.09248e-05,-2.09247e-05,1.00013
0.03,553,0.50001,0.50001,0.299987,1000.18,-1.27024e-05,-1.27025e-05,1.00019
0.03,554,0.500011,0.500011,0.399989,1000.47,-4.73092e-06,-4.73095e-06,1.00023
0.03,555,0.500011,0.500011,0.500011,1000.47,4.73092e-06,4.73095e-06,1.00023
0.03,556,0.50001,0.50001,0.600013,1000.18,1.27024e-05,1.27025e-05,1.00019
0.03,557,0.500006,0.500006,0.700109,1000.27,2.09248e-05,2.09247e-05,1.00013
0.03,558,0.500002,0.500002,0.800108,998.975,1.64825e-05,1.64824e-05,1.00005
0.03,559,0.5,0.5,0.900012,792.414,5.33288e-06,5.33285e-06,1.00001
0.03,560,0.5,0.6,-1.14478e-05,792.37,-4.50444e-06,-3.21474e-05,1.00003
0.03,561,0.500001,0.600001,0.0998963,998.847,-1.40354e-05,-9.8793e-05,1.00015
0.03,562,0.500006,0.600007,0.199896,1000.06,-1.77161e-05,-0.000105364,1.00036
0.03,563,0.500008,0.60001,0.29999,999.908,-1.07698e-05,-4.39606e-05,1.00049
0.03,564,0.50001,0.600013,0.39999,1000.18,-4.13431e-06,-1.26252e-05,1.00053
0.03,565,0.50001,0.600013,0.50001,1000.18,4.13431e-06,1.26252e-05,1.00053
0.03,566,0.500008,0.60001,0.60001,999.908,1.07698e-05,4.39606e-05,1.00049
0.03,567,0.500006,0.600007,0.700104,1000.06,1.77161e-05,0.000105364,1.00036
0.03,568,0.500001,0.600001,0.800104,998.847,1.40354e-05,9.8793e-05,1.00015
0.03,569,0.5,0.6,0.900011,792.37,4.50444e-06,3.21474e-05,1.00003
0.03,570,0.5,0.700001,-1.01971e-05,792.263,-2.98308e-06,-0.000108337,1.00003
0.03,571,0.500001,0.700022,0.0999174,998.757,-9.39436e-06,-0.000291227,1.00014
0.03,572,0.500004,0.700082,0.199918,1000.19,-1.17214e-05,-0.000297318,1.00033
0.03,573,0.500006,0.700104,0.299993,1000.06,-6.99473e-06,-0.000105874,1.00044
0.03,574,0.500006,0.700109,0.399994,1000.27,-2.70828e-06,-2.08361e-05,1.00047
0.03,575,0.500006,0.700109,0.500006,1000.27,2.70828e-06,2.08361e-05,1.00047
0.03,576,0.500006,0.700104,0.600007,1000.06,6.99473e-06,0.000105874,1.00044
0.03,577,0.500004,0.700082,0.700082,1000.19,1.17214e-05,0.000297318,1.00033
0.03,578,0.500001,0.700022,0.800083,998.757,9.39436e-06,0.000291227,1.00014
0.03,579,0.5,0.700001,0.90001,792.263,2.98308e-06,0.000108337,1.00003
0.03,580,0.5,0.8,-4.80091e-06,790.065,-1.10435e-06,-0.000116746,0.99999
0.03,581,0.5,0.800023,0.0999775,996.656,-3.38731e-06,-0.000293385,0.999904
0.03,582,0.500001,0.800083,0.199978,998.757,-4.22338e-06,-0.0002953,0.999755
0.03,583,0.500001,0.800104,0.299999,998.847,-2.55156e-06,-9.99778e-05,0.999661
0.03,584,0.500002,0.800108,0.399998,998.975,-9.9074e-07,-1.7076e-05,0.999636
0.03,585,0.500002,0.800108,0.500002,998.975,9.9074e-07,1.7076e-05,0.999636
0.03,586,0.500001,0.800104,0.600001,998.847,2.55156e-06,9.99778e-05,0.999661
0.03,587,0.500001,0.800083,0.700022,998.757,4.22338e-06,0.0002953,0.999755
0.03,588,0.5,0.800023,0.800023,996.656,3.38731e-06,0.000293385,0.999904
0.03,589,0.5,0.8,0.900005,790.065,1.10435e-06,0.000116746,0.99999
0.03,590,0.5,0.900004,-3.94639e-06,624.858,-2.69586e-07,-3.42512e-05,0.999987
0.03,591,0.5,0.900005,0.0999998,790.065,-7.08317e-07,-0.000118053,0.999856
0.03,592,0.5,0.90001,0.199999,792.263,-8.71613e-07,-0.000117962,0.999642
0.03,593,0.5,0.900011,0.3,792.37,-5.46542e-07,-3.7183e-05,0.999507
0.03,594,0.5,0.900012,0.4,792.414,-2.03169e-07,-6.47617e-06,0.999474
0.03,595,0.5,0.900012,0.5,792.414,2.03169e-07,6.47617e-06,0.999474
0.03,596,0.5,0.900011,0.6,792.37,5.46542e-07,3.7183e-05,0.999507
0.03,597,0.5,0.90001,0.700001,792.263,8.71613e-07,0.000117962,0.999642
0.03,598,0.5,0.900005,0.8,790.065,7.08317e-07,0.000118053,0.999856
0.03,599,0.5,0.900004,0.900004,624.858,2.69586e-07,3.42512e-05,0.999987
0.03,600,0.6,-3.92889e-06,-3.92884e-06,624.854,-1.86762e-06,3.19313e-05,0.99999
0.03,601,0.6,-4.69299e-06,0.0999998,790.052,-5.55292e-06,0.000111475,0.999872
0.03,602,0.6,-9.83124e-06,0.199999,792.234,-5.68676e-06,0.000110957,0.999681
0.03,603,0.6,-1.09344e-05,0.3,792.329,-2.12715e-06,3.40673e-05,0.999559
0.03,604,0.6,-1.14473e-05,0.4,792.37,-5.46851e-07,5.52669e-06,0.99953
0.03,605,0.6,-1.14473e-05,0.5,792.37,5.46851e-07,-5.52669e-06,0.99953
0.03,606,0.6,-1.09344e-05,0.6,792.329,2.12715e-06,-3.40673e-05,0.999559
0.03,607,0.6,-9.83124e-06,0.700001,792.234,5.68676e-06,-0.000110957,0.999681
0.03,608,0.6,-4.69299e-06,0.8,790.052,5.55292e-06,-0.000111475,0.999872
0.03,609,0.6,-3.92889e-06,0.900004,624.854,1.86762e-06,-3.19313e-05,0.99999
0.03,610,0.6,0.0999998,-4.69308e-06,790.052,-8.52034e-06,0.000110766,0.999998
0.03,611,0.6,0.099978,0.099978,996.61,-2.62249e-05,0.000276524,0.999943
0.03,612,0.600001,0.0999195,0.199979,998.67,-2.69808e-05,0.000277128,0.999848
0.03,613,0.600001,0.0998994,0.299999,998.73,-9.97394e-06,9.1609e-05,0.999785
0.03,614,0.600001,0.0998963,0.399999,998.847,-2.53933e-06,1.45708e-05,0.999767
0.03,615,0.600001,0.0998963,0.500001,998.847,2.53933e-06,-1.45708e-05,0.999767
0.03,616,0.600001,0.0998994,0.600001,998.73,9.97394e-06,-9.1609e-05,0.999785
0.03,617,0.600001,0.0999195,0.700021,998.67,2.69808e-05,-0.000277128,0.999848
0.03,618,0.6,0.099978,0.800022,996.61,2.62249e-05,-0.000276524,0.999943
0.03,619,0.6,0.0999998,0.900005,790.052,8.52034e-06,-0.000110766,0.999998
0.03,620,0.6,0.199999,-9.83159e-06,792.234,-2.17132e-05,0.000102129,1.00004
0.03,621,0.600001,0.199979,0.0999195,998.67,-6.61371e-05,0.000273139,1.00021
0.03,622,0.600004,0.199921,0.199921,1000.04,-6.87358e-05,0.000277149,1.00049
0.03,623,0.600006,0.199901,0.299994,999.867,-2.63419e-05,9.58874e-05,1.00065
0.03,624,0.600007,0.199896,0.399994,1000.06,-6.96209e-06,1.76502e-05,1.00069
0.03,625,0.600007,0.199896,0.500006,1000.06,6.96209e-06,-1.76502e-05,1.00069
0.03,626,0.600006,0.199901,0.600006,999.867,2.63419e-05,-9.58874e-05,1.00065
0.03,627,0.600004,0.199921,0.700079,1000.04,6.87358e-05,-0.000277149,1.00049
0.03,628,0.600001,0.199979,0.800081,998.67,6.61371e-05,-0.000273139,1.00021
0.03,629,0.6,0.199999,0.90001,792.234,2.17132e-05,-0.000102129,1.00004
0.03,630,0.6,0.3,-1.09349e-05,792.329,-2.95061e-05,2.95059e-05,1.00005
0.03,631,0.600001,0.299999,0.0998994,998.73,-9.05889e-05,9.05885e-05,1.00024
0.03,632,0.600006,0.299994,0.199901,999.867,-9.54051e-05,9.54048e-05,1.00058
0.03,633,0.600008,0.299992,0.299992,999.655,-3.83267e-05,3.83268e-05,1.00077
0.03,634,0.60001,0.29999,0.399992,999.908,-1.07037e-05,1.07038e-05,1.00082
0.03,635,0.60001,0.29999,0.500008,999.908,1.07037e-05,-1.07038e-05,1.00082
0.03,636,0.600008,0.299992,0.600008,999.655,3.83267e-05,-3.83268e-05,1.00077
0.03,637,0.600006,0.299994,0.700099,999.867,9.54051e-05,-9.54048e-05,1.00058
0.03,638,0.600001,0.299999,0.800101,998.73,9.05889e-05,-9.05885e-05,1.00024
0.03,639,0.6,0.3,0.900011,792.329,2.95061e-05,-2.95059e-05,1.00005
0.03,640,0.6,0.4,-1.14478e-05,792.37,-3.21477e-05,4.50441e-06,1.00003
0.03,641,0.600001,0.399999,0.0998963,998.847,-9.87935e-05,1.40353e-05,1.00015
0.03,642,0.600007,0.399994,0.199896,1000.06,-0.000105364,1.77161e-05,1.00036
0.03,643,0.60001,0.399992,0.29999,999.908,-4.39606e-05,1.07698e-05,1.00049
0.03,644,0.600013,0.39999,0.39999,1000.18,-1.26251e-05,4.13434e-06,1.00053
0.03,645,0.600013,0.39999,0.50001,1000.18,1.26251e-05,-4.13434e-06,1.00053
0.03,646,0.60001,0.399992,0.60001,999.908,4.39606e-05,-1.07698e-05,1.00049
0.03,647,0.600007,0.399994,0.700104,1000.06,0.000105364,-1.77161e-05,1.00036
0.03,648,0.600001,0.399999,0.800104,998.847,9.87935e-05,-1.40353e-05,1.00015
0.03,649,0.6,0.4,0.900011,792.37,3.21477e-05,-4.50441e-06,1.00003
0.03,650,0.6,0.5,-1.14478e-05,792.37,-3.21477e-05,-4.50441e-06,1.00003
0.03,651,0.600001,0.500001,0.0998963,998.847,-9.87935e-05,-1.40353e-05,1.00015
0.03,652,0.600007,0.500006,0.199896,1000.06,-0.000105364,-1.77161e-05,1.00036
0.03,653,0.60001,0.500008,0.29999,999.908,-4.39606e-05,-1.07698e-05,1.00049
0.03,654,0.600013,0.50001,0.39999,1000.18,-1.26251e-05,-4.13434e-06,1.00053
0.03,655,0.600013,0.50001,0.50001,1000.18,1.26251e-05,4.13434e-06,1.00053
0.03,656,0.60001,0.500008,0.60001,999.908,4.39606e-05,1.07698e-05,1.00049
0.03,657,0.600007,0.500006,0.700104,1000.06,0.000105364,1.77161e-05,1.00036
0.03,658,0.600001,0.500001,0.800104,998.847,9.87935e-05,1.40353e-05,1.00015
0.03,659,0.6,0.5,0.900011,792.37,3.21477e-05,4.50441e-06,1.00003
0.03,660,0.6,0.6,-1.09349e-05,792.329,-2.95061e-05,-2.95059e-05,1.00005
0.03,661,0.600001,0.600001,0.0998994,998.73,-9.05889e-05,-9.05885e-05,1.00024
0.03,662,0.600006,0.600006,0.199901,999.867,-9.54051e-05,-9.54048e-05,1.00058
0.03,663,0.600008,0.600008,0.299992,999.655,-3.83267e-05,-3.83268e-05,1.00077
0.03,664,0.60001,0.60001,0.399992,999.908,-1.07037e-05,-1.07038e-05,1.00082
0.03,665,0.60001,0.60001,0.500008,999.908,1.07037e-05,1.07038e-05,1.00082
0.03,666,0.600008,0.600008,0.600008,999.655,3.83267e-05,3.83268e-05,1.00077
0.03,667,0.600006,0.600006,0.700099,999.867,9.54051e-05,9.54048e-05,1.00058
0.03,668,0.600001,0.600001,0.800101,998.73,9.05889e-05,9.05885e-05,1.00024
0.03,669,0.6,0.6,0.900011,792.329,2.95061e-05,2.95059e-05,1.00005
0.03,670,0.6,0.700001,-9.83159e-06,792.234,-2.17132e-05,-0.000102129,1.00004
0.03,671,0.600001,0.700021,0.0999195,998.67,-6.61371e-05,-0.000273139,1.00021
0.03,672,0.600004,0.700079,0.199921,1000.04,-6.87358e-05,-0.000277149,1.00049
0.03,673,0.600006,0.700099,0.299994,999.867,-2.63419e-05,-9.58874e-05,1.00065
0.03,674,0.600007,0.700104,0.399994,1000.06,-6.96209e-06,-1.76502e-05,1.00069
0.03,675,0.600007,0.700104,0.500006,1000.06,6.96209e-06,1.76502e-05,1.00069
0.03,676,0.600006,0.700099,0.600006,999.867,2.63419e-05,9.58874e-05,1.00065
0.03,677,0.600004,0.700079,0.700079,1000.04,6.87358e-05,0.000277149,1.00049
0.03,678,0.600001,0.700021,0.800081,998.67,6.61371e-05,0.000273139,1.00021
0.03,679,0.6,0.700001,0.90001,792.234,2.17132e-05,0.000102129,1.00004
0.03,680,0.6,0.8,-4.69308e-06,790.052,-8.52034e-06,-0.000110766,0.999998
0.03,681,0.6,0.800022,0.099978,996.61,-2.62249e-05,-0.000276524,0.999943
0.03,682,0.600001,0.800081,0.199979,998.67,-2.69808e-05,-0.000277128,0.999848
0.03,683,0.600001,0.800101,0.299999,998.73,-9.97394e-06,-9.1609e-05,0.999785
0.03,684,0.600001,0.800104,0.399999,998.847,-2.53933e-06,-1.45708e-05,0.999767
0.03,685,0.600001,0.800104,0.500001,998.847,2.53933e-06,1.45708e-05,0.999767
0.03,686,0.600001,0.800101,0.600001,998.73,9.97394e-06,9.1609e-05,0.999785
0.03,687,0.600001,0.800081,0.700021,998.67,2.69808e-05,0.000277128,0.999848
0.03,688,0.6,0.800022,0.800022,996.61,2.62249e-05,0.000276524,0.999943
0.03,689,0.6,0.8,0.900005,790.052,8.52034e-06,0.000110766,0.999998
0.03,690,0.6,0.900004,-3.92884e-06,624.854,-1.86762e-06,-3.19313e-05,0.99999
0.03,691,0.6,0.900005,0.0999998,790.052,-5.55292e-06,-0.000111475,0.999872
0.03,692,0.6,0.90001,0.199999,792.234,-5.68676e-06,-0.000110957,0.999681
0.03,693,0.6,0.900011,0.3,792.329,-2.12715e-06,-3.40673e-05,0.999559
0.03,694,0.6,0.900011,0.4,792.37,-5.46851e-07,-5.52669e-06,0.99953
0.03,695,0.6,0.900011,0.5,792.37,5.46851e-07,5.52669e-06,0.99953
0.03,696,0.6,0.900011,0.6,792.329,2.12715e-06,3.40673e-05,0.999559
0.03,697,0.6,0.90001,0.700001,792.234,5.68676e-06,0.000110957,0.999681
0.03,698,0.6,0.900005,0.8,790.052,5.55292e-06,0.000111475,0.999872
0.03,699,0.6,0.900004,0.900004,624.854,1.86762e-06,3.19313e-05,0.99999
0.03,700,0.7,-3.86445e-06,-3.86442e-06,624.844,-6.30406e-06,2.21983e-05,0.999997
0.03,701,0.7,-4.43823e-06,0.0999999,790.016,-1.86749e-05,8.33964e-05,0.99991
0.03,702,0.700001,-8.88286e-06,0.199999,792.165,-1.84222e-05,8.31964e-05,0.999774
0.03,703,0.700001,-9.83124e-06,0.3,792.234,-5.79772e-06,2.50694e-05,0.999686
0.03,704,0.700001,-1.01968e-05,0.4,792.263,-9.16719e-07,3.73363e-06,0.999666
0.03,705,0.700001,-1.01968e-05,0.5,792.263,9.16719e-07,-3.73363e-06,0.999666
0.03,706,0.700001,-9.83124e-06,0.6,792.234,5.79772e-06,-2.50694e-05,0.999686
0.03,707,0.700001,-8.88286e-06,0.700001,792.165,1.84222e-05,-8.31964e-05,0.999774
0.03,708,0.7,-4.43823e-06,0.8,790.016,1.86749e-05,-8.33964e-05,0.99991
0.03,709,0.7,-3.86445e-06,0.900004,624.844,6.30406e-06,-2.21983e-05,0.999997
0.03,710,0.7,0.0999999,-4.4383e-06,790.016,-3.10104e-05,8.4384e-05,1
0.03,711,0.700005,0.0999824,0.0999824,996.555,-8.42816e-05,0.0002069,0.99997
0.03,712,0.700017,0.0999354,0.199983,998.634,-8.4095e-05,0.000206868,0.999913
0.03,713,0.700021,0.0999195,0.299999,998.67,-2.73177e-05,6.70146e-05,0.999875
0.03,714,0.700022,0.0999174,0.399999,998.757,-4.30506e-06,9.82783e-06,0.999863
0.03,715,0.700022,0.0999174,0.500001,998.757,4.30506e-06,-9.82783e-06,0.999863
0.03,716,0.700021,0.0999195,0.600001,998.67,2.73177e-05,-6.70146e-05,0.999875
0.03,717,0.700017,0.0999354,0.700017,998.634,8.4095e-05,-0.000206868,0.999913
0.03,718,0.700005,0.0999824,0.800018,996.555,8.42816e-05,-0.0002069,0.99997
0.03,719,0.7,0.0999999,0.900004,790.016,3.10104e-05,-8.4384e-05,1
0.03,720,0.700001,0.199999,-8.88312e-06,792.165,-7.6208e-05,7.62075e-05,1.00004
0.03,721,0.700017,0.199983,0.0999354,998.634,-0.000203442,0.000203441,1.00018
0.03,722,0.700063,0.199937,0.199937,1000.19,-0.000205322,0.000205322,1.00042
0.03,723,0.700079,0.199921,0.299996,1000.04,-6.91055e-05,6.91056e-05,1.00055
0.03,724,0.700082,0.199918,0.399996,1000.19,-1.17224e-05,1.17226e-05,1.00058
0.03,725,0.700082,0.199918,0.500004,1000.19,1.17224e-05,-1.17226e-05,1.00058
0.03,726,0.700079,0.199921,0.600004,1000.04,6.91055e-05,-6.91056e-05,1.00055
0.03,727,0.700063,0.199937,0.700063,1000.19,0.000205322,-0.000205322,1.00042
0.03,728,0.700017,0.199983,0.800065,998.634,0.000203442,-0.000203441,1.00018
0.03,729,0.700001,0.199999,0.900009,792.165,7.6208e-05,-7.62075e-05,1.00004
0.03,730,0.700001,0.3,-9.83159e-06,792.234,-0.00010213,2.1713e-05,1.00004
0.03,731,0.700021,0.299999,0.0999195,998.67,-0.00027314,6.61368e-05,1.00021
0.03,732,0.700079,0.299996,0.199921,1000.04,-0.00027715,6.87356e-05,1.00049
0.03,733,0.700099,0.299994,0.299994,999.867,-9.58873e-05,2.6342e-05,1.00065
0.03,734,0.700104,0.299993,0.399994,1000.06,-1.765e-05,6.96216e-06,1.00069
0.03,735,0.700104,0.299993,0.500006,1000.06,1.765e-05,-6.96216e-06,1.00069
0.03,736,0.700099,0.299994,0.600006,999.867,9.58873e-05,-2.6342e-05,1.00065
0.03,737,0.700079,0.299996,0.700079,1000.04,0.00027715,-6.87356e-05,1.00049
0.03,738,0.700021,0.299999,0.800081,998.67,0.00027314,-6.61368e-05,1.00021
0.03,739,0.700001,0.3,0.90001,792.234,0.00010213,-2.1713e-05,1.00004
0.03,740,0.700001,0.4,-1.01971e-05,792.263,-0.000108338,2.98307e-06,1.00003
0.03,741,0.700022,0.399999,0.0999174,998.757,-0.000291227,9.39428e-06,1.00014
0.03,742,0.700082,0.399996,0.199918,1000.19,-0.000297319,1.17213e-05,1.00033
0.03,743,0.700104,0.399994,0.299993,1000.06,-0.000105874,6.99474e-06,1.00044
0.03,744,0.700109,0.399994,0.399994,1000.27,-2.08359e-05,2.7083e-06,1.00047
0.03,745,0.700109,0.399994,0.500006,1000.27,2.08359e-05,-2.7083e-06,1.00047
0.03,746,0.700104,0.399994,0.600007,1000.06,0.000105874,-6.99474e-06,1.00044
0.03,747,0.700082,0.399996,0.700082,1000.19,0.000297319,-1.17213e-05,1.00033
0.03,748,0.700022,0.399999,0.800083,998.757,0.000291227,-9.39428e-06,1.00014
0.03,749,0.700001,0.4,0.90001,792.263,0.000108338,-2.98307e-06,1.00003
0.03,750,0.700001,0.5,-1.01971e-05,792.263,-0.000108338,-2.98307e-06,1.00003
0.03,751,0.700022,0.500001,0.0999174,998.757,-0.000291227,-9.39428e-06,1.00014
0.03,752,0.700082,0.500004,0.199918,1000.19,-0.000297319,-1.17213e-05,1.00033
0.03,753,0.700104,0.500006,0.299993,1000.06,-0.000105874,-6.99474e-06,1.00044
0.03,754,0.700109,0.500006,0.399994,1000.27,-2.08359e-05,-2.7083e-06,1.00047
0.03,755,0.700109,0.500006,0.500006,1000.27,2.08359e-05,2.7083e-06,1.00047
0.03,756,0.700104,0.500006,0.600007,1000.06,0.000105874,6.99474e-06,1.00044
0.03,757,0.700082,0.500004,0.700082,1000.19,0.000297319,1.17213e-05,1.00033
0.03,758,0.700022,0.500001,0.800083,998.757,0.000291227,9.39428e-06,1.00014
0.03,759,0.700001,0.5,0.90001,792.263,0.000108338,2.98307e-06,1.00003
0.03,760,0.700001,0.6,-9.83159e-06,792.234,-0.00010213,-2.1713e-05,1.00004
0.03,761,0.700021,0.600001,0.0999195,998.67,-0.00027314,-6.61368e-05,1.00021
0.03,762,0.700079,0.600004,0.199921,1000.04,-0.00027715,-6.87356e-05,1.00049
0.03,763,0.700099,0.600006,0.299994,999.867,-9.58873e-05,-2.6342e-05,1.00065
0.03,764,0.700104,0.600007,0.399994,1000.06,-1.765e-05,-6.96216e-06,1.00069
0.03,765,0.700104,0.600007,0.500006,1000.06,1.765e-05,6.96216e-06,1.00069
0.03,766,0.700099,0.600006,0.600006,999.867,9.58873e-05,2.6342e-05,1.00065
0.03,767,0.700079,0.600004,0.700079,1000.04,0.00027715,6.87356e-05,1.00049
0.03,768,0.700021,0.600001,0.800081,998.67,0.00027314,6.61368e-05,1.00021
0.03,769,0.700001,0.6,0.90001,792.234,0.00010213,2.1713e-05,1.00004
0.03,770,0.700001,0.700001,-8.88312e-06,792.165,-7.6208e-05,-7.62075e-05,1.00004
0.03,771,0.700017,0.700017,0.0999354,998.634,-0.000203442,-0.000203441,1.00018
0.03,772,0.700063,0.700063,0.199937,1000.19,-0.000205322,-0.000205322,1.00042
0.03,773,0.700079,0.700079,0.299996,1000.04,-6.91055e-05,-6.91056e-05,1.00055
0.03,774,0.700082,0.700082,0.399996,1000.19,-1.17224e-05,-1.17226e-05,1.00058
0.03,775,0.700082,0.700082,0.500004,1000.19,1.17224e-05,1.17226e-05,1.00058
0.03,776,0.700079,0.700079,0.600004,1000.04,6.91055e-05,6.91056e-05,1.00055
0.03,777,0.700063,0.700063,0.700063,1000.19,0.000205322,0.000205322,1.00042
0.03,778,0.700017,0.700017,0.800065,998.634,0.000203442,0.000203441,1.00018
0.03,779,0.700001,0.700001,0.900009,792.165,7.6208e-05,7.62075e-05,1.00004
0.03,780,0.7,0.8,-4.4383e-06,790.016,-3.10104e-05,-8.4384e-05,1
0.03,781,0.700005,0.800018,0.0999824,996.555,-8.42816e-05,-0.0002069,0.99997
0.03,782,0.700017,0.800065,0.199983,998.634,-8.4095e-05,-0.000206868,0.999913
0.03,783,0.700021,0.800081,0.299999,998.67,-2.73177e-05,-6.70146e-05,0.999875
0.03,784,0.700022,0.800083,0.399999,998.757,-4.30506e-06,-9.82783e-06,0.999863
0.03,785,0.700022,0.800083,0.500001,998.757,4.30506e-06,9.82783e-06,0.999863
0.03,786,0.700021,0.800081,0.600001,998.67,2.73177e-05,6.70146e-05,0.999875
0.03,787,0.700017,0.800065,0.700017,998.634,8.4095e-05,0.000206868,0.999913
0.03,788,0.700005,0.800018,0.800018,996.555,8.42816e-05,0.0002069,0.99997
0.03,789,0.7,0.8,0.900004,790.016,3.10104e-05,8.4384e-05,1
0.03,790,0.7,0.900004,-3.86442e-06,624.844,-6.30406e-06,-2.21983e-05,0.999997
0.03,791,0.7,0.900004,0.0999999,790.016,-1.86749e-05,-8.33964e-05,0.99991
0.03,792,0.700001,0.900009,0.199999,792.165,-1.84222e-05,-8.31964e-05,0.999774
0.03,793,0.700001,0.90001,0.3,792.234,-5.79772e-06,-2.50694e-05,0.999686
0.03,794,0.700001,0.90001,0.4,792.263,-9.16719e-07,-3.73363e-06,0.999666
0.03,795,0.700001,0.90001,0.5,792.263,9.16719e-07,3.73363e-06,0.999666
0.03,796,0.700001,0.90001,0.6,792.234,5.79772e-06,2.50694e-05,0.999686
0.03,797,0.700001,0.900009,0.700001,792.165,1.84222e-05,8.31964e-05,0.999774
0.03,798,0.7,0.900004,0.8,790.016,1.86749e-05,8.33964e-05,0.99991
0.03,799,0.7,0.900004,0.900004,624.844,6.30406e-06,2.21983e-05,0.999997
0.03,800,0.799999,-3.90996e-06,-3.90995e-06,622.873,-1.28144e-05,3.90615e-06,1.00003
0.03,801,0.799999,-3.63711e-06,0.100001,787.894,-1.88892e-05,3.28982e-05,0.999981
0.03,802,0.8,-4.43819e-06,0.2,790.016,-1.89398e-05,3.37589e-05,0.999901
0.03,803,0.8,-4.69293e-06,0.3,790.052,-5.80067e-06,1.00675e-05,0.999855
0.03,804,0.8,-4.80077e-06,0.4,790.065,-8.05957e-07,1.43468e-06,0.999844
0.03,805,0.8,-4.80077e-06,0.5,790.065,8.05957e-07,-1.43468e-06,0.999844
0.03,806,0.8,-4.69293e-06,0.6,790.052,5.80067e-06,-1.00675e-05,0.999855
0.03,807,0.8,-4.43819e-06,0.7,790.016,1.89398e-05,-3.37589e-05,0.999901
0.03,808,0.799999,-3.63711e-06,0.799999,787.894,1.88892e-05,-3.28982e-05,0.999981
0.03,809,0.799999,-3.90996e-06,0.900004,622.873,1.28144e-05,-3.90615e-06,1.00003
0.03,810,0.799999,0.100001,-3.63713e-06,787.894,-3.85892e-05,3.85889e-05,1.00002
0.03,811,0.800004,0.0999955,0.0999955,994.34,-8.61397e-05,8.61393e-05,0.999962
0.03,812,0.800018,0.0999824,0.199995,996.555,-8.56187e-05,8.56185e-05,0.999868
0.03,813,0.800022,0.099978,0.3,996.61,-2.6924e-05,2.6924e-05,0.999812
0.03,814,0.800023,0.0999775,0.4,996.656,-3.67499e-06,3.67508e-06,0.999798
0.03,815,0.800023,0.0999775,0.5,996.656,3.67499e-06,-3.67508e-06,0.999798
0.03,816,0.800022,0.099978,0.6,996.61,2.6924e-05,-2.6924e-05,0.999812
0.03,817,0.800018,0.0999824,0.700005,996.555,8.56187e-05,-8.56185e-05,0.999868
0.03,818,0.800004,0.0999955,0.800004,994.34,8.61397e-05,-8.61393e-05,0.999962
0.03,819,0.799999,0.100001,0.900004,787.894,3.85892e-05,-3.85889e-05,1.00002
0.03,820,0.8,0.2,-4.4383e-06,790.016,-8.43845e-05,3.10101e-05,1
0.03,821,0.800018,0.199995,0.0999824,996.555,-0.000206901,8.42813e-05,0.99997
0.03,822,0.800065,0.199983,0.199983,998.634,-0.000206869,8.40948e-05,0.999913
0.03,823,0.800081,0.199979,0.299999,998.67,-6.70146e-05,2.73177e-05,0.999875
0.03,824,0.800083,0.199978,0.399999,998.757,-9.82768e-06,4.30513e-06,0.999863
0.03,825,0.800083,0.199978,0.500001,998.757,9.82768e-06,-4.30513e-06,0.999863
0.03,826,0.800081,0.199979,0.600001,998.67,6.70146e-05,-2.73177e-05,0.999875
0.03,827,0.800065,0.199983,0.700017,998.634,0.000206869,-8.40948e-05,0.999913
0.03,828,0.800018,0.199995,0.800018,996.555,0.000206901,-8.42813e-05,0.99997
0.03,829,0.8,0.2,0.900004,790.016,8.43845e-05,-3.10101e-05,1
0.03,830,0.8,0.3,-4.69308e-06,790.052,-0.000110767,8.52027e-06,0.999998
0.03,831,0.800022,0.3,0.099978,996.61,-0.000276525,2.62247e-05,0.999943
0.03,832,0.800081,0.299999,0.199979,998.67,-0.000277129,2.69807e-05,0.999848
0.03,833,0.800101,0.299999,0.299999,998.73,-9.16089e-05,9.97396e-06,0.999785
0.03,834,0.800104,0.299999,0.399999,998.847,-1.45706e-05,2.53937e-06,0.999767
0.03,835,0.800104,0.299999,0.500001,998.847,1.45706e-05,-2.53937e-06,0.999767
0.03,836,0.800101,0.299999,0.600001,998.73,9.16089e-05,-9.97396e-06,0.999785
0.03,837,0.800081,0.299999,0.700021,998.67,0.000277129,-2.69807e-05,0.999848
0.03,838,0.800022,0.3,0.800022,996.61,0.000276525,-2.62247e-05,0.999943
0.03,839,0.8,0.3,0.900005,790.052,0.000110767,-8.52027e-06,0.999998
0.03,840,0.8,0.4,-4.80091e-06,790.065,-0.000116747,1.10435e-06,0.99999
0.03,841,0.800023,0.4,0.0999775,996.656,-0.000293386,3.38727e-06,0.999904
0.03,842,0.800083,0.399999,0.199978,998.757,-0.000295301,4.22335e-06,0.999755
0.03,843,0.800104,0.399999,0.299999,998.847,-9.99777e-05,2.55157e-06,0.999661
0.03,844,0.800108,0.399998,0.399998,998.975,-1.70757e-05,9.90751e-07,0.999636
0.03,845,0.800108,0.399998,0.500002,998.975,1.70757e-05,-9.90751e-07,0.999636
0.03,846,0.800104,0.399999,0.600001,998.847,9.99777e-05,-2.55157e-06,0.999661
0.03,847,0.800083,0.399999,0.700022,998.757,0.000295301,-4.22335e-06,0.999755
0.03,848,0.800023,0.4,0.800023,996.656,0.000293386,-3.38727e-06,0.999904
0.03,849,0.8,0.4,0.900005,790.065,0.000116747,-1.10435e-06,0.99999
0.03,850,0.8,0.5,-4.80091e-06,790.065,-0.000116747,-1.10435e-06,0.99999
0.03,851,0.800023,0.5,0.0999775,996.656,-0.000293386,-3.38727e-06,0.999904
0.03,852,0.800083,0.500001,0.199978,998.757,-0.000295301,-4.22335e-06,0.999755
0.03,853,0.800104,0.500001,0.299999,998.847,-9.99777e-05,-2.55157e-06,0.999661
0.03,854,0.800108,0.500002,0.399998,998.975,-1.70757e-05,-9.90751e-07,0.999636
0.03,855,0.800108,0.500002,0.500002,998.975,1.70757e-05,9.90751e-07,0.999636
0.03,856,0.800104,0.500001,0.600001,998.847,9.99777e-05,2.55157e-06,0.999661
0.03,857,0.800083,0.500001,0.700022,998.757,0.000295301,4.22335e-06,0.999755
0.03,858,0.800023,0.5,0.800023,996.656,0.000293386,3.38727e-06,0.999904
0.03,859,0.8,0.5,0.900005,790.065,0.000116747,1.10435e-06,0.99999
0.03,860,0.8,0.6,-4.69308e-06,790.052,-0.000110767,-8.52027e-06,0.999998
0.03,861,0.800022,0.6,0.099978,996.61,-0.000276525,-2.62247e-05,0.999943
0.03,862,0.800081,0.600001,0.199979,998.67,-0.000277129,-2.69807e-05,0.999848
0.03,863,0.800101,0.600001,0.299999,998.73,-9.16089e-05,-9.97396e-06,0.999785
0.03,864,0.800104,0.600001,0.399999,998.847,-1.45706e-05,-2.53937e-06,0.999767
0.03,865,0.800104,0.600001,0.500001,998.847,1.45706e-05,2.53937e-06,0.999767
0.03,866,0.800101,0.600001,0.600001,998.73,9.16089e-05,9.97396e-06,0.999785
0.03,867,0.800081,0.600001,0.700021,998.67,0.000277129,2.69807e-05,0.999848
0.03,868,0.800022,0.6,0.800022,996.61,0.000276525,2.62247e-05,0.999943
0.03,869,0.8,0.6,0.900005,790.052,0.000110767,8.52027e-06,0.999998
0.03,870,0.8,0.7,-4.4383e-06,790.016,-8.43845e-05,-3.10101e-05,1
0.03,871,0.800018,0.700005,0.0999824,996.555,-0.000206901,-8.42813e-05,0.99997
0.03,872,0.800065,0.700017,0.199983,998.634,-0.000206869,-8.40948e-05,0.999913
0.03,873,0.800081,0.700021,0.299999,998.67,-6.70146e-05,-2.73177e-05,0.999875
0.03,874,0.800083,0.700022,0.399999,998.757,-9.82768e-06,-4.30513e-06,0.999863
0.03,875,0.800083,0.700022,0.500001,998.757,9.82768e-06,4.30513e-06,0.999863
0.03,876,0.800081,0.700021,0.600001,998.67,6.70146e-05,2.73177e-05,0.999875
0.03,877,0.800065,0.700017,0.700017,998.634,0.000206869,8.40948e-05,0.999913
0.03,878,0.800018,0.700005,0.800018,996.555,0.000206901,8.42813e-05,0.99997
0.03,879,0.8,0.7,0.900004,790.016,8.43845e-05,3.10101e-05,1
0.03,880,0.799999,0.799999,-3.63713e-06,787.894,-3.85892e-05,-3.85889e-05,1.00002
0.03,881,0.800004,0.800004,0.0999955,994.34,-8.61397e-05,-8.61393e-05,0.999962
0.03,882,0.800018,0.800018,0.199995,996.555,-8.56187e-05,-8.56185e-05,0.999868
0.03,883,0.800022,0.800022,0.3,996.61,-2.6924e-05,-2.6924e-05,0.999812
0.03,884,0.800023,0.800023,0.4,996.656,-3.67499e-06,-3.67508e-06,0.999798
0.03,885,0.800023,0.800023,0.5,996.656,3.67499e-06,3.67508e-06,0.999798
0.03,886,0.800022,0.800022,0.6,996.61,2.6924e-05,2.6924e-05,0.999812
0.03,887,0.800018,0.800018,0.700005,996.555,8.56187e-05,8.56185e-05,0.999868
0.03,888,0.800004,0.800004,0.800004,994.34,8.61397e-05,8.61393e-05,0.999962
0.03,889,0.799999,0.799999,0.900004,787.894,3.85892e-05,3.85889e-05,1.00002
0.03,890,0.799999,0.900004,-3.90995e-06,622.873,-1.28144e-05,-3.90615e-06,1.00003
0.03,891,0.799999,0.900004,0.100001,787.894,-1.88892e-05,-3.28982e-05,0.999981
0.03,892,0.8,0.900004,0.2,790.016,-1.89398e-05,-3.37589e-05,0.999901
0.03,893,0.8,0.900005,0.3,790.052,-5.80067e-06,-1.00675e-05,0.999855
0.03,894,0.8,0.900005,0.4,790.065,-8.05957e-07,-1.43468e-06,0.999844
0.03,895,0.8,0.900005,0.5,790.065,8.05957e-07,1.43468e-06,0.999844
0.03,896,0.8,0.900005,0.6,790.052,5.80067e-06,1.00675e-05,0.999855
0.03,897,0.8,0.900004,0.7,790.016,1.89398e-05,3.37589e-05,0.999901
0.03,898,0.799999,0.900004,0.799999,787.894,1.88892e-05,3.28982e-05,0.999981
0.03,899,0.799999,0.900004,0.900004,622.873,1.28144e-05,3.90615e-06,1.00003
0.03,900,0.900005,-4.52436e-06,-4.52435e-06,491.349,8.33198e-06,-8.33193e-06,1.00005
0.03,901,0.900004,-3.90994e-06,0.100001,622.873,-5.19824e-06,5.19814e-06,1.00003
0.03,902,0.900004,-3.8644e-06,0.2,624.844,-6.97291e-06,6.97281e-06,0.999994
0.03,903,0.900004,-3.92881e-06,0.3,624.854,-2.24578e-06,2.24579e-06,0.999977
0.03,904,0.900004,-3.94637e-06,0.4,624.858,-3.56832e-07,3.56866e-07,0.999973
0.03,905,0.900004,-3.94637e-06,0.5,624.858,3.56832e-07,-3.56866e-07,0.999973
0.03,906,0.900004,-3.92881e-06,0.6,624.854,2.24578e-06,-2.24579e-06,0.999977
0.03,907,0.900004,-3.8644e-06,0.7,624.844,6.97291e-06,-6.97281e-06,0.999994
0.03,908,0.900004,-3.90994e-06,0.799999,622.873,5.19824e-06,-5.19814e-06,1.00003
0.03,909,0.900005,-4.52436e-06,0.900005,491.349,-8.33198e-06,8.33193e-06,1.00005
0.03,910,0.900004,0.100001,-3.90995e-06,622.873,-3.90621e-06,1.28143e-05,1.00003
0.03,911,0.900004,0.100001,0.100001,787.894,-3.28984e-05,1.8889e-05,0.999981
0.03,912,0.900004,0.0999999,0.2,790.016,-3.37591e-05,1.89397e-05,0.999901
0.03,913,0.900005,0.0999998,0.3,790.052,-1.00675e-05,5.80069e-06,0.999855
0.03,914,0.900005,0.0999998,0.4,790.065,-1.43461e-06,8.05999e-07,0.999844
0.03,915,0.900005,0.0999998,0.5,790.065,1.43461e-06,-8.05999e-07,0.999844
0.03,916,0.900005,0.0999998,0.6,790.052,1.00675e-05,-5.80069e-06,0.999855
0.03,917,0.900004,0.0999999,0.7,790.016,3.37591e-05,-1.89397e-05,0.999901
0.03,918,0.900004,0.100001,0.799999,787.894,3.28984e-05,-1.8889e-05,0.999981
0.03,919,0.900004,0.100001,0.900004,622.873,3.90621e-06,-1.28143e-05,1.00003
0.03,920,0.900004,0.2,-3.86442e-06,624.844,-2.21985e-05,6.304e-06,0.999997
0.03,921,0.900004,0.2,0.0999999,790.016,-8.33968e-05,1.86748e-05,0.99991
0.03,922,0.900009,0.199999,0.199999,792.165,-8.31967e-05,1.84221e-05,0.999774
0.03,923,0.90001,0.199999,0.3,792.234,-2.50693e-05,5.79774e-06,0.999686
0.03,924,0.90001,0.199999,0.4,792.263,-3.73351e-06,9.16758e-07,0.999666
0.03,925,0.90001,0.199999,0.5,792.263,3.73351e-06,-9.16758e-07,0.999666
0.03,926,0.90001,0.199999,0.6,792.234,2.50693e-05,-5.79774e-06,0.999686
0.03,927,0.900009,0.199999,0.700001,792.165,8.31967e-05,-1.84221e-05,0.999774
0.03,928,0.900004,0.2,0.8,790.016,8.33968e-05,-1.86748e-05,0.99991
0.03,929,0.900004,0.2,0.900004,624.844,2.21985e-05,-6.304e-06,0.999997
0.03,930,0.900004,0.3,-3.92884e-06,624.854,-3.19316e-05,1.86761e-06,0.99999
0.03,931,0.900005,0.3,0.0999998,790.052,-0.000111475,5.55284e-06,0.999872
0.03,932,0.90001,0.3,0.199999,792.234,-0.000110957,5.6867e-06,0.999681
0.03,933,0.900011,0.3,0.3,792.329,-3.40672e-05,2.12716e-06,0.999559
0.03,934,0.900011,0.3,0.4,792.37,-5.52652e-06,5.46872e-07,0.99953
0.03,935,0.900011,0.3,0.5,792.37,5.52652e-06,-5.46872e-07,0.99953
0.03,936,0.900011,0.3,0.6,792.329,3.40672e-05,-2.12716e-06,0.999559
0.03,937,0.90001,0.3,0.700001,792.234,0.000110957,-5.6867e-06,0.999681
0.03,938,0.900005,0.3,0.8,790.052,0.000111475,-5.55284e-06,0.999872
0.03,939,0.900004,0.3,0.900004,624.854,3.19316e-05,-1.86761e-06,0.99999
0.03,940,0.900004,0.4,-3.94639e-06,624.858,-3.42515e-05,2.69586e-07,0.999987
0.03,941,0.900005,0.4,0.0999998,790.065,-0.000118054,7.08298e-07,0.999856
0.03,942,0.90001,0.4,0.199999,792.263,-0.000117962,8.71598e-07,0.999642
0.03,943,0.900011,0.4,0.3,792.37,-3.7183e-05,5.46544e-07,0.999507
0.03,944,0.900012,0.4,0.4,792.414,-6.47599e-06,2.03174e-07,0.999474
0.03,945,0.900012,0.4,0.5,792.414,6.47599e-06,-2.03174e-07,0.999474
0.03,946,0.900011,0.4,0.6,792.37,3.7183e-05,-5.46544e-07,0.999507
0.03,947,0.90001,0.4,0.700001,792.263,0.000117962,-8.71598e-07,0.999642
0.03,948,0.900005,0.4,0.8,790.065,0.000118054,-7.08298e-07,0.999856
0.03,949,0.900004,0.4,0.900004,624.858,3.42515e-05,-2.69586e-07,0.999987
0.03,950,0.900004,0.5,-3.94639e-06,624.858,-3.42515e-05,-2.69586e-07,0.999987
0.03,951,0.900005,0.5,0.0999998,790.065,-0.000118054,-7.08298e-07,0.999856
0.03,952,0.90001,0.5,0.199999,792.263,-0.000117962,-8.71598e-07,0.999642
0.03,953,0.900011,0.5,0.3,792.37,-3.7183e-05,-5.46544e-07,0.999507
0.03,954,0.900012,0.5,0.4,792.414,-6.47599e-06,-2.03174e-07,0.999474
0.03,955,0.900012,0.5,0.5,792.414,6.47599e-06,2.03174e-07,0.999474
0.03,956,0.900011,0.5,0.6,792.37,3.7183e-05,5.46544e-07,0.999507
0.03,957,0.90001,0.5,0.700001,792.263,0.000117962,8.71598e-07,0.999642
0.03,958,0.900005,0.5,0.8,790.065,0.000118054,7.08298e-07,0.999856
0.03,959,0.900004,0.5,0.900004,624.858,3.42515e-05,2.69586e-07,0.999987
0.03,960,0.900004,0.6,-3.92884e-06,624.854,-3.19316e-05,-1.86761e-06,0.99999
0.03,961,0.900005,0.6,0.0999998,790.052,-0.000111475,-5.55284e-06,0.999872
0.03,962,0.90001,0.6,0.199999,792.234,-0.000110957,-5.6867e-06,0.999681
0.03,963,0.900011,0.6,0.3,792.329,-3.40672e-05,-2.12716e-06,0.999559
0.03,964,0.900011,0.6,0.4,792.37,-5.52652e-06,-5.46872e-07,0.99953
0.03,965,0.900011,0.6,0.5,792.37,5.52652e-06,5.46872e-07,0.99953
0.03,966,0.900011,0.6,0.6,792.329,3.40672e-05,2.12716e-06,0.999559
0.03,967,0.90001,0.6,0.700001,792.234,0.000110957,5.6867e-06,0.999681
0.03,968,0.900005,0.6,0.8,790.052,0.000111475,5.55284e-06,0.999872
0.03,969,0.900004,0.6,0.900004,624.854,3.19316e-05,1.86761e-06,0.99999
0.03,970,0.900004,0.7,-3.86442e-06,624.844,-2.21985e-05,-6.304e-06,0.999997
0.03,971,0.900004,0.7,0.0999999,790.016,-8.33968e-05,-1.86748e-05,0.99991
0.03,972,0.900009,0.700001,0.199999,792.165,-8.31967e-05,-1.84221e-05,0.999774
0.03,973,0.90001,0.700001,0.3,792.234,-2.50693e-05,-5.79774e-06,0.999686
0.03,974,0.90001,0.700001,0.4,792.263,-3.73351e-06,-9.16758e-07,0.999666
0.03,975,0.90001,0.700001,0.5,792.263,3.73351e-06,9.16758e-07,0.999666
0.03,976,0.90001,0.700001,0.6,792.234,2.50693e-05,5.79774e-06,0.999686
0.03,977,0.900009,0.700001,0.700001,792.165,8.31967e-05,1.84221e-05,0.999774
0.03,978,0.900004,0.7,0.8,790.016,8.33968e-05,1.86748e-05,0.99991
0.03,979,0.900004,0.7,0.900004,624.844,2.21985e-05,6.304e-06,0.999997
0.03,980,0.900004,0.799999,-3.90995e-06,622.873,-3.90621e-06,-1.28143e-05,1.00003
0.03,981,0.900004,0.799999,0.100001,787.894,-3.28984e-05,-1.8889e-05,0.999981
0.03,982,0.900004,0.8,0.2,790.016,-3.37591e-05,-1.89397e-05,0.999901
0.03,983,0.900005,0.8,0.3,790.052,-1.00675e-05,-5.80069e-06,0.999855
0.03,984,0.900005,0.8,0.4,790.065,-1.43461e-06,-8.05999e-07,0.999844
0.03,985,0.900005,0.8,0.5,790.065,1.43461e-06,8.05999e-07,0.999844
0.03,986,0.900005,0.8,0.6,790.052,1.00675e-05,5.80069e-06,0.999855
0.03,987,0.900004,0.8,0.7,790.016,3.37591e-05,1.89397e-05,0.999901
0.03,988,0.900004,0.799999,0.799999,787.894,3.28984e-05,1.8889e-05,0.999981
0.03,989,0.900004,0.799999,0.900004,622.873,3.90621e-06,1.28143e-05,1.00003
0.03,990,0.900005,0.900005,-4.52435e-06,491.349,8.33198e-06,8.33193e-06,1.00005
0.03,991,0.900004,0.900004,0.100001,622.873,-5.19824e-06,-5.19814e-06,1.00003
0.03,992,0.900004,0.900004,0.2,624.844,-6.97291e-06,-6.97281e-06,0.999994
0.03,993,0.900004,0.900004,0.3,624.854,-2.24578e-06,-2.24579e-06,0.999977
0.03,994,0.900004,0.900004,0.4,624.858,-3.56832e-07,-3.56866e-07,0.999973
0.03,995,0.900004,0.900004,0.5,624.858,3.56832e-07,3.56866e-07,0.999973
0.03,996,0.900004,0.900004,0.6,624.854,2.24578e-06,2.24579e-06,0.999977
0.03,997,0.900004,0.900004,0.7,624.844,6.97291e-06,6.97281e-06,0.999994
0.03,998,0.900004,0.900004,0.799999,622.873,5.19824e-06,5.19814e-06,1.00003
0.03,999,0.900005,0.900005,0.900005,491.349,-8.33198e-06,-8.33193e-06,1.00005
0.04,0,-7.85369e-06,-7.85369e-06,-7.85368e-06,491.319,-1.47707e-05,-1.47706e-05,1.00009
0.04,1,-6.80012e-06,-6.80014e-06,0.100001,622.85,8.31168e-06,8.31138e-06,1.00005
0.04,2,-6.76798e-06,-6.76796e-06,0.2,624.84,1.13563e-05,1.1356e-05,1
0.04,3,-6.90341e-06,-6.90338e-06,0.3,624.856,3.94982e-06,3.94986e-06,0.999974
0.04,4,-6.94335e-06,-6.94334e-06,0.4,624.861,8.3338e-07,8.3348e-07,0.999967
0.04,5,-6.94335e-06,-6.94334e-06,0.5,624.861,-8.3338e-07,-8.3348e-07,0.999967
0.04,6,-6.90341e-06,-6.90338e-06,0.6,624.856,-3.94982e-06,-3.94986e-06,0.999974
0.04,7,-6.76798e-06,-6.76796e-06,0.7,624.84,-1.13563e-05,-1.1356e-05,1
0.04,8,-6.80012e-06,-6.80014e-06,0.799999,622.85,-8.31168e-06,-8.31138e-06,1.00005
0.04,9,-7.85369e-06,-7.85369e-06,0.900008,491.319,1.47707e-05,1.47706e-05,1.00009
0.04,10,-6.80013e-06,0.100001,-6.80015e-06,622.85,5.20557e-06,2.15343e-05,1.00005
0.04,11,-6.40538e-06,0.100001,0.100001,787.888,5.15403e-05,2.95604e-05,0.999979
0.04,12,-7.88484e-06,0.0999998,0.2,790.046,5.26221e-05,2.94164e-05,0.99986
0.04,13,-8.40553e-06,0.0999995,0.3,790.099,1.6536e-05,9.47503e-06,0.999791
0.04,14,-8.6473e-06,0.0999994,0.4,790.12,3.1969e-06,1.76661e-06,0.999774
0.04,15,-8.6473e-06,0.0999994,0.5,790.12,-3.1969e-06,-1.76661e-06,0.999774
0.04,16,-8.40553e-06,0.0999995,0.6,790.099,-1.6536e-05,-9.47503e-06,0.999791
0.04,17,-7.88484e-06,0.0999998,0.7,790.046,-5.26221e-05,-2.94164e-05,0.99986
0.04,18,-6.40538e-06,0.100001,0.799999,787.888,-5.15403e-05,-2.95604e-05,0.999979
0.04,19,-6.80013e-06,0.100001,0.900007,622.85,-5.20557e-06,-2.15343e-05,1.00005
0.04,20,-6.76793e-06,0.2,-6.76801e-06,624.84,3.38604e-05,9.93584e-06,1
0.04,21,-7.88484e-06,0.2,0.0999998,790.046,0.000129403,2.88537e-05,0.99987
0.04,22,-1.52718e-05,0.199999,0.199999,792.24,0.000128163,2.83283e-05,0.99967
0.04,23,-1.69545e-05,0.199999,0.3,792.343,4.05435e-05,9.51121e-06,0.99954
0.04,24,-1.77718e-05,0.199999,0.4,792.387,8.01941e-06,1.98341e-06,0.999507
0.04,25,-1.77718e-05,0.199999,0.5,792.387,-8.01941e-06,-1.98341e-06,0.999507
0.04,26,-1.69545e-05,0.199999,0.6,792.343,-4.05435e-05,-9.51121e-06,0.99954
0.04,27,-1.52718e-05,0.199999,0.700001,792.24,-0.000128163,-2.83283e-05,0.99967
0.04,28,-7.88484e-06,0.2,0.8,790.046,-0.000129403,-2.88537e-05,0.99987
0.04,29,-6.76793e-06,0.2,0.900007,624.84,-3.38604e-05,-9.93584e-06,1
0.04,30,-6.90335e-06,0.3,-6.90346e-06,624.856,4.91334e-05,3.146e-06,0.999989
0.04,31,-8.40555e-06,0.3,0.0999995,790.099,0.00017267,8.95231e-06,0.999812
0.04,32,-1.69545e-05,0.3,0.199999,792.343,0.000170869,9.2918e-06,0.99953
0.04,33,-1.89832e-05,0.299999,0.299999,792.486,5.57324e-05,4.10824e-06,0.999349
0.04,34,-2.00922e-05,0.299999,0.4,792.548,1.20193e-05,1.37718e-06,0.999301
0.04,35,-2.00922e-05,0.299999,0.5,792.548,-1.20193e-05,-1.37718e-06,0.999301
0.04,36,-1.89832e-05,0.299999,0.600001,792.486,-5.57324e-05,-4.10824e-06,0.999349
0.04,37,-1.69545e-05,0.3,0.700001,792.343,-0.000170869,-9.2918e-06,0.99953
0.04,38,-8.40555e-06,0.3,0.8,790.099,-0.00017267,-8.95231e-06,0.999812
0.04,39,-6.90335e-06,0.3,0.900007,624.856,-4.91334e-05,-3.146e-06,0.999989
0.04,40,-6.9433e-06,0.4,-6.94342e-06,624.861,5.33063e-05,6.34013e-07,0.999984
0.04,41,-8.64732e-06,0.4,0.0999994,790.12,0.000184034,1.55607e-06,0.999788
0.04,42,-1.77717e-05,0.4,0.199999,792.387,0.000183121,1.89441e-06,0.999472
0.04,43,-2.00922e-05,0.4,0.299999,792.548,6.23153e-05,1.38322e-06,0.99927
0.04,44,-2.14194e-05,0.4,0.4,792.615,1.46268e-05,6.17392e-07,0.999214
0.04,45,-2.14194e-05,0.4,0.5,792.615,-1.46268e-05,-6.17392e-07,0.999214
0.04,46,-2.00922e-05,0.4,0.600001,792.548,-6.23153e-05,-1.38322e-06,0.99927
0.04,47,-1.77717e-05,0.4,0.700001,792.387,-0.000183121,-1.89441e-06,0.999472
0.04,48,-8.64732e-06,0.4,0.800001,790.12,-0.000184034,-1.55607e-06,0.999788
0.04,49,-6.9433e-06,0.4,0.900007,624.861,-5.33063e-05,-6.34013e-07,0.999984
0.04,50,-6.9433e-06,0.5,-6.94342e-06,624.861,5.33063e-05,-6.34013e-07,0.999984
0.04,51,-8.64732e-06,0.5,0.0999994,790.12,0.000184034,-1.55607e-06,0.999788
0.04,52,-1.77717e-05,0.5,0.199999,792.387,0.000183121,-1.89441e-06,0.999472
0.04,53,-2.00922e-05,0.5,0.299999,792.548,6.23153e-05,-1.38322e-06,0.99927
0.04,54,-2.14194e-05,0.5,0.4,792.615,1.46268e-05,-6.17392e-07,0.999214
0.04,55,-2.14194e-05,0.5,0.5,792.615,-1.46268e-05,6.17392e-07,0.999214
0.04,56,-2.00922e-05,0.5,0.600001,792.548,-6.23153e-05,1.38322e-06,0.99927
0.04,57,-1.77717e-05,0.5,0.700001,792.387,-0.000183121,1.89441e-06,0.999472
0.04,58,-8.64732e-06,0.5,0.800001,790.12,-0.000184034,1.55607e-06,0.999788
0.04,59,-6.9433e-06,0.5,0.900007,624.861,-5.33063e-05,6.34013e-07,0.999984
0.04,60,-6.90335e-06,0.6,-6.90346e-06,624.856,4.91334e-05,-3.146e-06,0.999989
0.04,61,-8.40555e-06,0.6,0.0999995,790.099,0.00017267,-8.95231e-06,0.999812
0.04,62,-1.69545e-05,0.6,0.199999,792.343,0.000170869,-9.2918e-06,0.99953
0.04,63,-1.89832e-05,0.600001,0.299999,792.486,5.57324e-05,-4.10824e-06,0.999349
0.04,64,-2.00922e-05,0.600001,0.4,792.548,1.20193e-05,-1.37718e-06,0.999301
0.04,65,-2.00922e-05,0.600001,0.5,792.548,-1.20193e-05,1.37718e-06,0.999301
0.04,66,-1.89832e-05,0.600001,0.600001,792.486,-5.57324e-05,4.10824e-06,0.999349
0.04,67,-1.69545e-05,0.6,0.700001,792.343,-0.000170869,9.2918e-06,0.99953
0.04,68,-8.40555e-06,0.6,0.8,790.099,-0.00017267,8.95231e-06,0.999812
0.04,69,-6.90335e-06,0.6,0.900007,624.856,-4.91334e-05,3.146e-06,0.999989
0.04,70,-6.76793e-06,0.7,-6.76801e-06,624.84,3.38604e-05,-9.93584e-06,1
0.04,71,-7.88484e-06,0.7,0.0999998,790.046,0.000129403,-2.88537e-05,0.99987
0.04,72,-1.52718e-05,0.700001,0.199999,792.24,0.000128163,-2.83283e-05,0.99967
0.04,73,-1.69545e-05,0.700001,0.3,792.343,4.05435e-05,-9.51121e-06,0.99954
0.04,74,-1.77718e-05,0.700001,0.4,792.387,8.01941e-06,-1.98341e-06,0.999507
0.04,75,-1.77718e-05,0.700001,0.5,792.387,-8.01941e-06,1.98341e-06,0.999507
0.04,76,-1.69545e-05,0.700001,0.6,792.343,-4.05435e-05,9.51121e-06,0.99954
0.04,77,-1.52718e-05,0.700001,0.700001,792.24,-0.000128163,2.83283e-05,0.99967
0.04,78,-7.88484e-06,0.7,0.8,790.046,-0.000129403,2.88537e-05,0.99987
0.04,79,-6.76793e-06,0.7,0.900007,624.84,-3.38604e-05,9.93584e-06,1
0.04,80,-6.80013e-06,0.799999,-6.80015e-06,622.85,5.20557e-06,-2.15343e-05,1.00005
0.04,81,-6.40538e-06,0.799999,0.100001,787.888,5.15403e-05,-2.95604e-05,0.999979
0.04,82,-7.88484e-06,0.8,0.2,790.046,5.26221e-05,-2.94164e-05,0.99986
0.04,83,-8.40553e-06,0.8,0.3,790.099,1.6536e-05,-9.47503e-06,0.999791
0.04,84,-8.6473e-06,0.800001,0.4,790.12,3.1969e-06,-1.76661e-06,0.999774
0.04,85,-8.6473e-06,0.800001,0.5,790.12,-3.1969e-06,1.76661e-06,0.999774
0.04,86,-8.40553e-06,0.8,0.6,790.099,-1.6536e-05,9.47503e-06,0.999791
0.04,87,-7.88484e-06,0.8,0.7,790.046,-5.26221e-05,2.94164e-05,0.99986
0.04,88,-6.40538e-06,0.799999,0.799999,787.888,-5.15403e-05,2.95604e-05,0.999979
0.04,89,-6.80013e-06,0.799999,0.900007,622.85,-5.20557e-06,2.15343e-05,1.00005
0.04,90,-7.85369e-06,0.900008,-7.85368e-06,491.319,-1.47707e-05,1.47706e-05,1.00009
0.04,91,-6.80012e-06,0.900007,0.100001,622.85,8.31168e-06,-8.31138e-06,1.00005
0.04,92,-6.76798e-06,0.900007,0.2,624.84,1.13563e-05,-1.1356e-05,1
0.04,93,-6.90341e-06,0.900007,0.3,624.856,3.94982e-06,-3.94986e-06,0.999974
0.04,94,-6.94335e-06,0.900007,0.4,624.861,8.3338e-07,-8.3348e-07,0.999967
0.04,95,-6.94335e-06,0.900007,0.5,624.861,-8.3338e-07,8.3348e-07,0.999967
0.04,96,-6.90341e-06,0.900007,0.6,624.856,-3.94982e-06,3.94986e-06,0.999974
0.04,97,-6.76798e-06,0.900007,0.7,624.84,-1.13563e-05,1.1356e-05,1
0.04,98,-6.80012e-06,0.900007,0.799999,622.85,-8.31168e-06,8.31138e-06,1.00005
0.04,99,-7.85369e-06,0.900008,0.900008,491.319,1.47707e-05,-1.47706e-05,1.00009
0.04,100,0.100001,-6.8002e-06,-6.80015e-06,622.85,2.15345e-05,5.20539e-06,1.00005
0.04,101,0.100001,-6.40543e-06,0.100001,787.888,2.95609e-05,5.15396e-05,0.999979
0.04,102,0.0999998,-7.88479e-06,0.2,790.046,2.94168e-05,5.26216e-05,0.99986
0.04,103,0.0999995,-8.40547e-06,0.3,790.099,9.47497e-06,1.65361e-05,0.999791
0.04,104,0.0999994,-8.64727e-06,0.4,790.12,1.76649e-06,3.1971e-06,0.999774
0.04,105,0.0999994,-8.64727e-06,0.5,790.12,-1.76649e-06,-3.1971e-06,0.999774
0.04,106,0.0999995,-8.40547e-06,0.6,790.099,-9.47497e-06,-1.65361e-05,0.999791
0.04,107,0.0999998,-7.88479e-06,0.7,790.046,-2.94168e-05,-5.26216e-05,0.99986
0.04,108,0.100001,-6.40543e-06,0.799999,787.888,-2.95609e-05,-5.15396e-05,0.999979
0.04,109,0.100001,-6.8002e-06,0.900007,622.85,-2.15345e-05,-5.20539e-06,1.00005
0.04,110,0.100001,0.100001,-6.4055e-06,787.888,6.07723e-05,6.07716e-05,1.00003
0.04,111,0.0999931,0.0999931,0.0999931,994.354,0.000131383,0.000131382,0.999953
0.04,112,0.0999734,0.0999734,0.199993,996.59,0.000129399,0.000129398,0.999814
0.04,113,0.099967,0.099967,0.3,996.673,4.21115e-05,4.21116e-05,0.999732
0.04,114,0.0999658,0.0999658,0.399999,996.74,7.49361e-06,7.49385e-06,0.999709
0.04,115,0.0999658,0.0999658,0.500001,996.74,-7.49361e-06,-7.49385e-06,0.999709
0.04,116,0.099967,0.099967,0.6,996.673,-4.21115e-05,-4.21116e-05,0.999732
0.04,117,0.0999734,0.0999734,0.700007,996.59,-0.000129399,-0.000129398,0.999814
0.04,118,0.0999931,0.0999931,0.800007,994.354,-0.000131383,-0.000131382,0.999953
0.04,119,0.100001,0.100001,0.900006,787.888,-6.07723e-05,-6.07716e-05,1.00003
0.04,120,0.0999998,0.2,-7.8851e-06,790.046,0.000129562,4.68039e-05,1.00001
0.04,121,0.0999734,0.199993,0.0999734,996.59,0.000313036,0.000127089,0.999962
0.04,122,0.0999036,0.199975,0.199975,998.621,0.00031069,0.000126278,0.99988
0.04,123,0.0998807,0.199969,0.299999,998.68,0.000104181,4.3088e-05,0.999824
0.04,124,0.0998763,0.199967,0.399998,998.805,1.94145e-05,8.77211e-06,0.999803
0.04,125,0.0998763,0.199967,0.500002,998.805,-1.94145e-05,-8.77211e-06,0.999803
0.04,126,0.0998807,0.199969,0.600001,998.68,-0.000104181,-4.3088e-05,0.999824
0.04,127,0.0999036,0.199975,0.700025,998.621,-0.00031069,-0.000126278,0.99988
0.04,128,0.0999734,0.199993,0.800027,996.59,-0.000313036,-0.000127089,0.999962
0.04,129,0.0999998,0.2,0.900008,790.046,-0.000129562,-4.68039e-05,1.00001
0.04,130,0.0999995,0.3,-8.40589e-06,790.099,0.000169227,1.3209e-05,1
0.04,131,0.099967,0.3,0.099967,996.673,0.000417633,4.06439e-05,0.99992
0.04,132,0.0998807,0.299999,0.199969,998.68,0.00041639,4.24375e-05,0.999778
0.04,133,0.0998518,0.299999,0.299999,998.778,0.000144213,1.83458e-05,0.999683
0.04,134,0.0998452,0.299998,0.399997,998.944,2.94045e-05,6.19396e-06,0.999651
0.04,135,0.0998452,0.299998,0.500003,998.944,-2.94045e-05,-6.19396e-06,0.999651
0.04,136,0.0998518,0.299999,0.600001,998.778,-0.000144213,-1.83458e-05,0.999683
0.04,137,0.0998807,0.299999,0.700031,998.68,-0.00041639,-4.24375e-05,0.999778
0.04,138,0.099967,0.3,0.800033,996.673,-0.000417633,-4.06439e-05,0.99992
0.04,139,0.0999995,0.3,0.900008,790.099,-0.000169227,-1.3209e-05,1
0.04,140,0.0999994,0.4,-8.64769e-06,790.12,0.000179243,2.45697e-06,0.99999
0.04,141,0.0999658,0.399999,0.0999658,996.74,0.000445444,6.88757e-06,0.999864
0.04,142,0.0998763,0.399998,0.199967,998.805,0.000447004,8.649e-06,0.999646
0.04,143,0.0998452,0.399997,0.299998,998.944,0.000161148,6.25201e-06,0.999508
0.04,144,0.0998365,0.399996,0.399996,999.12,3.59717e-05,2.88862e-06,0.999467
0.04,145,0.0998365,0.399996,0.500004,999.12,-3.59717e-05,-2.88862e-06,0.999467
0.04,146,0.0998452,0.399997,0.600002,998.944,-0.000161148,-6.25201e-06,0.999508
0.04,147,0.0998763,0.399998,0.700033,998.805,-0.000447004,-8.649e-06,0.999646
0.04,148,0.0999658,0.399999,0.800034,996.74,-0.000445444,-6.88757e-06,0.999864
0.04,149,0.0999994,0.4,0.900009,790.12,-0.000179243,-2.45697e-06,0.99999
0.04,150,0.0999994,0.5,-8.64769e-06,790.12,0.000179243,-2.45697e-06,0.99999
0.04,151,0.0999658,0.500001,0.0999658,996.74,0.000445444,-6.88757e-06,0.999864
0.04,152,0.0998763,0.500002,0.199967,998.805,0.000447004,-8.649e-06,0.999646
0.04,153,0.0998452,0.500003,0.299998,998.944,0.000161148,-6.25201e-06,0.999508
0.04,154,0.0998365,0.500004,0.399996,999.12,3.59717e-05,-2.88862e-06,0.999467
0.04,155,0.0998365,0.500004,0.500004,999.12,-3.59717e-05,2.88862e-06,0.999467
0.04,156,0.0998452,0.500003,0.600002,998.944,-0.000161148,6.25201e-06,0.999508
0.04,157,0.0998763,0.500002,0.700033,998.805,-0.000447004,8.649e-06,0.999646
0.04,158,0.0999658,0.500001,0.800034,996.74,-0.000445444,6.88757e-06,0.999864
0.04,159,0.0999994,0.5,0.900009,790.12,-0.000179243,2.45697e-06,0.99999
0.04,160,0.0999995,0.6,-8.40589e-06,790.099,0.000169227,-1.3209e-05,1
0.04,161,0.099967,0.6,0.099967,996.673,0.000417633,-4.06439e-05,0.99992
0.04,162,0.0998807,0.600001,0.199969,998.68,0.00041639,-4.24375e-05,0.999778
0.04,163,0.0998518,0.600001,0.299999,998.778,0.000144213,-1.83458e-05,0.999683
0.04,164,0.0998452,0.600002,0.399997,998.944,2.94045e-05,-6.19396e-06,0.999651
0.04,165,0.0998452,0.600002,0.500003,998.944,-2.94045e-05,6.19396e-06,0.999651
0.04,166,0.0998518,0.600001,0.600001,998.778,-0.000144213,1.83458e-05,0.999683
0.04,167,0.0998807,0.600001,0.700031,998.68,-0.00041639,4.24375e-05,0.999778
0.04,168,0.099967,0.6,0.800033,996.673,-0.000417633,4.06439e-05,0.99992
0.04,169,0.0999995,0.6,0.900008,790.099,-0.000169227,1.3209e-05,1
0.04,170,0.0999998,0.7,-7.8851e-06,790.046,0.000129562,-4.68039e-05,1.00001
0.04,171,0.0999734,0.700007,0.0999734,996.59,0.000313036,-0.000127089,0.999962
0.04,172,0.0999036,0.700025,0.199975,998.621,0.00031069,-0.000126278,0.99988
0.04,173,0.0998807,0.700031,0.299999,998.68,0.000104181,-4.3088e-05,0.999824
0.04,174,0.0998763,0.700033,0.399998,998.805,1.94145e-05,-8.77211e-06,0.999803
0.04,175,0.0998763,0.700033,0.500002,998.805,-1.94145e-05,8.77211e-06,0.999803
0.04,176,0.0998807,0.700031,0.600001,998.68,-0.000104181,4.3088e-05,0.999824
0.04,177,0.0999036,0.700025,0.700025,998.621,-0.00031069,0.000126278,0.99988
0.04,178,0.0999734,0.700007,0.800027,996.59,-0.000313036,0.000127089,0.999962
0.04,179,0.0999998,0.7,0.900008,790.046,-0.000129562,4.68039e-05,1.00001
0.04,180,0.100001,0.799999,-6.4055e-06,787.888,6.07723e-05,-6.07716e-05,1.00003
0.04,181,0.0999931,0.800007,0.0999931,994.354,0.000131383,-0.000131382,0.999953
0.04,182,0.0999734,0.800027,0.199993,996.59,0.000129399,-0.000129398,0.999814
0.04,183,0.099967,0.800033,0.3,996.673,4.21115e-05,-4.21116e-05,0.999732
0.04,184,0.0999658,0.800034,0.399999,996.74,7.49361e-06,-7.49385e-06,0.999709
0.04,185,0.0999658,0.800034,0.500001,996.74,-7.49361e-06,7.49385e-06,0.999709
0.04,186,0.099967,0.800033,0.6,996.673,-4.21115e-05,4.21116e-05,0.999732
0.04,187,0.0999734,0.800027,0.700007,996.59,-0.000129399,0.000129398,0.999814
0.04,188,0.0999931,0.800007,0.800007,994.354,-0.000131383,0.000131382,0.999953
0.04,189,0.100001,0.799999,0.900006,787.888,-6.07723e-05,6.07716e-05,1.00003
0.04,190,0.100001,0.900007,-6.80015e-06,622.85,2.15345e-05,-5.20539e-06,1.00005
0.04,191,0.100001,0.900006,0.100001,787.888,2.95609e-05,-5.15396e-05,0.999979
0.04,192,0.0999998,0.900008,0.2,790.046,2.94168e-05,-5.26216e-05,0.99986
0.04,193,0.0999995,0.900008,0.3,790.099,9.47497e-06,-1.65361e-05,0.999791
0.04,194,0.0999994,0.900009,0.4,790.12,1.76649e-06,-3.1971e-06,0.999774
0.04,195,0.0999994,0.900009,0.5,790.12,-1.76649e-06,3.1971e-06,0.999774
0.04,196,0.0999995,0.900008,0.6,790.099,-9.47497e-06,1.65361e-05,0.999791
0.04,197,0.0999998,0.900008,0.7,790.046,-2.94168e-05,5.26216e-05,0.99986
0.04,198,0.100001,0.900006,0.799999,787.888,-2.95609e-05,5.15396e-05,0.999979
0.04,199,0.100001,0.900007,0.900007,622.85,-2.15345e-05,5.20539e-06,1.00005
0.04,200,0.2,-6.76812e-06,-6.768e-06,624.84,9.93601e-06,3.38598e-05,1
0.04,201,0.2,-7.88491e-06,0.0999998,790.046,2.88541e-05,0.000129402,0.99987
0.04,202,0.199999,-1.52717e-05,0.199999,792.24,2.83286e-05,0.000128162,0.99967
0.04,203,0.199999,-1.69543e-05,0.3,792.343,9.51117e-06,4.05437e-05,0.99954
0.04,204,0.199999,-1.77717e-05,0.4,792.387,1.98329e-06,8.01977e-06,0.999507
0.04,205,0.199999,-1.77717e-05,0.5,792.387,-1.98329e-06,-8.01977e-06,0.999507
0.04,206,0.199999,-1.69543e-05,0.6,792.343,-9.51117e-06,-4.05437e-05,0.99954
0.04,207,0.199999,-1.52717e-05,0.700001,792.24,-2.83286e-05,-0.000128162,0.99967
0.04,208,0.2,-7.88491e-06,0.8,790.046,-2.88541e-05,-0.000129402,0.99987
0.04,209,0.2,-6.76812e-06,0.900007,624.84,-9.93601e-06,-3.38598e-05,1
0.04,210,0.2,0.0999998,-7.88509e-06,790.046,4.68046e-05,0.000129561,1.00001
0.04,211,0.199993,0.0999734,0.0999734,996.59,0.00012709,0.000313035,0.999962
0.04,212,0.199975,0.0999036,0.199975,998.621,0.000126278,0.000310689,0.99988
0.04,213,0.199969,0.0998807,0.299999,998.68,4.30879e-05,0.000104181,0.999824
0.04,214,0.199967,0.0998763,0.399998,998.805,8.77189e-06,1.94149e-05,0.999803
0.04,215,0.199967,0.0998763,0.500002,998.805,-8.77189e-06,-1.94149e-05,0.999803
0.04,216,0.199969,0.0998807,0.600001,998.68,-4.30879e-05,-0.000104181,0.999824
0.04,217,0.199975,0.0999036,0.700025,998.621,-0.000126278,-0.000310689,0.99988
0.04,218,0.199993,0.0999734,0.800027,996.59,-0.00012709,-0.000313035,0.999962
0.04,219,0.2,0.0999998,0.900008,790.046,-4.68046e-05,-0.000129561,1.00001
0.04,220,0.199999,0.199999,-1.52725e-05,792.24,0.000114065,0.000114063,1.00006
0.04,221,0.199975,0.199975,0.0999036,998.621,0.000305426,0.000305425,1.00027
0.04,222,0.199907,0.199907,0.199907,999.872,0.000307864,0.000307863,1.00063
0.04,223,0.199884,0.199884,0.299993,999.673,0.000108945,0.000108945,1.00082
0.04,224,0.199878,0.199878,0.399992,999.878,2.33376e-05,2.3338e-05,1.00086
0.04,225,0.199878,0.199878,0.500008,999.878,-2.33376e-05,-2.3338e-05,1.00086
0.04,226,0.199884,0.199884,0.600007,999.673,-0.000108945,-0.000108945,1.00082
0.04,227,0.199907,0.199907,0.700093,999.872,-0.000307864,-0.000307863,1.00063
0.04,228,0.199975,0.199975,0.800096,998.621,-0.000305426,-0.000305425,1.00027
0.04,229,0.199999,0.199999,0.900015,792.24,-0.000114065,-0.000114063,1.00006
0.04,230,0.199999,0.3,-1.69553e-05,792.343,0.000152827,3.33474e-05,1.00007
0.04,231,0.199969,0.299999,0.0998807,998.68,0.000410438,0.000102411,1.00031
0.04,232,0.199884,0.299993,0.199884,999.673,0.000417208,0.000108309,1.00073
0.04,233,0.199854,0.299991,0.299991,999.434,0.000153758,4.82683e-05,1.00096
0.04,234,0.199846,0.299987,0.399988,999.695,3.58732e-05,1.65603e-05,1.00101
0.04,235,0.199846,0.299987,0.500012,999.695,-3.58732e-05,-1.65603e-05,1.00101
0.04,236,0.199854,0.299991,0.600009,999.434,-0.000153758,-4.82683e-05,1.00096
0.04,237,0.199884,0.299993,0.700116,999.673,-0.000417208,-0.000108309,1.00073
0.04,238,0.199969,0.299999,0.800119,998.68,-0.000410438,-0.000102411,1.00031
0.04,239,0.199999,0.3,0.900017,792.343,-0.000152827,-3.33474e-05,1.00007
0.04,240,0.199999,0.4,-1.77727e-05,792.387,0.00016332,6.35205e-06,1.00005
0.04,241,0.199967,0.399998,0.0998763,998.805,0.000440874,1.85415e-05,1.00021
0.04,242,0.199878,0.399992,0.199878,999.878,0.000452069,2.34865e-05,1.0005
0.04,243,0.199846,0.399988,0.299987,999.695,0.000174262,1.67134e-05,1.00067
0.04,244,0.199835,0.399986,0.399986,999.957,4.40402e-05,7.65743e-06,1.00072
0.04,245,0.199835,0.399986,0.500014,999.957,-4.40402e-05,-7.65743e-06,1.00072
0.04,246,0.199846,0.399988,0.600013,999.695,-0.000174262,-1.67134e-05,1.00067
0.04,247,0.199878,0.399992,0.700122,999.878,-0.000452069,-2.34865e-05,1.0005
0.04,248,0.199967,0.399998,0.800124,998.805,-0.000440874,-1.85415e-05,1.00021
0.04,249,0.199999,0.4,0.900018,792.387,-0.00016332,-6.35205e-06,1.00005
0.04,250,0.199999,0.5,-1.77727e-05,792.387,0.00016332,-6.35205e-06,1.00005
0.04,251,0.199967,0.500002,0.0998763,998.805,0.000440874,-1.85415e-05,1.00021
0.04,252,0.199878,0.500008,0.199878,999.878,0.000452069,-2.34865e-05,1.0005
0.04,253,0.199846,0.500012,0.299987,999.695,0.000174262,-1.67134e-05,1.00067
0.04,254,0.199835,0.500014,0.399986,999.957,4.40402e-05,-7.65743e-06,1.00072
0.04,255,0.199835,0.500014,0.500014,999.957,-4.40402e-05,7.65743e-06,1.00072
0.04,256,0.199846,0.500012,0.600013,999.695,-0.000174262,1.67134e-05,1.00067
0.04,257,0.199878,0.500008,0.700122,999.878,-0.000452069,2.34865e-05,1.0005
0.04,258,0.199967,0.500002,0.800124,998.805,-0.000440874,1.85415e-05,1.00021
0.04,259,0.199999,0.5,0.900018,792.387,-0.00016332,6.35205e-06,1.00005
0.04,260,0.199999,0.6,-1.69553e-05,792.343,0.000152827,-3.33474e-05,1.00007
0.04,261,0.199969,0.600001,0.0998807,998.68,0.000410438,-0.000102411,1.00031
0.04,262,0.199884,0.600007,0.199884,999.673,0.000417208,-0.000108309,1.00073
0.04,263,0.199854,0.600009,0.299991,999.434,0.000153758,-4.82683e-05,1.00096
0.04,264,0.199846,0.600013,0.399988,999.695,3.58732e-05,-1.65603e-05,1.00101
0.04,265,0.199846,0.600013,0.500012,999.695,-3.58732e-05,1.65603e-05,1.00101
0.04,266,0.199854,0.600009,0.600009,999.434,-0.000153758,4.82683e-05,1.00096
0.04,267,0.199884,0.600007,0.700116,999.673,-0.000417208,0.000108309,1.00073
0.04,268,0.199969,0.600001,0.800119,998.68,-0.000410438,0.000102411,1.00031
0.04,269,0.199999,0.6,0.900017,792.343,-0.000152827,3.33474e-05,1.00007
0.04,270,0.199999,0.700001,-1.52725e-05,792.24,0.000114065,-0.000114063,1.00006
0.04,271,0.199975,0.700025,0.0999036,998.621,0.000305426,-0.000305425,1.00027
0.04,272,0.199907,0.700093,0.199907,999.872,0.000307864,-0.000307863,1.00063
0.04,273,0.199884,0.700116,0.299993,999.673,0.000108945,-0.000108945,1.00082
0.04,274,0.199878,0.700122,0.399992,999.878,2.33376e-05,-2.3338e-05,1.00086
0.04,275,0.199878,0.700122,0.500008,999.878,-2.33376e-05,2.3338e-05,1.00086
0.04,276,0.199884,0.700116,0.600007,999.673,-0.000108945,0.000108945,1.00082
0.04,277,0.199907,0.700093,0.700093,999.872,-0.000307864,0.000307863,1.00063
0.04,278,0.199975,0.700025,0.800096,998.621,-0.000305426,0.000305425,1.00027
0.04,279,0.199999,0.700001,0.900015,792.24,-0.000114065,0.000114063,1.00006
0.04,280,0.2,0.8,-7.88509e-06,790.046,4.68046e-05,-0.000129561,1.00001
0.04,281,0.199993,0.800027,0.0999734,996.59,0.00012709,-0.000313035,0.999962
0.04,282,0.199975,0.800096,0.199975,998.621,0.000126278,-0.000310689,0.99988
0.04,283,0.199969,0.800119,0.299999,998.68,4.30879e-05,-0.000104181,0.999824
0.04,284,0.199967,0.800124,0.399998,998.805,8.77189e-06,-1.94149e-05,0.999803
0.04,285,0.199967,0.800124,0.500002,998.805,-8.77189e-06,1.94149e-05,0.999803
0.04,286,0.199969,0.800119,0.600001,998.68,-4.30879e-05,0.000104181,0.999824
0.04,287,0.199975,0.800096,0.700025,998.621,-0.000126278,0.000310689,0.99988
0.04,288,0.199993,0.800027,0.800027,996.59,-0.00012709,0.000313035,0.999962
0.04,289,0.2,0.8,0.900008,790.046,-4.68046e-05,0.000129561,1.00001
0.04,290,0.2,0.900007,-6.768e-06,624.84,9.93601e-06,-3.38598e-05,1
0.04,291,0.2,0.900008,0.0999998,790.046,2.88541e-05,-0.000129402,0.99987
0.04,292,0.199999,0.900015,0.199999,792.24,2.83286e-05,-0.000128162,0.99967
0.04,293,0.199999,0.900017,0.3,792.343,9.51117e-06,-4.05437e-05,0.99954
0.04,294,0.199999,0.900018,0.4,792.387,1.98329e-06,-8.01977e-06,0.999507
0.04,295,0.199999,0.900018,0.5,792.387,-1.98329e-06,8.01977e-06,0.999507
0.04,296,0.199999,0.900017,0.6,792.343,-9.51117e-06,4.05437e-05,0.99954
0.04,297,0.199999,0.900015,0.700001,792.24,-2.83286e-05,0.000128162,0.99967
0.04,298,0.2,0.900008,0.8,790.046,-2.88541e-05,0.000129402,0.99987
0.04,299,0.2,0.900007,0.900007,624.84,-9.93601e-06,3.38598e-05,1
0.04,300,0.3,-6.90362e-06,-6.90346e-06,624.856,3.14606e-06,4.91325e-05,0.999989
0.04,301,0.3,-8.40564e-06,0.0999995,790.099,8.95255e-06,0.000172668,0.999812
0.04,302,0.3,-1.69543e-05,0.199999,792.343,9.29197e-06,0.000170868,0.99953
0.04,303,0.299999,-1.8983e-05,0.299999,792.486,4.10821e-06,5.57326e-05,0.999349
0.04,304,0.299999,-2.00922e-05,0.4,792.548,1.37712e-06,1.20198e-05,0.999301
0.04,305,0.299999,-2.00922e-05,0.5,792.548,-1.37712e-06,-1.20198e-05,0.999301
0.04,306,0.299999,-1.8983e-05,0.600001,792.486,-4.10821e-06,-5.57326e-05,0.999349
0.04,307,0.3,-1.69543e-05,0.700001,792.343,-9.29197e-06,-0.000170868,0.99953
0.04,308,0.3,-8.40564e-06,0.8,790.099,-8.95255e-06,-0.000172668,0.999812
0.04,309,0.3,-6.90362e-06,0.900007,624.856,-3.14606e-06,-4.91325e-05,0.999989
0.04,310,0.3,0.0999995,-8.40589e-06,790.099,1.32092e-05,0.000169225,1
0.04,311,0.3,0.099967,0.099967,996.673,4.06444e-05,0.00041763,0.99992
0.04,312,0.299999,0.0998807,0.199969,998.68,4.24378e-05,0.000416389,0.999778
0.04,313,0.299999,0.0998518,0.299999,998.778,1.83458e-05,0.000144213,0.999683
0.04,314,0.299998,0.0998452,0.399997,998.944,6.19385e-06,2.9405e-05,0.999651
0.04,315,0.299998,0.0998452,0.500003,998.944,-6.19385e-06,-2.9405e-05,0.999651
0.04,316,0.299999,0.0998518,0.600001,998.778,-1.83458e-05,-0.000144213,0.999683
0.04,317,0.299999,0.0998807,0.700031,998.68,-4.24378e-05,-0.000416389,0.999778
0.04,318,0.3,0.099967,0.800033,996.673,-4.06444e-05,-0.00041763,0.99992
0.04,319,0.3,0.0999995,0.900008,790.099,-1.32092e-05,-0.000169225,1
0.04,320,0.3,0.199999,-1.69553e-05,792.343,3.33479e-05,0.000152825,1.00007
0.04,321,0.299999,0.199969,0.0998807,998.68,0.000102412,0.000410436,1.00031
0.04,322,0.299993,0.199884,0.199884,999.673,0.00010831,0.000417206,1.00073
0.04,323,0.299991,0.199854,0.299991,999.434,4.82683e-05,0.000153758,1.00096
0.04,324,0.299987,0.199846,0.399988,999.695,1.65601e-05,3.58737e-05,1.00101
0.04,325,0.299987,0.199846,0.500012,999.695,-1.65601e-05,-3.58737e-05,1.00101
0.04,326,0.299991,0.199854,0.600009,999.434,-4.82683e-05,-0.000153758,1.00096
0.04,327,0.299993,0.199884,0.700116,999.673,-0.00010831,-0.000417206,1.00073
0.04,328,0.299999,0.199969,0.800119,998.68,-0.000102412,-0.000410436,1.00031
0.04,329,0.3,0.199999,0.900017,792.343,-3.33479e-05,-0.000152825,1.00007
0.04,330,0.299999,0.299999,-1.89844e-05,792.486,4.59397e-05,4.5939e-05,1.00008
0.04,331,0.299999,0.299999,0.0998518,998.778,0.000142179,0.000142177,1.00034
0.04,332,0.299991,0.299991,0.199854,999.434,0.000152977,0.000152976,1.00083
0.04,333,0.299986,0.299986,0.299986,999.143,7.18489e-05,7.18489e-05,1.00111
0.04,334,0.299981,0.299981,0.399983,999.467,2.55393e-05,2.55396e-05,1.00118
0.04,335,0.299981,0.299981,0.500017,999.467,-2.55393e-05,-2.55396e-05,1.00118
0.04,336,0.299986,0.299986,0.600014,999.143,-7.18489e-05,-7.18489e-05,1.00111
0.04,337,0.299991,0.299991,0.700146,999.434,-0.000152977,-0.000152976,1.00083
0.04,338,0.299999,0.299999,0.800148,998.778,-0.000142179,-0.000142177,1.00034
0.04,339,0.299999,0.299999,0.900019,792.486,-4.59397e-05,-4.5939e-05,1.00008
0.04,340,0.299999,0.4,-2.00935e-05,792.548,5.14143e-05,9.77694e-06,1.00005
0.04,341,0.299998,0.399997,0.0998452,998.944,0.000158749,2.83779e-05,1.00022
0.04,342,0.299987,0.399988,0.199846,999.695,0.000173438,3.62615e-05,1.00055
0.04,343,0.299981,0.399983,0.299981,999.467,8.49539e-05,2.58248e-05,1.00075
0.04,344,0.299974,0.399979,0.399979,999.786,3.07575e-05,1.16062e-05,1.00083
0.04,345,0.299974,0.399979,0.500021,999.786,-3.07575e-05,-1.16062e-05,1.00083
0.04,346,0.299981,0.399983,0.600019,999.467,-8.49539e-05,-2.58248e-05,1.00075
0.04,347,0.299987,0.399988,0.700154,999.695,-0.000173438,-3.62615e-05,1.00055
0.04,348,0.299998,0.399997,0.800155,998.944,-0.000158749,-2.83779e-05,1.00022
0.04,349,0.299999,0.4,0.90002,792.548,-5.14143e-05,-9.77694e-06,1.00005
0.04,350,0.299999,0.5,-2.00935e-05,792.548,5.14143e-05,-9.77694e-06,1.00005
0.04,351,0.299998,0.500003,0.0998452,998.944,0.000158749,-2.83779e-05,1.00022
0.04,352,0.299987,0.500012,0.199846,999.695,0.000173438,-3.62615e-05,1.00055
0.04,353,0.299981,0.500017,0.299981,999.467,8.49539e-05,-2.58248e-05,1.00075
0.04,354,0.299974,0.500021,0.399979,999.786,3.07575e-05,-1.16062e-05,1.00083
0.04,355,0.299974,0.500021,0.500021,999.786,-3.07575e-05,1.16062e-05,1.00083
0.04,356,0.299981,0.500017,0.600019,999.467,-8.49539e-05,2.58248e-05,1.00075
0.04,357,0.299987,0.500012,0.700154,999.695,-0.000173438,3.62615e-05,1.00055
0.04,358,0.299998,0.500003,0.800155,998.944,-0.000158749,2.83779e-05,1.00022
0.04,359,0.299999,0.5,0.90002,792.548,-5.14143e-05,9.77694e-06,1.00005
0.04,360,0.299999,0.600001,-1.89844e-05,792.486,4.59397e-05,-4.5939e-05,1.00008
0.04,361,0.299999,0.600001,0.0998518,998.778,0.000142179,-0.000142177,1.00034
0.04,362,0.299991,0.600009,0.199854,999.434,0.000152977,-0.000152976,1.00083
0.04,363,0.299986,0.600014,0.299986,999.143,7.18489e-05,-7.18489e-05,1.00111
0.04,364,0.299981,0.600019,0.399983,999.467,2.55393e-05,-2.55396e-05,1.00118
0.04,365,0.299981,0.600019,0.500017,999.467,-2.55393e-05,2.55396e-05,1.00118
0.04,366,0.299986,0.600014,0.600014,999.143,-7.18489e-05,7.18489e-05,1.00111
0.04,367,0.299991,0.600009,0.700146,999.434,-0.000152977,0.000152976,1.00083
0.04,368,0.299999,0.600001,0.800148,998.778,-0.000142179,0.000142177,1.00034
0.04,369,0.299999,0.600001,0.900019,792.486,-4.59397e-05,4.5939e-05,1.00008
0.04,370,0.3,0.700001,-1.69553e-05,792.343,3.33479e-05,-0.000152825,1.00007
0.04,371,0.299999,0.700031,0.0998807,998.68,0.000102412,-0.000410436,1.00031
0.04,372,0.299993,0.700116,0.199884,999.673,0.00010831,-0.000417206,1.00073
0.04,373,0.299991,0.700146,0.299991,999.434,4.82683e-05,-0.000153758,1.00096
0.04,374,0.299987,0.700154,0.399988,999.695,1.65601e-05,-3.58737e-05,1.00101
0.04,375,0.299987,0.700154,0.500012,999.695,-1.65601e-05,3.58737e-05,1.00101
0.04,376,0.299991,0.700146,0.600009,999.434,-4.82683e-05,0.000153758,1.00096
0.04,377,0.299993,0.700116,0.700116,999.673,-0.00010831,0.000417206,1.00073
0.04,378,0.299999,0.700031,0.800119,998.68,-0.000102412,0.000410436,1.00031
0.04,379,0.3,0.700001,0.900017,792.343,-3.33479e-05,0.000152825,1.00007
0.04,380,0.3,0.8,-8.40589e-06,790.099,1.32092e-05,-0.000169225,1
0.04,381,0.3,0.800033,0.099967,996.673,4.06444e-05,-0.00041763,0.99992
0.04,382,0.299999,0.800119,0.199969,998.68,4.24378e-05,-0.000416389,0.999778
0.04,383,0.299999,0.800148,0.299999,998.778,1.83458e-05,-0.000144213,0.999683
0.04,384,0.299998,0.800155,0.399997,998.944,6.19385e-06,-2.9405e-05,0.999651
0.04,385,0.299998,0.800155,0.500003,998.944,-6.19385e-06,2.9405e-05,0.999651
0.04,386,0.299999,0.800148,0.600001,998.778,-1.83458e-05,0.000144213,0.999683
0.04,387,0.299999,0.800119,0.700031,998.68,-4.24378e-05,0.000416389,0.999778
0.04,388,0.3,0.800033,0.800033,996.673,-4.06444e-05,0.00041763,0.99992
0.04,389,0.3,0.8,0.900008,790.099,-1.32092e-05,0.000169225,1
0.04,390,0.3,0.900007,-6.90346e-06,624.856,3.14606e-06,-4.91325e-05,0.999989
0.04,391,0.3,0.900008,0.0999995,790.099,8.95255e-06,-0.000172668,0.999812
0.04,392,0.3,0.900017,0.199999,792.343,9.29197e-06,-0.000170868,0.99953
0.04,393,0.299999,0.900019,0.299999,792.486,4.10821e-06,-5.57326e-05,0.999349
0.04,394,0.299999,0.90002,0.4,792.548,1.37712e-06,-1.20198e-05,0.999301
0.04,395,0.299999,0.90002,0.5,792.548,-1.37712e-06,1.20198e-05,0.999301
0.04,396,0.299999,0.900019,0.600001,792.486,-4.10821e-06,5.57326e-05,0.999349
0.04,397,0.3,0.900017,0.700001,792.343,-9.29197e-06,0.000170868,0.99953
0.04,398,0.3,0.900008,0.8,790.099,-8.95255e-06,0.000172668,0.999812
0.04,399,0.3,0.900007,0.900007,624.856,-3.14606e-06,4.91325e-05,0.999989
0.04,400,0.4,-6.94358e-06,-6.94342e-06,624.861,6.34015e-07,5.33053e-05,0.999984
0.04,401,0.4,-8.64743e-06,0.0999994,790.12,1.55613e-06,0.000184032,0.999788
0.04,402,0.4,-1.77716e-05,0.199999,792.387,1.89445e-06,0.000183119,0.999472
0.04,403,0.4,-2.0092e-05,0.299999,792.548,1.38321e-06,6.23156e-05,0.99927
0.04,404,0.4,-2.14193e-05,0.4,792.615,6.17377e-07,1.46273e-05,0.999214
0.04,405,0.4,-2.14193e-05,0.5,792.615,-6.17377e-07,-1.46273e-05,0.999214
0.04,406,0.4,-2.0092e-05,0.600001,792.548,-1.38321e-06,-6.23156e-05,0.99927
0.04,407,0.4,-1.77716e-05,0.700001,792.387,-1.89445e-06,-0.000183119,0.999472
0.04,408,0.4,-8.64743e-06,0.800001,790.12,-1.55613e-06,-0.000184032,0.999788
0.04,409,0.4,-6.94358e-06,0.900007,624.861,-6.34015e-07,-5.33053e-05,0.999984
0.04,410,0.4,0.0999994,-8.64768e-06,790.12,2.45699e-06,0.00017924,0.99999
0.04,411,0.399999,0.0999658,0.0999658,996.74,6.88769e-06,0.000445441,0.999864
0.04,412,0.399998,0.0998763,0.199967,998.805,8.6491e-06,0.000447003,0.999646
0.04,413,0.399997,0.0998452,0.299998,998.944,6.25201e-06,0.000161148,0.999508
0.04,414,0.399996,0.0998365,0.399996,999.12,2.88859e-06,3.59723e-05,0.999467
0.04,415,0.399996,0.0998365,0.500004,999.12,-2.88859e-06,-3.59723e-05,0.999467
0.04,416,0.399997,0.0998452,0.600002,998.944,-6.25201e-06,-0.000161148,0.999508
0.04,417,0.399998,0.0998763,0.700033,998.805,-8.6491e-06,-0.000447003,0.999646
0.04,418,0.399999,0.0999658,0.800034,996.74,-6.88769e-06,-0.000445441,0.999864
0.04,419,0.4,0.0999994,0.900009,790.12,-2.45699e-06,-0.00017924,0.99999
0.04,420,0.4,0.199999,-1.77727e-05,792.387,6.35211e-06,0.000163318,1.00005
0.04,421,0.399998,0.199967,0.0998763,998.805,1.85418e-05,0.000440872,1.00021
0.04,422,0.399992,0.199878,0.199878,999.878,2.34867e-05,0.000452067,1.0005
0.04,423,0.399988,0.199846,0.299987,999.695,1.67134e-05,0.000174262,1.00067
0.04,424,0.399986,0.199835,0.399986,999.957,7.65738e-06,4.40408e-05,1.00072
0.04,425,0.399986,0.199835,0.500014,999.957,-7.65738e-06,-4.40408e-05,1.00072
0.04,426,0.399988,0.199846,0.600013,999.695,-1.67134e-05,-0.000174262,1.00067
0.04,427,0.399992,0.199878,0.700122,999.878,-2.34867e-05,-0.000452067,1.0005
0.04,428,0.399998,0.199967,0.800124,998.805,-1.85418e-05,-0.000440872,1.00021
0.04,429,0.4,0.199999,0.900018,792.387,-6.35211e-06,-0.000163318,1.00005
0.04,430,0.4,0.299999,-2.00935e-05,792.548,9.77703e-06,5.14135e-05,1.00005
0.04,431,0.399997,0.299998,0.0998452,998.944,2.83782e-05,0.000158748,1.00022
0.04,432,0.399988,0.299987,0.199846,999.695,3.62618e-05,0.000173437,1.00055
0.04,433,0.399983,0.299981,0.299981,999.467,2.58248e-05,8.4954e-05,1.00075
0.04,434,0.399979,0.299974,0.399979,999.786,1.16061e-05,3.07578e-05,1.00083
0.04,435,0.399979,0.299974,0.500021,999.786,-1.16061e-05,-3.07578e-05,1.00083
0.04,436,0.399983,0.299981,0.600019,999.467,-2.58248e-05,-8.4954e-05,1.00075
0.04,437,0.399988,0.299987,0.700154,999.695,-3.62618e-05,-0.000173437,1.00055
0.04,438,0.399997,0.299998,0.800155,998.944,-2.83782e-05,-0.000158748,1.00022
0.04,439,0.4,0.299999,0.90002,792.548,-9.77703e-06,-5.14135e-05,1.00005
0.04,440,0.4,0.4,-2.14207e-05,792.615,1.20464e-05,1.20463e-05,1.00002
0.04,441,0.399996,0.399996,0.0998365,999.12,3.47804e-05,3.478e-05,1.00009
0.04,442,0.399986,0.399986,0.199835,999.957,4.45028e-05,4.45025e-05,1.00026
0.04,443,0.399979,0.399979,0.299974,999.786,3.10708e-05,3.10708e-05,1.00039
0.04,444,0.399974,0.399974,0.399974,1000.1,1.3466e-05,1.34661e-05,1.00047
0.04,445,0.399974,0.399974,0.500026,1000.1,-1.3466e-05,-1.34661e-05,1.00047
0.04,446,0.399979,0.399979,0.600026,999.786,-3.10708e-05,-3.10708e-05,1.00039
0.04,447,0.399986,0.399986,0.700165,999.957,-4.45028e-05,-4.45025e-05,1.00026
0.04,448,0.399996,0.399996,0.800163,999.12,-3.47804e-05,-3.478e-05,1.00009
0.04,449,0.4,0.4,0.900021,792.615,-1.20464e-05,-1.20463e-05,1.00002
0.04,450,0.4,0.5,-2.14207e-05,792.615,1.20464e-05,-1.20463e-05,1.00002
0.04,451,0.399996,0.500004,0.0998365,999.12,3.47804e-05,-3.478e-05,1.00009
0.04,452,0.399986,0.500014,0.199835,999.957,4.45028e-05,-4.45025e-05,1.00026
0.04,453,0.399979,0.500021,0.299974,999.786,3.10708e-05,-3.10708e-05,1.00039
0.04,454,0.399974,0.500026,0.399974,1000.1,1.3466e-05,-1.34661e-05,1.00047
0.04,455,0.399974,0.500026,0.500026,1000.1,-1.3466e-05,1.34661e-05,1.00047
0.04,456,0.399979,0.500021,0.600026,999.786,-3.10708e-05,3.10708e-05,1.00039
0.04,457,0.399986,0.500014,0.700165,999.957,-4.45028e-05,4.45025e-05,1.00026
0.04,458,0.399996,0.500004,0.800163,999.12,-3.47804e-05,3.478e-05,1.00009
0.04,459,0.4,0.5,0.900021,792.615,-1.20464e-05,1.20463e-05,1.00002
0.04,460,0.4,0.600001,-2.00935e-05,792.548,9.77703e-06,-5.14135e-05,1.00005
0.04,461,0.399997,0.600002,0.0998452,998.944,2.83782e-05,-0.000158748,1.00022
0.04,462,0.399988,0.600013,0.199846,999.695,3.62618e-05,-0.000173437,1.00055
0.04,463,0.399983,0.600019,0.299981,999.467,2.58248e-05,-8.4954e-05,1.00075
0.04,464,0.399979,0.600026,0.399979,999.786,1.16061e-05,-3.07578e-05,1.00083
0.04,465,0.399979,0.600026,0.500021,999.786,-1.16061e-05,3.07578e-05,1.00083
0.04,466,0.399983,0.600019,0.600019,999.467,-2.58248e-05,8.4954e-05,1.00075
0.04,467,0.399988,0.600013,0.700154,999.695,-3.62618e-05,0.000173437,1.00055
0.04,468,0.399997,0.600002,0.800155,998.944,-2.83782e-05,0.000158748,1.00022
0.04,469,0.4,0.600001,0.90002,792.548,-9.77703e-06,5.14135e-05,1.00005
0.04,470,0.4,0.700001,-1.77727e-05,792.387,6.35211e-06,-0.000163318,1.00005
0.04,471,0.399998,0.700033,0.0998763,998.805,1.85418e-05,-0.000440872,1.00021
0.04,472,0.399992,0.700122,0.199878,999.878,2.34867e-05,-0.000452067,1.0005
0.04,473,0.399988,0.700154,0.299987,999.695,1.67134e-05,-0.000174262,1.00067
0.04,474,0.399986,0.700165,0.399986,999.957,7.65738e-06,-4.40408e-05,1.00072
0.04,475,0.399986,0.700165,0.500014,999.957,-7.65738e-06,4.40408e-05,1.00072
0.04,476,0.399988,0.700154,0.600013,999.695,-1.67134e-05,0.000174262,1.00067
0.04,477,0.399992,0.700122,0.700122,999.878,-2.34867e-05,0.000452067,1.0005
0.04,478,0.399998,0.700033,0.800124,998.805,-1.85418e-05,0.000440872,1.00021
0.04,479,0.4,0.700001,0.900018,792.387,-6.35211e-06,0.000163318,1.00005
0.04,480,0.4,0.800001,-8.64768e-06,790.12,2.45699e-06,-0.00017924,0.99999
0.04,481,0.399999,0.800034,0.0999658,996.74,6.88769e-06,-0.000445441,0.999864
0.04,482,0.399998,0.800124,0.199967,998.805,8.6491e-06,-0.000447003,0.999646
0.04,483,0.399997,0.800155,0.299998,998.944,6.25201e-06,-0.000161148,0.999508
0.04,484,0.399996,0.800163,0.399996,999.12,2.88859e-06,-3.59723e-05,0.999467
0.04,485,0.399996,0.800163,0.500004,999.12,-2.88859e-06,3.59723e-05,0.999467
0.04,486,0.399997,0.800155,0.600002,998.944,-6.25201e-06,0.000161148,0.999508
0.04,487,0.399998,0.800124,0.700033,998.805,-8.6491e-06,0.000447003,0.999646
0.04,488,0.399999,0.800034,0.800034,996.74,-6.88769e-06,0.000445441,0.999864
0.04,489,0.4,0.800001,0.900009,790.12,-2.45699e-06,0.00017924,0.99999
0.04,490,0.4,0.900007,-6.94342e-06,624.861,6.34015e-07,-5.33053e-05,0.999984
0.04,491,0.4,0.900009,0.0999994,790.12,1.55613e-06,-0.000184032,0.999788
0.04,492,0.4,0.900018,0.199999,792.387,1.89445e-06,-0.000183119,0.999472
0.04,493,0.4,0.90002,0.299999,792.548,1.38321e-06,-6.23156e-05,0.99927
0.04,494,0.4,0.900021,0.4,792.615,6.17377e-07,-1.46273e-05,0.999214
0.04,495,0.4,0.900021,0.5,792.615,-6.17377e-07,1.46273e-05,0.999214
0.04,496,0.4,0.90002,0.600001,792.548,-1.38321e-06,6.23156e-05,0.99927
0.04,497,0.4,0.900018,0.700001,792.387,-1.89445e-06,0.000183119,0.999472
0.04,498,0.4,0.900009,0.800001,790.12,-1.55613e-06,0.000184032,0.999788
0.04,499,0.4,0.900007,0.900007,624.861,-6.34015e-07,5.33053e-05,0.999984
0.04,500,0.5,-6.94358e-06,-6.94342e-06,624.861,-6.34015e-07,5.33053e-05,0.999984
0.04,501,0.5,-8.64743e-06,0.0999994,790.12,-1.55613e-06,0.000184032,0.999788
0.04,502,0.5,-1.77716e-05,0.199999,792.387,-1.89445e-06,0.000183119,0.999472
0.04,503,0.5,-2.0092e-05,0.299999,792.548,-1.38321e-06,6.23156e-05,0.99927
0.04,504,0.5,-2.14193e-05,0.4,792.615,-6.17377e-07,1.46273e-05,0.999214
0.04,505,0.5,-2.14193e-05,0.5,792.615,6.17377e-07,-1.46273e-05,0.999214
0.04,506,0.5,-2.0092e-05,0.600001,792.548,1.38321e-06,-6.23156e-05,0.99927
0.04,507,0.5,-1.77716e-05,0.700001,792.387,1.89445e-06,-0.000183119,0.999472
0.04,508,0.5,-8.64743e-06,0.800001,790.12,1.55613e-06,-0.000184032,0.999788
0.04,509,0.5,-6.94358e-06,0.900007,624.861,6.34015e-07,-5.33053e-05,0.999984
0.04,510,0.5,0.0999994,-8.64768e-06,790.12,-2.45699e-06,0.00017924,0.99999
0.04,511,0.500001,0.0999658,0.0999658,996.74,-6.88769e-06,0.000445441,0.999864
0.04,512,0.500002,0.0998763,0.199967,998.805,-8.6491e-06,0.000447003,0.999646
0.04,513,0.500003,0.0998452,0.299998,998.944,-6.25201e-06,0.000161148,0.999508
0.04,514,0.500004,0.0998365,0.399996,999.12,-2.88859e-06,3.59723e-05,0.999467
0.04,515,0.500004,0.0998365,0.500004,999.12,2.88859e-06,-3.59723e-05,0.999467
0.04,516,0.500003,0.0998452,0.600002,998.944,6.25201e-06,-0.000161148,0.999508
0.04,517,0.500002,0.0998763,0.700033,998.805,8.6491e-06,-0.000447003,0.999646
0.04,518,0.500001,0.0999658,0.800034,996.74,6.88769e-06,-0.000445441,0.999864
0.04,519,0.5,0.0999994,0.900009,790.12,2.45699e-06,-0.00017924,0.99999
0.04,520,0.5,0.199999,-1.77727e-05,792.387,-6.35211e-06,0.000163318,1.00005
0.04,521,0.500002,0.199967,0.0998763,998.805,-1.85418e-05,0.000440872,1.00021
0.04,522,0.500008,0.199878,0.199878,999.878,-2.34867e-05,0.000452067,1.0005
0.04,523,0.500012,0.199846,0.299987,999.695,-1.67134e-05,0.000174262,1.00067
0.04,524,0.500014,0.199835,0.399986,999.957,-7.65738e-06,4.40408e-05,1.00072
0.04,525,0.500014,0.199835,0.500014,999.957,7.65738e-06,-4.40408e-05,1.00072
0.04,526,0.500012,0.199846,0.600013,999.695,1.67134e-05,-0.000174262,1.00067
0.04,527,0.500008,0.199878,0.700122,999.878,2.34867e-05,-0.000452067,1.0005
0.04,528,0.500002,0.199967,0.800124,998.805,1.85418e-05,-0.000440872,1.00021
0.04,529,0.5,0.199999,0.900018,792.387,6.35211e-06,-0.000163318,1.00005
0.04,530,0.5,0.299999,-2.00935e-05,792.548,-9.77703e-06,5.14135e-05,1.00005
0.04,531,0.500003,0.299998,0.0998452,998.944,-2.83782e-05,0.000158748,1.00022
0.04,532,0.500012,0.299987,0.199846,999.695,-3.62618e-05,0.000173437,1.00055
0.04,533,0.500017,0.299981,0.299981,999.467,-2.58248e-05,8.4954e-05,1.00075
0.04,534,0.500021,0.299974,0.399979,999.786,-1.16061e-05,3.07578e-05,1.00083
0.04,535,0.500021,0.299974,0.500021,999.786,1.16061e-05,-3.07578e-05,1.00083
0.04,536,0.500017,0.299981,0.600019,999.467,2.58248e-05,-8.4954e-05,1.00075
0.04,537,0.500012,0.299987,0.700154,999.695,3.62618e-05,-0.000173437,1.00055
0.04,538,0.500003,0.299998,0.800155,998.944,2.83782e-05,-0.000158748,1.00022
0.04,539,0.5,0.299999,0.90002,792.548,9.77703e-06,-5.14135e-05,1.00005
0.04,540,0.5,0.4,-2.14207e-05,792.615,-1.20464e-05,1.20463e-05,1.00002
0.04,541,0.500004,0.399996,0.0998365,999.12,-3.47804e-05,3.478e-05,1.00009
0.04,542,0.500014,0.399986,0.199835,999.957,-4.45028e-05,4.45025e-05,1.00026
0.04,543,0.500021,0.399979,0.299974,999.786,-3.10708e-05,3.10708e-05,1.00039
0.04,544,0.500026,0.399974,0.399974,1000.1,-1.3466e-05,1.34661e-05,1.00047
0.04,545,0.500026,0.399974,0.500026,1000.1,1.3466e-05,-1.34661e-05,1.00047
0.04,546,0.500021,0.399979,0.600026,999.786,3.10708e-05,-3.10708e-05,1.00039
0.04,547,0.500014,0.399986,0.700165,999.957,4.45028e-05,-4.45025e-05,1.00026
0.04,548,0.500004,0.399996,0.800163,999.12,3.47804e-05,-3.478e-05,1.00009
0.04,549,0.5,0.4,0.900021,792.615,1.20464e-05,-1.20463e-05,1.00002
0.04,550,0.5,0.5,-2.14207e-05,792.615,-1.20464e-05,-1.20463e-05,1.00002
0.04,551,0.500004,0.500004,0.0998365,999.12,-3.47804e-05,-3.478e-05,1.00009
0.04,552,0.500014,0.500014,0.199835,999.957,-4.45028e-05,-4.45025e-05,1.00026
0.04,553,0.500021,0.500021,0.299974,999.786,-3.10708e-05,-3.10708e-05,1.00039
0.04,554,0.500026,0.500026,0.399974,1000.1,-1.3466e-05,-1.34661e-05,1.00047
0.04,555,0.500026,0.500026,0.500026,1000.1,1.3466e-05,1.34661e-05,1.00047
0.04,556,0.500021,0.500021,0.600026,999.786,3.10708e-05,3.10708e-05,1.00039
0.04,557,0.500014,0.500014,0.700165,999.957,4.45028e-05,4.45025e-05,1.00026
0.04,558,0.500004,0.500004,0.800163,999.12,3.47804e-05,3.478e-05,1.00009
0.04,559,0.5,0.5,0.900021,792.615,1.20464e-05,1.20463e-05,1.00002
0.04,560,0.5,0.600001,-2.00935e-05,792.548,-9.77703e-06,-5.14135e-05,1.00005
0.04,561,0.500003,0.600002,0.0998452,998.944,-2.83782e-05,-0.000158748,1.00022
0.04,562,0.500012,0.600013,0.199846,999.695,-3.62618e-05,-0.000173437,1.00055
0.04,563,0.500017,0.600019,0.299981,999.467,-2.58248e-05,-8.4954e-05,1.00075
0.04,564,0.500021,0.600026,0.399979,999.786,-1.16061e-05,-3.07578e-05,1.00083
0.04,565,0.500021,0.600026,0.500021,999.786,1.16061e-05,3.07578e-05,1.00083
0.04,566,0.500017,0.600019,0.600019,999.467,2.58248e-05,8.4954e-05,1.00075
0.04,567,0.500012,0.600013,0.700154,999.695,3.62618e-05,0.000173437,1.00055
0.04,568,0.500003,0.600002,0.800155,998.944,2.83782e-05,0.000158748,1.00022
0.04,569,0.5,0.600001,0.90002,792.548,9.77703e-06,5.14135e-05,1.00005
0.04,570,0.5,0.700001,-1.77727e-05,792.387,-6.35211e-06,-0.000163318,1.00005
0.04,571,0.500002,0.700033,0.0998763,998.805,-1.85418e-05,-0.000440872,1.00021
0.04,572,0.500008,0.700122,0.199878,999.878,-2.34867e-05,-0.000452067,1.0005
0.04,573,0.500012,0.700154,0.299987,999.695,-1.67134e-05,-0.000174262,1.00067
0.04,574,0.500014,0.700165,0.399986,999.957,-7.65738e-06,-4.40408e-05,1.00072
0.04,575,0.500014,0.700165,0.500014,999.957,7.65738e-06,4.40408e-05,1.00072
0.04,576,0.500012,0.700154,0.600013,999.695,1.67134e-05,0.000174262,1.00067
0.04,577,0.500008,0.700122,0.700122,999.878,2.34867e-05,0.000452067,1.0005
0.04,578,0.500002,0.700033,0.800124,998.805,1.85418e-05,0.000440872,1.00021
0.04,579,0.5,0.700001,0.900018,792.387,6.35211e-06,0.000163318,1.00005
0.04,580,0.5,0.800001,-8.64768e-06,790.12,-2.45699e-06,-0.00017924,0.99999
0.04,581,0.500001,0.800034,0.0999658,996.74,-6.88769e-06,-0.000445441,0.999864
0.04,582,0.500002,0.800124,0.199967,998.805,-8.6491e-06,-0.000447003,0.999646
0.04,583,0.500003,0.800155,0.299998,998.944,-6.25201e-06,-0.000161148,0.999508
0.04,584,0.500004,0.800163,0.399996,999.12,-2.88859e-06,-3.59723e-05,0.999467
0.04,585,0.500004,0.800163,0.500004,999.12,2.88859e-06,3.59723e-05,0.999467
0.04,586,0.500003,0.800155,0.600002,998.944,6.25201e-06,0.000161148,0.999508
0.04,587,0.500002,0.800124,0.700033,998.805,8.6491e-06,0.000447003,0.999646
0.04,588,0.500001,0.800034,0.800034,996.74,6.88769e-06,0.000445441,0.999864
0.04,589,0.5,0.800001,0.900009,790.12,2.45699e-06,0.00017924,0.99999
0.04,590,0.5,0.900007,-6.94342e-06,624.861,-6.34015e-07,-5.33053e-05,0.999984
0.04,591,0.5,0.900009,0.0999994,790.12,-1.55613e-06,-0.000184032,0.999788
0.04,592,0.5,0.900018,0.199999,792.387,-1.89445e-06,-0.000183119,0.999472
0.04,593,0.5,0.90002,0.299999,792.548,-1.38321e-06,-6.23156e-05,0.99927
0.04,594,0.5,0.900021,0.4,792.615,-6.17377e-07,-1.46273e-05,0.999214
0.04,595,0.5,0.900021,0.5,792.615,6.17377e-07,1.46273e-05,0.999214
0.04,596,0.5,0.90002,0.600001,792.548,1.38321e-06,6.23156e-05,0.99927
0.04,597,0.5,0.900018,0.700001,792.387,1.89445e-06,0.000183119,0.999472
0.04,598,0.5,0.900009,0.800001,790.12,1.55613e-06,0.000184032,0.999788
0.04,599,0.5,0.900007,0.900007,624.861,6.34015e-07,5.33053e-05,0.999984
0.04,600,0.6,-6.90362e-06,-6.90346e-06,624.856,-3.14606e-06,4.91325e-05,0.999989
0.04,601,0.6,-8.40564e-06,0.0999995,790.099,-8.95255e-06,0.000172668,0.999812
0.04,602,0.6,-1.69543e-05,0.199999,792.343,-9.29197e-06,0.000170868,0.99953
0.04,603,0.600001,-1.8983e-05,0.299999,792.486,-4.10821e-06,5.57326e-05,0.999349
0.04,604,0.600001,-2.00922e-05,0.4,792.548,-1.37712e-06,1.20198e-05,0.999301
0.04,605,0.600001,-2.00922e-05,0.5,792.548,1.37712e-06,-1.20198e-05,0.999301
0.04,606,0.600001,-1.8983e-05,0.600001,792.486,4.10821e-06,-5.57326e-05,0.999349
0.04,607,0.6,-1.69543e-05,0.700001,792.343,9.29197e-06,-0.000170868,0.99953
0.04,608,0.6,-8.40564e-06,0.8,790.099,8.95255e-06,-0.000172668,0.999812
0.04,609,0.6,-6.90362e-06,0.900007,624.856,3.14606e-06,-4.91325e-05,0.999989
0.04,610,0.6,0.0999995,-8.40589e-06,790.099,-1.32092e-05,0.000169225,1
0.04,611,0.6,0.099967,0.099967,996.673,-4.06444e-05,0.00041763,0.99992
0.04,612,0.600001,0.0998807,0.199969,998.68,-4.24378e-05,0.000416389,0.999778
0.04,613,0.600001,0.0998518,0.299999,998.778,-1.83458e-05,0.000144213,0.999683
0.04,614,0.600002,0.0998452,0.399997,998.944,-6.19385e-06,2.9405e-05,0.999651
0.04,615,0.600002,0.0998452,0.500003,998.944,6.19385e-06,-2.9405e-05,0.999651
0.04,616,0.600001,0.0998518,0.600001,998.778,1.83458e-05,-0.000144213,0.999683
0.04,617,0.600001,0.0998807,0.700031,998.68,4.24378e-05,-0.000416389,0.999778
0.04,618,0.6,0.099967,0.800033,996.673,4.06444e-05,-0.00041763,0.99992
0.04,619,0.6,0.0999995,0.900008,790.099,1.32092e-05,-0.000169225,1
0.04,620,0.6,0.199999,-1.69553e-05,792.343,-3.33479e-05,0.000152825,1.00007
0.04,621,0.600001,0.199969,0.0998807,998.68,-0.000102412,0.000410436,1.00031
0.04,622,0.600007,0.199884,0.199884,999.673,-0.00010831,0.000417206,1.00073
0.04,623,0.600009,0.199854,0.299991,999.434,-4.82683e-05,0.000153758,1.00096
0.04,624,0.600013,0.199846,0.399988,999.695,-1.65601e-05,3.58737e-05,1.00101
0.04,625,0.600013,0.199846,0.500012,999.695,1.65601e-05,-3.58737e-05,1.00101
0.04,626,0.600009,0.199854,0.600009,999.434,4.82683e-05,-0.000153758,1.00096
0.04,627,0.600007,0.199884,0.700116,999.673,0.00010831,-0.000417206,1.00073
0.04,628,0.600001,0.199969,0.800119,998.68,0.000102412,-0.000410436,1.00031
0.04,629,0.6,0.199999,0.900017,792.343,3.33479e-05,-0.000152825,1.00007
0.04,630,0.600001,0.299999,-1.89844e-05,792.486,-4.59397e-05,4.5939e-05,1.00008
0.04,631,0.600001,0.299999,0.0998518,998.778,-0.000142179,0.000142177,1.00034
0.04,632,0.600009,0.299991,0.199854,999.434,-0.000152977,0.000152976,1.00083
0.04,633,0.600014,0.299986,0.299986,999.143,-7.18489e-05,7.18489e-05,1.00111
0.04,634,0.600019,0.299981,0.399983,999.467,-2.55393e-05,2.55396e-05,1.00118
0.04,635,0.600019,0.299981,0.500017,999.467,2.55393e-05,-2.55396e-05,1.00118
0.04,636,0.600014,0.299986,0.600014,999.143,7.18489e-05,-7.18489e-05,1.00111
0.04,637,0.600009,0.299991,0.700146,999.434,0.000152977,-0.000152976,1.00083
0.04,638,0.600001,0.299999,0.800148,998.778,0.000142179,-0.000142177,1.00034
0.04,639,0.600001,0.299999,0.900019,792.486,4.59397e-05,-4.5939e-05,1.00008
0.04,640,0.600001,0.4,-2.00935e-05,792.548,-5.14143e-05,9.77694e-06,1.00005
0.04,641,0.600002,0.399997,0.0998452,998.944,-0.000158749,2.83779e-05,1.00022
0.04,642,0.600013,0.399988,0.199846,999.695,-0.000173438,3.62615e-05,1.00055
0.04,643,0.600019,0.399983,0.299981,999.467,-8.49539e-05,2.58248e-05,1.00075
0.04,644,0.600026,0.399979,0.399979,999.786,-3.07575e-05,1.16062e-05,1.00083
0.04,645,0.600026,0.399979,0.500021,999.786,3.07575e-05,-1.16062e-05,1.00083
0.04,646,0.600019,0.399983,0.600019,999.467,8.49539e-05,-2.58248e-05,1.00075
0.04,647,0.600013,0.399988,0.700154,999.695,0.000173438,-3.62615e-05,1.00055
0.04,648,0.600002,0.399997,0.800155,998.944,0.000158749,-2.83779e-05,1.00022
0.04,649,0.600001,0.4,0.90002,792.548,5.14143e-05,-9.77694e-06,1.00005
0.04,650,0.600001,0.5,-2.00935e-05,792.548,-5.14143e-05,-9.77694e-06,1.00005
0.04,651,0.600002,0.500003,0.0998452,998.944,-0.000158749,-2.83779e-05,1.00022
0.04,652,0.600013,0.500012,0.199846,999.695,-0.000173438,-3.62615e-05,1.00055
0.04,653,0.600019,0.500017,0.299981,999.467,-8.49539e-05,-2.58248e-05,1.00075
0.04,654,0.600026,0.500021,0.399979,999.786,-3.07575e-05,-1.16062e-05,1.00083
0.04,655,0.600026,0.500021,0.500021,999.786,3.07575e-05,1.16062e-05,1.00083
0.04,656,0.600019,0.500017,0.600019,999.467,8.49539e-05,2.58248e-05,1.00075
0.04,657,0.600013,0.500012,0.700154,999.695,0.000173438,3.62615e-05,1.00055
0.04,658,0.600002,0.500003,0.800155,998.944,0.000158749,2.83779e-05,1.00022
0.04,659,0.600001,0.5,0.90002,792.548,5.14143e-05,9.77694e-06,1.00005
0.04,660,0.600001,0.600001,-1.89844e-05,792.486,-4.59397e-05,-4.5939e-05,1.00008
0.04,661,0.600001,0.600001,0.0998518,998.778,-0.000142179,-0.000142177,1.00034
0.04,662,0.600009,0.600009,0.199854,999.434,-0.000152977,-0.000152976,1.00083
0.04,663,0.600014,0.600014,0.299986,999.143,-7.18489e-05,-7.18489e-05,1.00111
0.04,664,0.600019,0.600019,0.399983,999.467,-2.55393e-05,-2.55396e-05,1.00118
0.04,665,0.600019,0.600019,0.500017,999.467,2.55393e-05,2.55396e-05,1.00118
0.04,666,0.600014,0.600014,0.600014,999.143,7.18489e-05,7.18489e-05,1.00111
0.04,667,0.600009,0.600009,0.700146,999.434,0.000152977,0.000152976,1.00083
0.04,668,0.600001,0.600001,0.800148,998.778,0.000142179,0.000142177,1.00034
0.04,669,0.600001,0.600001,0.900019,792.486,4.59397e-05,4.5939e-05,1.00008
0.04,670,0.6,0.700001,-1.69553e-05,792.343,-3.33479e-05,-0.000152825,1.00007
0.04,671,0.600001,0.700031,0.0998807,998.68,-0.000102412,-0.000410436,1.00031
0.04,672,0.600007,0.700116,0.199884,999.673,-0.00010831,-0.000417206,1.00073
0.04,673,0.600009,0.700146,0.299991,999.434,-4.82683e-05,-0.000153758,1.00096
0.04,674,0.600013,0.700154,0.399988,999.695,-1.65601e-05,-3.58737e-05,1.00101
0.04,675,0.600013,0.700154,0.500012,999.695,1.65601e-05,3.58737e-05,1.00101
0.04,676,0.600009,0.700146,0.600009,999.434,4.82683e-05,0.000153758,1.00096
0.04,677,0.600007,0.700116,0.700116,999.673,0.00010831,0.000417206,1.00073
0.04,678,0.600001,0.700031,0.800119,998.68,0.000102412,0.000410436,1.00031
0.04,679,0.6,0.700001,0.900017,792.343,3.33479e-05,0.000152825,1.00007
0.04,680,0.6,0.8,-8.40589e-06,790.099,-1.32092e-05,-0.000169225,1
0.04,681,0.6,0.800033,0.099967,996.673,-4.06444e-05,-0.00041763,0.99992
0.04,682,0.600001,0.800119,0.199969,998.68,-4.24378e-05,-0.000416389,0.999778
0.04,683,0.600001,0.800148,0.299999,998.778,-1.83458e-05,-0.000144213,0.999683
0.04,684,0.600002,0.800155,0.399997,998.944,-6.19385e-06,-2.9405e-05,0.999651
0.04,685,0.600002,0.800155,0.500003,998.944,6.19385e-06,2.9405e-05,0.999651
0.04,686,0.600001,0.800148,0.600001,998.778,1.83458e-05,0.000144213,0.999683
0.04,687,0.600001,0.800119,0.700031,998.68,4.24378e-05,0.000416389,0.999778
0.04,688,0.6,0.800033,0.800033,996.673,4.06444e-05,0.00041763,0.99992
0.04,689,0.6,0.8,0.900008,790.099,1.32092e-05,0.000169225,1
0.04,690,0.6,0.900007,-6.90346e-06,624.856,-3.14606e-06,-4.91325e-05,0.999989
0.04,691,0.6,0.900008,0.0999995,790.099,-8.95255e-06,-0.000172668,0.999812
0.04,692,0.6,0.900017,0.199999,792.343,-9.29197e-06,-0.000170868,0.99953
0.04,693,0.600001,0.900019,0.299999,792.486,-4.10821e-06,-5.57326e-05,0.999349
0.04,694,0.600001,0.90002,0.4,792.548,-1.37712e-06,-1.20198e-05,0.999301
0.04,695,0.600001,0.90002,0.5,792.548,1.37712e-06,1.20198e-05,0.999301
0.04,696,0.600001,0.900019,0.600001,792.486,4.10821e-06,5.57326e-05,0.999349
0.04,697,0.6,0.900017,0.700001,792.343,9.29197e-06,0.000170868,0.99953
0.04,698,0.6,0.900008,0.8,790.099,8.95255e-06,0.000172668,0.999812
0.04,699,0.6,0.900007,0.900007,624.856,3.14606e-06,4.91325e-05,0.999989
0.04,700,0.7,-6.76812e-06,-6.768e-06,624.84,-9.93601e-06,3.38598e-05,1
0.04,701,0.7,-7.88491e-06,0.0999998,790.046,-2.88541e-05,0.000129402,0.99987
0.04,702,0.700001,-1.52717e-05,0.199999,792.24,-2.83286e-05,0.000128162,0.99967
0.04,703,0.700001,-1.69543e-05,0.3,792.343,-9.51117e-06,4.05437e-05,0.99954
0.04,704,0.700001,-1.77717e-05,0.4,792.387,-1.98329e-06,8.01977e-06,0.999507
0.04,705,0.700001,-1.77717e-05,0.5,792.387,1.98329e-06,-8.01977e-06,0.999507
0.04,706,0.700001,-1.69543e-05,0.6,792.343,9.51117e-06,-4.05437e-05,0.99954
0.04,707,0.700001,-1.52717e-05,0.700001,792.24,2.83286e-05,-0.000128162,0.99967
0.04,708,0.7,-7.88491e-06,0.8,790.046,2.88541e-05,-0.000129402,0.99987
0.04,709,0.7,-6.76812e-06,0.900007,624.84,9.93601e-06,-3.38598e-05,1
0.04,710,0.7,0.0999998,-7.88509e-06,790.046,-4.68046e-05,0.000129561,1.00001
0.04,711,0.700007,0.0999734,0.0999734,996.59,-0.00012709,0.000313035,0.999962
0.04,712,0.700025,0.0999036,0.199975,998.621,-0.000126278,0.000310689,0.99988
0.04,713,0.700031,0.0998807,0.299999,998.68,-4.30879e-05,0.000104181,0.999824
0.04,714,0.700033,0.0998763,0.399998,998.805,-8.77189e-06,1.94149e-05,0.999803
0.04,715,0.700033,0.0998763,0.500002,998.805,8.77189e-06,-1.94149e-05,0.999803
0.04,716,0.700031,0.0998807,0.600001,998.68,4.30879e-05,-0.000104181,0.999824
0.04,717,0.700025,0.0999036,0.700025,998.621,0.000126278,-0.000310689,0.99988
0.04,718,0.700007,0.0999734,0.800027,996.59,0.00012709,-0.000313035,0.999962
0.04,719,0.7,0.0999998,0.900008,790.046,4.68046e-05,-0.000129561,1.00001
0.04,720,0.700001,0.199999,-1.52725e-05,792.24,-0.000114065,0.000114063,1.00006
0.04,721,0.700025,0.199975,0.0999036,998.621,-0.000305426,0.000305425,1.00027
0.04,722,0.700093,0.199907,0.199907,999.872,-0.000307864,0.000307863,1.00063
0.04,723,0.700116,0.199884,0.299993,999.673,-0.000108945,0.000108945,1.00082
0.04,724,0.700122,0.199878,0.399992,999.878,-2.33376e-05,2.3338e-05,1.00086
0.04,725,0.700122,0.199878,0.500008,999.878,2.33376e-05,-2.3338e-05,1.00086
0.04,726,0.700116,0.199884,0.600007,999.673,0.000108945,-0.000108945,1.00082
0.04,727,0.700093,0.199907,0.700093,999.872,0.000307864,-0.000307863,1.00063
0.04,728,0.700025,0.199975,0.800096,998.621,0.000305426,-0.000305425,1.00027
0.04,729,0.700001,0.199999,0.900015,792.24,0.000114065,-0.000114063,1.00006
0.04,730,0.700001,0.3,-1.69553e-05,792.343,-0.000152827,3.33474e-05,1.00007
0.04,731,0.700031,0.299999,0.0998807,998.68,-0.000410438,0.000102411,1.00031
0.04,732,0.700116,0.299993,0.199884,999.673,-0.000417208,0.000108309,1.00073
0.04,733,0.700146,0.299991,0.299991,999.434,-0.000153758,4.82683e-05,1.00096
0.04,734,0.700154,0.299987,0.399988,999.695,-3.58732e-05,1.65603e-05,1.00101
0.04,735,0.700154,0.299987,0.500012,999.695,3.58732e-05,-1.65603e-05,1.00101
0.04,736,0.700146,0.299991,0.600009,999.434,0.000153758,-4.82683e-05,1.00096
0.04,737,0.700116,0.299993,0.700116,999.673,0.000417208,-0.000108309,1.00073
0.04,738,0.700031,0.299999,0.800119,998.68,0.000410438,-0.000102411,1.00031
0.04,739,0.700001,0.3,0.900017,792.343,0.000152827,-3.33474e-05,1.00007
0.04,740,0.700001,0.4,-1.77727e-05,792.387,-0.00016332,6.35205e-06,1.00005
0.04,741,0.700033,0.399998,0.0998763,998.805,-0.000440874,1.85415e-05,1.00021
0.04,742,0.700122,0.399992,0.199878,999.878,-0.000452069,2.34865e-05,1.0005
0.04,743,0.700154,0.399988,0.299987,999.695,-0.000174262,1.67134e-05,1.00067
0.04,744,0.700165,0.399986,0.399986,999.957,-4.40402e-05,7.65743e-06,1.00072
0.04,745,0.700165,0.399986,0.500014,999.957,4.40402e-05,-7.65743e-06,1.00072
0.04,746,0.700154,0.399988,0.600013,999.695,0.000174262,-1.67134e-05,1.00067
0.04,747,0.700122,0.399992,0.700122,999.878,0.000452069,-2.34865e-05,1.0005
0.04,748,0.700033,0.399998,0.800124,998.805,0.000440874,-1.85415e-05,1.00021
0.04,749,0.700001,0.4,0.900018,792.387,0.00016332,-6.35205e-06,1.00005
0.04,750,0.700001,0.5,-1.77727e-05,792.387,-0.00016332,-6.35205e-06,1.00005
0.04,751,0.700033,0.500002,0.0998763,998.805,-0.000440874,-1.85415e-05,1.00021
0.04,752,0.700122,0.500008,0.199878,999.878,-0.000452069,-2.34865e-05,1.0005
0.04,753,0.700154,0.500012,0.299987,999.695,-0.000174262,-1.67134e-05,1.00067
0.04,754,0.700165,0.500014,0.399986,999.957,-4.40402e-05,-7.65743e-06,1.00072
0.04,755,0.700165,0.500014,0.500014,999.957,4.40402e-05,7.65743e-06,1.00072
0.04,756,0.700154,0.500012,0.600013,999.695,0.000174262,1.67134e-05,1.00067
0.04,757,0.700122,0.500008,0.700122,999.878,0.000452069,2.34865e-05,1.0005
0.04,758,0.700033,0.500002,0.800124,998.805,0.000440874,1.85415e-05,1.00021
0.04,759,0.700001,0.5,0.900018,792.387,0.00016332,6.35205e-06,1.00005
0.04,760,0.700001,0.6,-1.69553e-05,792.343,-0.000152827,-3.33474e-05,1.00007
0.04,761,0.700031,0.600001,0.0998807,998.68,-0.000410438,-0.000102411,1.00031
0.04,762,0.700116,0.600007,0.199884,999.673,-0.000417208,-0.000108309,1.00073
0.04,763,0.700146,0.600009,0.299991,999.434,-0.000153758,-4.82683e-05,1.00096
0.04,764,0.700154,0.600013,0.399988,999.695,-3.58732e-05,-1.65603e-05,1.00101
0.04,765,0.700154,0.600013,0.500012,999.695,3.58732e-05,1.65603e-05,1.00101
0.04,766,0.700146,0.600009,0.600009,999.434,0.000153758,4.82683e-05,1.00096
0.04,767,0.700116,0.600007,0.700116,999.673,0.000417208,0.000108309,1.00073
0.04,768,0.700031,0.600001,0.800119,998.68,0.000410438,0.000102411,1.00031
0.04,769,0.700001,0.6,0.900017,792.343,0.000152827,3.33474e-05,1.00007
0.04,770,0.700001,0.700001,-1.52725e-05,792.24,-0.000114065,-0.000114063,1.00006
0.04,771,0.700025,0.700025,0.0999036,998.621,-0.000305426,-0.000305425,1.00027
0.04,772,0.700093,0.700093,0.199907,999.872,-0.000307864,-0.000307863,1.00063
0.04,773,0.700116,0.700116,0.299993,999.673,-0.000108945,-0.000108945,1.00082
0.04,774,0.700122,0.700122,0.399992,999.878,-2.33376e-05,-2.3338e-05,1.00086
0.04,775,0.700122,0.700122,0.500008,999.878,2.33376e-05,2.3338e-05,1.00086
0.04,776,0.700116,0.700116,0.600007,999.673,0.000108945,0.000108945,1.00082
0.04,777,0.700093,0.700093,0.700093,999.872,0.000307864,0.000307863,1.00063
0.04,778,0.700025,0.700025,0.800096,998.621,0.000305426,0.000305425,1.00027
0.04,779,0.700001,0.700001,0.900015,792.24,0.000114065,0.000114063,1.00006
0.04,780,0.7,0.8,-7.88509e-06,790.046,-4.68046e-05,-0.000129561,1.00001
0.04,781,0.700007,0.800027,0.0999734,996.59,-0.00012709,-0.000313035,0.999962
0.04,782,0.700025,0.800096,0.199975,998.621,-0.000126278,-0.000310689,0.99988
0.04,783,0.700031,0.800119,0.299999,998.68,-4.30879e-05,-0.000104181,0.999824
0.04,784,0.700033,0.800124,0.399998,998.805,-8.77189e-06,-1.94149e-05,0.999803
0.04,785,0.700033,0.800124,0.500002,998.805,8.77189e-06,1.94149e-05,0.999803
0.04,786,0.700031,0.800119,0.600001,998.68,4.30879e-05,0.000104181,0.999824
0.04,787,0.700025,0.800096,0.700025,998.621,0.000126278,0.000310689,0.99988
0.04,788,0.700007,0.800027,0.800027,996.59,0.00012709,0.000313035,0.999962
0.04,789,0.7,0.8,0.900008,790.046,4.68046e-05,0.000129561,1.00001
0.04,790,0.7,0.900007,-6.768e-06,624.84,-9.93601e-06,-3.38598e-05,1
0.04,791,0.7,0.900008,0.0999998,790.046,-2.88541e-05,-0.000129402,0.99987
0.04,792,0.700001,0.900015,0.199999,792.24,-2.83286e-05,-0.000128162,0.99967
0.04,793,0.700001,0.900017,0.3,792.343,-9.51117e-06,-4.05437e-05,0.99954
0.04,794,0.700001,0.900018,0.4,792.387,-1.98329e-06,-8.01977e-06,0.999507
0.04,795,0.700001,0.900018,0.5,792.387,1.98329e-06,8.01977e-06,0.999507
0.04,796,0.700001,0.900017,0.6,792.343,9.51117e-06,4.05437e-05,0.99954
0.04,797,0.700001,0.900015,0.700001,792.24,2.83286e-05,0.000128162,0.99967
0.04,798,0.7,0.900008,0.8,790.046,2.88541e-05,0.000129402,0.99987
0.04,799,0.7,0.900007,0.900007,624.84,9.93601e-06,3.38598e-05,1
0.04,800,0.799999,-6.8002e-06,-6.80015e-06,622.85,-2.15345e-05,5.20539e-06,1.00005
0.04,801,0.799999,-6.40543e-06,0.100001,787.888,-2.95609e-05,5.15396e-05,0.999979
0.04,802,0.8,-7.88479e-06,0.2,790.046,-2.94168e-05,5.26216e-05,0.99986
0.04,803,0.8,-8.40547e-06,0.3,790.099,-9.47497e-06,1.65361e-05,0.999791
0.04,804,0.800001,-8.64727e-06,0.4,790.12,-1.76649e-06,3.1971e-06,0.999774
0.04,805,0.800001,-8.64727e-06,0.5,790.12,1.76649e-06,-3.1971e-06,0.999774
0.04,806,0.8,-8.40547e-06,0.6,790.099,9.47497e-06,-1.65361e-05,0.999791
0.04,807,0.8,-7.88479e-06,0.7,790.046,2.94168e-05,-5.26216e-05,0.99986
0.04,808,0.799999,-6.40543e-06,0.799999,787.888,2.95609e-05,-5.15396e-05,0.999979
0.04,809,0.799999,-6.8002e-06,0.900007,622.85,2.15345e-05,-5.20539e-06,1.00005
0.04,810,0.799999,0.100001,-6.4055e-06,787.888,-6.07723e-05,6.07716e-05,1.00003
0.04,811,0.800007,0.0999931,0.0999931,994.354,-0.000131383,0.000131382,0.999953
0.04,812,0.800027,0.0999734,0.199993,996.59,-0.000129399,0.000129398,0.999814
0.04,813,0.800033,0.099967,0.3,996.673,-4.21115e-05,4.21116e-05,0.999732
0.04,814,0.800034,0.0999658,0.399999,996.74,-7.49361e-06,7.49385e-06,0.999709
0.04,815,0.800034,0.0999658,0.500001,996.74,7.49361e-06,-7.49385e-06,0.999709
0.04,816,0.800033,0.099967,0.6,996.673,4.21115e-05,-4.21116e-05,0.999732
0.04,817,0.800027,0.0999734,0.700007,996.59,0.000129399,-0.000129398,0.999814
0.04,818,0.800007,0.0999931,0.800007,994.354,0.000131383,-0.000131382,0.999953
0.04,819,0.799999,0.100001,0.900006,787.888,6.07723e-05,-6.07716e-05,1.00003
0.04,820,0.8,0.2,-7.8851e-06,790.046,-0.000129562,4.68039e-05,1.00001
0.04,821,0.800027,0.199993,0.0999734,996.59,-0.000313036,0.000127089,0.999962
0.04,822,0.800096,0.199975,0.199975,998.621,-0.00031069,0.000126278,0.99988
0.04,823,0.800119,0.199969,0.299999,998.68,-0.000104181,4.3088e-05,0.999824
0.04,824,0.800124,0.199967,0.399998,998.805,-1.94145e-05,8.77211e-06,0.999803
0.04,825,0.800124,0.199967,0.500002,998.805,1.94145e-05,-8.77211e-06,0.999803
0.04,826,0.800119,0.199969,0.600001,998.68,0.000104181,-4.3088e-05,0.999824
0.04,827,0.800096,0.199975,0.700025,998.621,0.00031069,-0.000126278,0.99988
0.04,828,0.800027,0.199993,0.800027,996.59,0.000313036,-0.000127089,0.999962
0.04,829,0.8,0.2,0.900008,790.046,0.000129562,-4.68039e-05,1.00001
0.04,830,0.8,0.3,-8.40589e-06,790.099,-0.000169227,1.3209e-05,1
0.04,831,0.800033,0.3,0.099967,996.673,-0.000417633,4.06439e-05,0.99992
0.04,832,0.800119,0.299999,0.199969,998.68,-0.00041639,4.24375e-05,0.999778
0.04,833,0.800148,0.299999,0.299999,998.778,-0.000144213,1.83458e-05,0.999683
0.04,834,0.800155,0.299998,0.399997,998.944,-2.94045e-05,6.19396e-06,0.999651
0.04,835,0.800155,0.299998,0.500003,998.944,2.94045e-05,-6.19396e-06,0.999651
0.04,836,0.800148,0.299999,0.600001,998.778,0.000144213,-1.83458e-05,0.999683
0.04,837,0.800119,0.299999,0.700031,998.68,0.00041639,-4.24375e-05,0.999778
0.04,838,0.800033,0.3,0.800033,996.673,0.000417633,-4.06439e-05,0.99992
0.04,839,0.8,0.3,0.900008,790.099,0.000169227,-1.3209e-05,1
0.04,840,0.800001,0.4,-8.64769e-06,790.12,-0.000179243,2.45697e-06,0.99999
0.04,841,0.800034,0.399999,0.0999658,996.74,-0.000445444,6.88757e-06,0.999864
0.04,842,0.800124,0.399998,0.199967,998.805,-0.000447004,8.649e-06,0.999646
0.04,843,0.800155,0.399997,0.299998,998.944,-0.000161148,6.25201e-06,0.999508
0.04,844,0.800163,0.399996,0.399996,999.12,-3.59717e-05,2.88862e-06,0.999467
0.04,845,0.800163,0.399996,0.500004,999.12,3.59717e-05,-2.88862e-06,0.999467
0.04,846,0.800155,0.399997,0.600002,998.944,0.000161148,-6.25201e-06,0.999508
0.04,847,0.800124,0.399998,0.700033,998.805,0.000447004,-8.649e-06,0.999646
0.04,848,0.800034,0.399999,0.800034,996.74,0.000445444,-6.88757e-06,0.999864
0.04,849,0.800001,0.4,0.900009,790.12,0.000179243,-2.45697e-06,0.99999
0.04,850,0.800001,0.5,-8.64769e-06,790.12,-0.000179243,-2.45697e-06,0.99999
0.04,851,0.800034,0.500001,0.0999658,996.74,-0.000445444,-6.88757e-06,0.999864
0.04,852,0.800124,0.500002,0.199967,998.805,-0.000447004,-8.649e-06,0.999646
0.04,853,0.800155,0.500003,0.299998,998.944,-0.000161148,-6.25201e-06,0.999508
0.04,854,0.800163,0.500004,0.399996,999.12,-3.59717e-05,-2.88862e-06,0.999467
0.04,855,0.800163,0.500004,0.500004,999.12,3.59717e-05,2.88862e-06,0.999467
0.04,856,0.800155,0.500003,0.600002,998.944,0.000161148,6.25201e-06,0.999508
0.04,857,0.800124,0.500002,0.700033,998.805,0.000447004,8.649e-06,0.999646
0.04,858,0.800034,0.500001,0.800034,996.74,0.000445444,6.88757e-06,0.999864
0.04,859,0.800001,0.5,0.900009,790.12,0.000179243,2.45697e-06,0.99999
0.04,860,0.8,0.6,-8.40589e-06,790.099,-0.000169227,-1.3209e-05,1
0.04,861,0.800033,0.6,0.099967,996.673,-0.000417633,-4.06439e-05,0.99992
0.04,862,0.800119,0.600001,0.199969,998.68,-0.00041639,-4.24375e-05,0.999778
0.04,863,0.800148,0.600001,0.299999,998.778,-0.000144213,-1.83458e-05,0.999683
0.04,864,0.800155,0.600002,0.399997,998.944,-2.94045e-05,-6.19396e-06,0.999651
0.04,865,0.800155,0.600002,0.500003,998.944,2.94045e-05,6.19396e-06,0.999651
0.04,866,0.800148,0.600001,0.600001,998.778,0.000144213,1.83458e-05,0.999683
0.04,867,0.800119,0.600001,0.700031,998.68,0.00041639,4.24375e-05,0.999778
0.04,868,0.800033,0.6,0.800033,996.673,0.000417633,4.06439e-05,0.99992
0.04,869,0.8,0.6,0.900008,790.099,0.000169227,1.3209e-05,1
0.04,870,0.8,0.7,-7.8851e-06,790.046,-0.000129562,-4.68039e-05,1.00001
0.04,871,0.800027,0.700007,0.0999734,996.59,-0.000313036,-0.000127089,0.999962
0.04,872,0.800096,0.700025,0.199975,998.621,-0.00031069,-0.000126278,0.99988
0.04,873,0.800119,0.700031,0.299999,998.68,-0.000104181,-4.3088e-05,0.999824
0.04,874,0.800124,0.700033,0.399998,998.805,-1.94145e-05,-8.77211e-06,0.999803
0.04,875,0.800124,0.700033,0.500002,998.805,1.94145e-05,8.77211e-06,0.999803
0.04,876,0.800119,0.700031,0.600001,998.68,0.000104181,4.3088e-05,0.999824
0.04,877,0.800096,0.700025,0.700025,998.621,0.00031069,0.000126278,0.99988
0.04,878,0.800027,0.700007,0.800027,996.59,0.000313036,0.000127089,0.999962
0.04,879,0.8,0.7,0.900008,790.046,0.000129562,4.68039e-05,1.00001
0.04,880,0.799999,0.799999,-6.4055e-06,787.888,-6.07723e-05,-6.07716e-05,1.00003
0.04,881,0.800007,0.800007,0.0999931,994.354,-0.000131383,-0.000131382,0.999953
0.04,882,0.800027,0.800027,0.199993,996.59,-0.000129399,-0.000129398,0.999814
0.04,883,0.800033,0.800033,0.3,996.673,-4.21115e-05,-4.21116e-05,0.999732
0.04,884,0.800034,0.800034,0.399999,996.74,-7.49361e-06,-7.49385e-06,0.999709
0.04,885,0.800034,0.800034,0.500001,996.74,7.49361e-06,7.49385e-06,0.999709
0.04,886,0.800033,0.800033,0.6,996.673,4.21115e-05,4.21116e-05,0.999732
0.04,887,0.800027,0.800027,0.700007,996.59,0.000129399,0.000129398,0.999814
0.04,888,0.800007,0.800007,0.800007,994.354,0.000131383,0.000131382,0.999953
0.04,889,0.799999,0.799999,0.900006,787.888,6.07723e-05,6.07716e-05,1.00003
0.04,890,0.799999,0.900007,-6.80015e-06,622.85,-2.15345e-05,-5.20539e-06,1.00005
0.04,891,0.799999,0.900006,0.100001,787.888,-2.95609e-05,-5.15396e-05,0.999979
0.04,892,0.8,0.900008,0.2,790.046,-2.94168e-05,-5.26216e-05,0.99986
0.04,893,0.8,0.900008,0.3,790.099,-9.47497e-06,-1.65361e-05,0.999791
0.04,894,0.800001,0.900009,0.4,790.12,-1.76649e-06,-3.1971e-06,0.999774
0.04,895,0.800001,0.900009,0.5,790.12,1.76649e-06,3.1971e-06,0.999774
0.04,896,0.8,0.900008,0.6,790.099,9.47497e-06,1.65361e-05,0.999791
0.04,897,0.8,0.900008,0.7,790.046,2.94168e-05,5.26216e-05,0.99986
0.04,898,0.799999,0.900006,0.799999,787.888,2.95609e-05,5.15396e-05,0.999979
0.04,899,0.799999,0.900007,0.900007,622.85,2.15345e-05,5.20539e-06,1.00005
0.04,900,0.900008,-7.85369e-06,-7.85368e-06,491.319,1.47707e-05,-1.47706e-05,1.00009
0.04,901,0.900007,-6.80014e-06,0.100001,622.85,-8.31168e-06,8.31138e-06,1.00005
0.04,902,0.900007,-6.76796e-06,0.2,624.84,-1.13563e-05,1.1356e-05,1
0.04,903,0.900007,-6.90338e-06,0.3,624.856,-3.94982e-06,3.94986e-06,0.999974
0.04,904,0.900007,-6.94334e-06,0.4,624.861,-8.3338e-07,8.3348e-07,0.999967
0.04,905,0.900007,-6.94334e-06,0.5,624.861,8.3338e-07,-8.3348e-07,0.999967
0.04,906,0.900007,-6.90338e-06,0.6,624.856,3.94982e-06,-3.94986e-06,0.999974
0.04,907,0.900007,-6.76796e-06,0.7,624.84,1.13563e-05,-1.1356e-05,1
0.04,908,0.900007,-6.80014e-06,0.799999,622.85,8.31168e-06,-8.31138e-06,1.00005
0.04,909,0.900008,-7.85369e-06,0.900008,491.319,-1.47707e-05,1.47706e-05,1.00009
0.04,910,0.900007,0.100001,-6.80015e-06,622.85,-5.20557e-06,2.15343e-05,1.00005
0.04,911,0.900006,0.100001,0.100001,787.888,-5.15403e-05,2.95604e-05,0.999979
0.04,912,0.900008,0.0999998,0.2,790.046,-5.26221e-05,2.94164e-05,0.99986
0.04,913,0.900008,0.0999995,0.3,790.099,-1.6536e-05,9.47503e-06,0.999791
0.04,914,0.900009,0.0999994,0.4,790.12,-3.1969e-06,1.76661e-06,0.999774
0.04,915,0.900009,0.0999994,0.5,790.12,3.1969e-06,-1.76661e-06,0.999774
0.04,916,0.900008,0.0999995,0.6,790.099,1.6536e-05,-9.47503e-06,0.999791
0.04,917,0.900008,0.0999998,0.7,790.046,5.26221e-05,-2.94164e-05,0.99986
0.04,918,0.900006,0.100001,0.799999,787.888,5.15403e-05,-2.95604e-05,0.999979
0.04,919,0.900007,0.100001,0.900007,622.85,5.20557e-06,-2.15343e-05,1.00005
0.04,920,0.900007,0.2,-6.76801e-06,624.84,-3.38604e-05,9.93584e-06,1
0.04,921,0.900008,0.2,0.0999998,790.046,-0.000129403,2.88537e-05,0.99987
0.04,922,0.900015,0.199999,0.199999,792.24,-0.000128163,2.83283e-05,0.99967
0.04,923,0.900017,0.199999,0.3,792.343,-4.05435e-05,9.51121e-06,0.99954
0.04,924,0.900018,0.199999,0.4,792.387,-8.01941e-06,1.98341e-06,0.999507
0.04,925,0.900018,0.199999,0.5,792.387,8.01941e-06,-1.98341e-06,0.999507
0.04,926,0.900017,0.199999,0.6,792.343,4.05435e-05,-9.51121e-06,0.99954
0.04,927,0.900015,0.199999,0.700001,792.24,0.000128163,-2.83283e-05,0.99967
0.04,928,0.900008,0.2,0.8,790.046,0.000129403,-2.88537e-05,0.99987
0.04,929,0.900007,0.2,0.900007,624.84,3.38604e-05,-9.93584e-06,1
0.04,930,0.900007,0.3,-6.90346e-06,624.856,-4.91334e-05,3.146e-06,0.999989
0.04,931,0.900008,0.3,0.0999995,790.099,-0.00017267,8.95231e-06,0.999812
0.04,932,0.900017,0.3,0.199999,792.343,-0.000170869,9.2918e-06,0.99953
0.04,933,0.900019,0.299999,0.299999,792.486,-5.57324e-05,4.10824e-06,0.999349
0.04,934,0.90002,0.299999,0.4,792.548,-1.20193e-05,1.37718e-06,0.999301
0.04,935,0.90002,0.299999,0.5,792.548,1.20193e-05,-1.37718e-06,0.999301
0.04,936,0.900019,0.299999,0.600001,792.486,5.57324e-05,-4.10824e-06,0.999349
0.04,937,0.900017,0.3,0.700001,792.343,0.000170869,-9.2918e-06,0.99953
0.04,938,0.900008,0.3,0.8,790.099,0.00017267,-8.95231e-06,0.999812
0.04,939,0.900007,0.3,0.900007,624.856,4.91334e-05,-3.146e-06,0.999989
0.04,940,0.900007,0.4,-6.94342e-06,624.861,-5.33063e-05,6.34013e-07,0.999984
0.04,941,0.900009,0.4,0.0999994,790.12,-0.000184034,1.55607e-06,0.999788
0.04,942,0.900018,0.4,0.199999,792.387,-0.000183121,1.89441e-06,0.999472
0.04,943,0.90002,0.4,0.299999,792.548,-6.23153e-05,1.38322e-06,0.99927
0.04,944,0.900021,0.4,0.4,792.615,-1.46268e-05,6.17392e-07,0.999214
0.04,945,0.900021,0.4,0.5,792.615,1.46268e-05,-6.17392e-07,0.999214
0.04,946,0.90002,0.4,0.600001,792.548,6.23153e-05,-1.38322e-06,0.99927
0.04,947,0.900018,0.4,0.700001,792.387,0.000183121,-1.89441e-06,0.999472
0.04,948,0.900009,0.4,0.800001,790.12,0.000184034,-1.55607e-06,0.999788
0.04,949,0.900007,0.4,0.900007,624.861,5.33063e-05,-6.34013e-07,0.999984
0.04,950,0.900007,0.5,-6.94342e-06,624.861,-5.33063e-05,-6.34013e-07,0.999984
0.04,951,0.900009,0.5,0.0999994,790.12,-0.000184034,-1.55607e-06,0.999788
0.04,952,0.900018,0.5,0.199999,792.387,-0.000183121,-1.89441e-06,0.999472
0.04,953,0.90002,0.5,0.299999,792.548,-6.23153e-05,-1.38322e-06,0.99927
0.04,954,0.900021,0.5,0.4,792.615,-1.46268e-05,-6.17392e-07,0.999214
0.04,955,0.900021,0.5,0.5,792.615,1.46268e-05,6.17392e-07,0.999214
0.04,956,0.90002,0.5,0.600001,792.548,6.23153e-05,1.38322e-06,0.99927
0.04,957,0.900018,0.5,0.700001,792.387,0.000183121,1.89441e-06,0.999472
0.04,958,0.900009,0.5,0.800001,790.12,0.000184034,1.55607e-06,0.999788
0.04,959,0.900007,0.5,0.900007,624.861,5.33063e-05,6.34013e-07,0.999984
0.04,960,0.900007,0.6,-6.90346e-06,624.856,-4.91334e-05,-3.146e-06,0.999989
0.04,961,0.900008,0.6,0.0999995,790.099,-0.00017267,-8.95231e-06,0.999812
0.04,962,0.900017,0.6,0.199999,792.343,-0.000170869,-9.2918e-06,0.99953
0.04,963,0.900019,0.600001,0.299999,792.486,-5.57324e-05,-4.10824e-06,0.999349
0.04,964,0.90002,0.600001,0.4,792.548,-1.20193e-05,-1.37718e-06,0.999301
0.04,965,0.90002,0.600001,0.5,792.548,1.20193e-05,1.37718e-06,0.999301
0.04,966,0.900019,0.600001,0.600001,792.486,5.57324e-05,4.10824e-06,0.999349
0.04,967,0.900017,0.6,0.700001,792.343,0.000170869,9.2918e-06,0.99953
0.04,968,0.900008,0.6,0.8,790.099,0.00017267,8.95231e-06,0.999812
0.04,969,0.900007,0.6,0.900007,624.856,4.91334e-05,3.146e-06,0.999989
0.04,970,0.900007,0.7,-6.76801e-06,624.84,-3.38604e-05,-9.93584e-06,1
0.04,971,0.900008,0.7,0.0999998,790.046,-0.000129403,-2.88537e-05,0.99987
0.04,972,0.900015,0.700001,0.199999,792.24,-0.000128163,-2.83283e-05,0.99967
0.04,973,0.900017,0.700001,0.3,792.343,-4.05435e-05,-9.51121e-06,0.99954
0.04,974,0.900018,0.700001,0.4,792.387,-8.01941e-06,-1.98341e-06,0.999507
0.04,975,0.900018,0.700001,0.5,792.387,8.01941e-06,1.98341e-06,0.999507
0.04,976,0.900017,0.700001,0.6,792.343,4.05435e-05,9.51121e-06,0.99954
0.04,977,0.900015,0.700001,0.700001,792.24,0.000128163,2.83283e-05,0.99967
0.04,978,0.900008,0.7,0.8,790.046,0.000129403,2.88537e-05,0.99987
0.04,979,0.900007,0.7,0.900007,624.84,3.38604e-05,9.93584e-06,1
0.04,980,0.900007,0.799999,-6.80015e-06,622.85,-5.20557e-06,-2.15343e-05,1.00005
0.04,981,0.900006,0.799999,0.100001,787.888,-5.15403e-05,-2.95604e-05,0.999979
0.04,982,0.900008,0.8,0.2,790.046,-5.26221e-05,-2.94164e-05,0.99986
0.04,983,0.900008,0.8,0.3,790.099,-1.6536e-05,-9.47503e-06,0.999791
0.04,984,0.900009,0.800001,0.4,790.12,-3.1969e-06,-1.76661e-06,0.999774
0.04,985,0.900009,0.800001,0.5,790.12,3.1969e-06,1.76661e-06,0.999774
0.04,986,0.900008,0.8,0.6,790.099,1.6536e-05,9.47503e-06,0.999791
0.04,987,0.900008,0.8,0.7,790.046,5.26221e-05,2.94164e-05,0.99986
0.04,988,0.900006,0.799999,0.799999,787.888,5.15403e-05,2.95604e-05,0.999979
0.04,989,0.900007,0.799999,0.900007,622.85,5.20557e-06,2.15343e-05,1.00005
0.04,990,0.900008,0.900008,-7.85368e-06,491.319,1.47707e-05,1.47706e-05,1.00009
0.04,991,0.900007,0.900007,0.100001,622.85,-8.31168e-06,-8.31138e-06,1.00005
0.04,992,0.900007,0.900007,0.2,624.84,-1.13563e-05,-1.1356e-05,1
0.04,993,0.900007,0.900007,0.3,624.856,-3.94982e-06,-3.94986e-06,0.999974
0.04,994,0.900007,0.900007,0.4,624.861,-8.3338e-07,-8.3348e-07,0.999967
0.04,995,0.900007,0.900007,0.5,624.861,8.3338e-07,8.3348e-07,0.999967
0.04,996,0.900007,0.900007,0.6,624.856,3.94982e-06,3.94986e-06,0.999974
0.04,997,0.900007,0.900007,0.7,624.84,1.13563e-05,1.1356e-05,1
0.04,998,0.900007,0.900007,0.799999,622.85,8.31168e-06,8.31138e-06,1.00005
0.04,999,0.900008,0.900008,0.900008,491.319,-1.47707e-05,-1.47706e-05,1.00009
0.05,0,-1.20952e-05,-1.20952e-05,-1.20952e-05,491.281,-2.32323e-05,-2.32319e-05,1.00014
0.05,1,-1.04843e-05,-1.04844e-05,0.100002,622.819,1.14612e-05,1.14605e-05,1.00009
0.05,2,-1.04809e-05,-1.04809e-05,0.2,624.83,1.61946e-05,1.61939e-05,1.00002
0.05,3,-1.07134e-05,-1.07133e-05,0.3,624.851,5.98445e-06,5.98453e-06,0.99998
0.05,4,-1.07869e-05,-1.07868e-05,0.4,624.859,1.42467e-06,1.42489e-06,0.99997
0.05,5,-1.07869e-05,-1.07868e-05,0.5,624.859,-1.42467e-06,-1.42489e-06,0.99997
0.05,6,-1.07134e-05,-1.07133e-05,0.6,624.851,-5.98445e-06,-5.98453e-06,0.99998
0.05,7,-1.04809e-05,-1.04809e-05,0.7,624.83,-1.61946e-05,-1.61939e-05,1.00002
0.05,8,-1.04843e-05,-1.04844e-05,0.799998,622.819,-1.14612e-05,-1.14605e-05,1.00009
0.05,9,-1.20952e-05,-1.20952e-05,0.900012,491.281,2.32323e-05,2.32319e-05,1.00014
0.05,10,-1.04843e-05,0.100002,-1.04844e-05,622.819,5.3547e-06,3.18104e-05,1.00009
0.05,11,-9.95561e-06,0.100001,0.100001,787.873,7.0587e-05,4.05544e-05,0.999986
0.05,12,-1.22772e-05,0.0999996,0.2,790.067,7.22284e-05,4.03028e-05,0.999829
0.05,13,-1.31674e-05,0.0999991,0.3,790.137,2.36047e-05,1.34718e-05,0.999738
0.05,14,-1.35898e-05,0.0999989,0.4,790.165,5.1904e-06,2.84706e-06,0.999715
0.05,15,-1.35898e-05,0.0999989,0.5,790.165,-5.1904e-06,-2.84706e-06,0.999715
0.05,16,-1.31674e-05,0.0999991,0.6,790.137,-2.36047e-05,-1.34718e-05,0.999738
0.05,17,-1.22772e-05,0.0999996,0.7,790.067,-7.22284e-05,-4.03028e-05,0.999829
0.05,18,-9.95561e-06,0.100001,0.799999,787.873,-7.0587e-05,-4.05544e-05,0.999986
0.05,19,-1.04843e-05,0.100002,0.90001,622.819,-5.3547e-06,-3.18104e-05,1.00009
0.05,20,-1.04808e-05,0.2,-1.04809e-05,624.83,4.47238e-05,1.3768e-05,1.00001
0.05,21,-1.22772e-05,0.2,0.0999996,790.067,0.000176158,3.93227e-05,0.999837
0.05,22,-2.30337e-05,0.199998,0.199998,792.305,0.000174249,3.86019e-05,0.999577
0.05,23,-2.56882e-05,0.199998,0.299999,792.44,5.7043e-05,1.35585e-05,0.999408
0.05,24,-2.7067e-05,0.199998,0.4,792.498,1.27082e-05,3.16463e-06,0.999363
0.05,25,-2.7067e-05,0.199998,0.5,792.498,-1.27082e-05,-3.16463e-06,0.999363
0.05,26,-2.56882e-05,0.199998,0.600001,792.44,-5.7043e-05,-1.35585e-05,0.999408
0.05,27,-2.30337e-05,0.199998,0.700002,792.305,-0.000174249,-3.86019e-05,0.999577
0.05,28,-1.22772e-05,0.2,0.8,790.067,-0.000176158,-3.93227e-05,0.999837
0.05,29,-1.04808e-05,0.2,0.90001,624.83,-4.47238e-05,-1.3768e-05,1.00001
0.05,30,-1.07132e-05,0.3,-1.07135e-05,624.851,6.58194e-05,4.59217e-06,0.999993
0.05,31,-1.31674e-05,0.3,0.0999991,790.137,0.000234968,1.2574e-05,0.999761
0.05,32,-2.56882e-05,0.299999,0.199998,792.44,0.000232355,1.32041e-05,0.999395
0.05,33,-2.89644e-05,0.299999,0.299999,792.628,7.89343e-05,6.41856e-06,0.999158
0.05,34,-3.0823e-05,0.299999,0.4,792.709,1.91527e-05,2.35258e-06,0.999092
0.05,35,-3.0823e-05,0.299999,0.5,792.709,-1.91527e-05,-2.35258e-06,0.999092
0.05,36,-2.89644e-05,0.299999,0.600001,792.628,-7.89343e-05,-6.41856e-06,0.999158
0.05,37,-2.56882e-05,0.299999,0.700002,792.44,-0.000232355,-1.32041e-05,0.999395
0.05,38,-1.31674e-05,0.3,0.800001,790.137,-0.000234968,-1.2574e-05,0.999761
0.05,39,-1.07132e-05,0.3,0.900011,624.851,-6.58194e-05,-4.59217e-06,0.999993
0.05,40,-1.07867e-05,0.4,-1.0787e-05,624.859,7.20406e-05,1.05979e-06,0.999986
0.05,41,-1.35899e-05,0.4,0.0999989,790.165,0.000251386,2.47978e-06,0.999729
0.05,42,-2.7067e-05,0.4,0.199998,792.498,0.000250182,3.02222e-06,0.999319
0.05,43,-3.0823e-05,0.4,0.299999,792.709,8.94614e-05,2.37234e-06,0.999053
0.05,44,-3.3101e-05,0.4,0.4,792.799,2.37138e-05,1.12107e-06,0.998976
0.05,45,-3.3101e-05,0.4,0.5,792.799,-2.37138e-05,-1.12107e-06,0.998976
0.05,46,-3.0823e-05,0.4,0.600001,792.709,-8.94614e-05,-2.37234e-06,0.999053
0.05,47,-2.7067e-05,0.4,0.700002,792.498,-0.000250182,-3.02222e-06,0.999319
0.05,48,-1.35899e-05,0.4,0.800001,790.165,-0.000251386,-2.47978e-06,0.999729
0.05,49,-1.07867e-05,0.4,0.900011,624.859,-7.20406e-05,-1.05979e-06,0.999986
0.05,50,-1.07867e-05,0.5,-1.0787e-05,624.859,7.20406e-05,-1.05979e-06,0.999986
0.05,51,-1.35899e-05,0.5,0.0999989,790.165,0.000251386,-2.47978e-06,0.999729
0.05,52,-2.7067e-05,0.5,0.199998,792.498,0.000250182,-3.02222e-06,0.999319
0.05,53,-3.0823e-05,0.5,0.299999,792.709,8.94614e-05,-2.37234e-06,0.999053
0.05,54,-3.3101e-05,0.5,0.4,792.799,2.37138e-05,-1.12107e-06,0.998976
0.05,55,-3.3101e-05,0.5,0.5,792.799,-2.37138e-05,1.12107e-06,0.998976
0.05,56,-3.0823e-05,0.5,0.600001,792.709,-8.94614e-05,2.37234e-06,0.999053
0.05,57,-2.7067e-05,0.5,0.700002,792.498,-0.000250182,3.02222e-06,0.999319
0.05,58,-1.35899e-05,0.5,0.800001,790.165,-0.000251386,2.47978e-06,0.999729
0.05,59,-1.07867e-05,0.5,0.900011,624.859,-7.20406e-05,1.05979e-06,0.999986
0.05,60,-1.07132e-05,0.6,-1.07135e-05,624.851,6.58194e-05,-4.59217e-06,0.999993
0.05,61,-1.31674e-05,0.6,0.0999991,790.137,0.000234968,-1.2574e-05,0.999761
0.05,62,-2.56882e-05,0.600001,0.199998,792.44,0.000232355,-1.32041e-05,0.999395
0.05,63,-2.89644e-05,0.600001,0.299999,792.628,7.89343e-05,-6.41856e-06,0.999158
0.05,64,-3.0823e-05,0.600001,0.4,792.709,1.91527e-05,-2.35258e-06,0.999092
0.05,65,-3.0823e-05,0.600001,0.5,792.709,-1.91527e-05,2.35258e-06,0.999092
0.05,66,-2.89644e-05,0.600001,0.600001,792.628,-7.89343e-05,6.41856e-06,0.999158
0.05,67,-2.56882e-05,0.600001,0.700002,792.44,-0.000232355,1.32041e-05,0.999395
0.05,68,-1.31674e-05,0.6,0.800001,790.137,-0.000234968,1.2574e-05,0.999761
0.05,69,-1.07132e-05,0.6,0.900011,624.851,-6.58194e-05,4.59217e-06,0.999993
0.05,70,-1.04808e-05,0.7,-1.04809e-05,624.83,4.47238e-05,-1.3768e-05,1.00001
0.05,71,-1.22772e-05,0.7,0.0999996,790.067,0.000176158,-3.93227e-05,0.999837
0.05,72,-2.30337e-05,0.700002,0.199998,792.305,0.000174249,-3.86019e-05,0.999577
0.05,73,-2.56882e-05,0.700002,0.299999,792.44,5.7043e-05,-1.35585e-05,0.999408
0.05,74,-2.7067e-05,0.700002,0.4,792.498,1.27082e-05,-3.16463e-06,0.999363
0.05,75,-2.7067e-05,0.700002,0.5,792.498,-1.27082e-05,3.16463e-06,0.999363
0.05,76,-2.56882e-05,0.700002,0.600001,792.44,-5.7043e-05,1.35585e-05,0.999408
0.05,77,-2.30337e-05,0.700002,0.700002,792.305,-0.000174249,3.86019e-05,0.999577
0.05,78,-1.22772e-05,0.7,0.8,790.067,-0.000176158,3.93227e-05,0.999837
0.05,79,-1.04808e-05,0.7,0.90001,624.83,-4.47238e-05,1.3768e-05,1.00001
0.05,80,-1.04843e-05,0.799998,-1.04844e-05,622.819,5.3547e-06,-3.18104e-05,1.00009
0.05,81,-9.95561e-06,0.799999,0.100001,787.873,7.0587e-05,-4.05544e-05,0.999986
0.05,82,-1.22772e-05,0.8,0.2,790.067,7.22284e-05,-4.03028e-05,0.999829
0.05,83,-1.31674e-05,0.800001,0.3,790.137,2.36047e-05,-1.34718e-05,0.999738
0.05,84,-1.35898e-05,0.800001,0.4,790.165,5.1904e-06,-2.84706e-06,0.999715
0.05,85,-1.35898e-05,0.800001,0.5,790.165,-5.1904e-06,2.84706e-06,0.999715
0.05,86,-1.31674e-05,0.800001,0.6,790.137,-2.36047e-05,1.34718e-05,0.999738
0.05,87,-1.22772e-05,0.8,0.7,790.067,-7.22284e-05,4.03028e-05,0.999829
0.05,88,-9.95561e-06,0.799999,0.799999,787.873,-7.0587e-05,4.05544e-05,0.999986
0.05,89,-1.04843e-05,0.799998,0.90001,622.819,-5.3547e-06,3.18104e-05,1.00009
0.05,90,-1.20952e-05,0.900012,-1.20952e-05,491.281,-2.32323e-05,2.32319e-05,1.00014
0.05,91,-1.04843e-05,0.90001,0.100002,622.819,1.14612e-05,-1.14605e-05,1.00009
0.05,92,-1.04809e-05,0.90001,0.2,624.83,1.61946e-05,-1.61939e-05,1.00002
0.05,93,-1.07134e-05,0.900011,0.3,624.851,5.98445e-06,-5.98453e-06,0.99998
0.05,94,-1.07869e-05,0.900011,0.4,624.859,1.42467e-06,-1.42489e-06,0.99997
0.05,95,-1.07869e-05,0.900011,0.5,624.859,-1.42467e-06,1.42489e-06,0.99997
0.05,96,-1.07134e-05,0.900011,0.6,624.851,-5.98445e-06,5.98453e-06,0.99998
0.05,97,-1.04809e-05,0.90001,0.7,624.83,-1.61946e-05,1.61939e-05,1.00002
0.05,98,-1.04843e-05,0.90001,0.799998,622.819,-1.14612e-05,1.14605e-05,1.00009
0.05,99,-1.20952e-05,0.900012,0.900012,491.281,2.32323e-05,-2.32319e-05,1.00014
0.05,100,0.100002,-1.04845e-05,-1.04844e-05,622.819,3.18109e-05,5.35427e-06,1.00009
0.05,101,0.100001,-9.95571e-06,0.100001,787.873,4.05555e-05,7.05853e-05,0.999986
0.05,102,0.0999996,-1.22771e-05,0.2,790.067,4.03036e-05,7.22271e-05,0.999829
0.05,103,0.0999991,-1.31672e-05,0.3,790.137,1.34717e-05,2.36048e-05,0.999738
0.05,104,0.0999989,-1.35898e-05,0.4,790.165,2.84679e-06,5.19084e-06,0.999715
0.05,105,0.0999989,-1.35898e-05,0.5,790.165,-2.84679e-06,-5.19084e-06,0.999715
0.05,106,0.0999991,-1.31672e-05,0.6,790.137,-1.34717e-05,-2.36048e-05,0.999738
0.05,107,0.0999996,-1.22771e-05,0.7,790.067,-4.03036e-05,-7.22271e-05,0.999829
0.05,108,0.100001,-9.95571e-06,0.799999,787.873,-4.05555e-05,-7.05853e-05,0.999986
0.05,109,0.100002,-1.04845e-05,0.90001,622.819,-3.18109e-05,-5.35427e-06,1.00009
0.05,110,0.100001,0.100001,-9.95588e-06,787.873,8.41084e-05,8.41067e-05,1.00006
0.05,111,0.0999907,0.0999907,0.0999907,994.356,0.00017604,0.000176038,0.999951
0.05,112,0.0999645,0.0999645,0.199991,996.615,0.000172681,0.00017268,0.99977
0.05,113,0.0999561,0.0999561,0.3,996.725,5.74286e-05,5.74289e-05,0.999662
0.05,114,0.0999542,0.0999542,0.399999,996.812,1.14295e-05,1.14301e-05,0.999632
0.05,115,0.0999542,0.0999542,0.500001,996.812,-1.14295e-05,-1.14301e-05,0.999632
0.05,116,0.0999561,0.0999561,0.6,996.725,-5.74286e-05,-5.74289e-05,0.999662
0.05,117,0.0999645,0.0999645,0.700009,996.615,-0.000172681,-0.00017268,0.99977
0.05,118,0.0999907,0.0999907,0.800009,994.356,-0.00017604,-0.000176038,0.999951
0.05,119,0.100001,0.100001,0.90001,787.873,-8.41084e-05,-8.41067e-05,1.00006
0.05,120,0.0999996,0.2,-1.22778e-05,790.067,0.000174905,6.22073e-05,1.00002
0.05,121,0.0999645,0.199991,0.0999645,996.615,0.000416931,0.000169183,0.999959
0.05,122,0.0998728,0.199967,0.199967,998.604,0.000412586,0.000168066,0.999853
0.05,123,0.0998431,0.199959,0.299999,998.685,0.000141197,5.90963e-05,0.999778
0.05,124,0.0998364,0.199957,0.399997,998.846,2.90972e-05,1.33647e-05,0.999749
0.05,125,0.0998364,0.199957,0.500003,998.846,-2.90972e-05,-1.33647e-05,0.999749
0.05,126,0.0998431,0.199959,0.600001,998.685,-0.000141197,-5.90963e-05,0.999778
0.05,127,0.0998728,0.199967,0.700033,998.604,-0.000412586,-0.000168066,0.999853
0.05,128,0.0999645,0.199991,0.800035,996.615,-0.000416931,-0.000169183,0.999959
0.05,129,0.0999996,0.2,0.900012,790.067,-0.000174905,-6.22073e-05,1.00002
0.05,130,0.0999991,0.3,-1.31681e-05,790.137,0.000227463,1.77885e-05,1.00001
0.05,131,0.0999561,0.3,0.0999561,996.725,0.0005557,5.49098e-05,0.999902
0.05,132,0.0998431,0.299999,0.199959,998.685,0.000553228,5.80626e-05,0.999716
0.05,133,0.0998055,0.299998,0.299998,998.82,0.00019692,2.73383e-05,0.999589
0.05,134,0.0997956,0.299996,0.399995,999.033,4.45401e-05,1.0215e-05,0.999543
0.05,135,0.0997956,0.299996,0.500005,999.033,-4.45401e-05,-1.0215e-05,0.999543
0.05,136,0.0998055,0.299998,0.600002,998.82,-0.00019692,-2.73383e-05,0.999589
0.05,137,0.0998431,0.299999,0.700041,998.685,-0.000553228,-5.80626e-05,0.999716
0.05,138,0.0999561,0.3,0.800044,996.725,-0.0005557,-5.49098e-05,0.999902
0.05,139,0.0999991,0.3,0.900013,790.137,-0.000227463,-1.77885e-05,1.00001
0.05,140,0.0999989,0.4,-1.35907e-05,790.165,0.000241488,3.85405e-06,0.999994
0.05,141,0.0999542,0.399999,0.0999542,996.812,0.000594335,1.04202e-05,0.99983
0.05,142,0.0998364,0.399997,0.199957,998.846,0.000596298,1.32221e-05,0.999545
0.05,143,0.0997956,0.399995,0.299996,999.033,0.000222992,1.03607e-05,0.999364
0.05,144,0.0997819,0.399994,0.399994,999.253,5.56156e-05,5.07097e-06,0.999308
0.05,145,0.0997819,0.399994,0.500006,999.253,-5.56156e-05,-5.07097e-06,0.999308
0.05,146,0.0997956,0.399995,0.600004,999.033,-0.000222992,-1.03607e-05,0.999364
0.05,147,0.0998364,0.399997,0.700043,998.846,-0.000596298,-1.32221e-05,0.999545
0.05,148,0.0999542,0.399999,0.800046,996.812,-0.000594335,-1.04202e-05,0.99983
0.05,149,0.0999989,0.4,0.900014,790.165,-0.000241488,-3.85405e-06,0.999994
0.05,150,0.0999989,0.5,-1.35907e-05,790.165,0.000241488,-3.85405e-06,0.999994
0.05,151,0.0999542,0.500001,0.0999542,996.812,0.000594335,-1.04202e-05,0.99983
0.05,152,0.0998364,0.500003,0.199957,998.846,0.000596298,-1.32221e-05,0.999545
0.05,153,0.0997956,0.500005,0.299996,999.033,0.000222992,-1.03607e-05,0.999364
0.05,154,0.0997819,0.500006,0.399994,999.253,5.56156e-05,-5.07097e-06,0.999308
0.05,155,0.0997819,0.500006,0.500006,999.253,-5.56156e-05,5.07097e-06,0.999308
0.05,156,0.0997956,0.500005,0.600004,999.033,-0.000222992,1.03607e-05,0.999364
0.05,157,0.0998364,0.500003,0.700043,998.846,-0.000596298,1.32221e-05,0.999545
0.05,158,0.0999542,0.500001,0.800046,996.812,-0.000594335,1.04202e-05,0.99983
0.05,159,0.0999989,0.5,0.900014,790.165,-0.000241488,3.85405e-06,0.999994
0.05,160,0.0999991,0.6,-1.31681e-05,790.137,0.000227463,-1.77885e-05,1.00001
0.05,161,0.0999561,0.6,0.0999561,996.725,0.0005557,-5.49098e-05,0.999902
0.05,162,0.0998431,0.600001,0.199959,998.685,0.000553228,-5.80626e-05,0.999716
0.05,163,0.0998055,0.600002,0.299998,998.82,0.00019692,-2.73383e-05,0.999589
0.05,164,0.0997956,0.600004,0.399995,999.033,4.45401e-05,-1.0215e-05,0.999543
0.05,165,0.0997956,0.600004,0.500005,999.033,-4.45401e-05,1.0215e-05,0.999543
0.05,166,0.0998055,0.600002,0.600002,998.82,-0.00019692,2.73383e-05,0.999589
0.05,167,0.0998431,0.600001,0.700041,998.685,-0.000553228,5.80626e-05,0.999716
0.05,168,0.0999561,0.6,0.800044,996.725,-0.0005557,5.49098e-05,0.999902
0.05,169,0.0999991,0.6,0.900013,790.137,-0.000227463,1.77885e-05,1.00001
0.05,170,0.0999996,0.7,-1.22778e-05,790.067,0.000174905,-6.22073e-05,1.00002
0.05,171,0.0999645,0.700009,0.0999645,996.615,0.000416931,-0.000169183,0.999959
0.05,172,0.0998728,0.700033,0.199967,998.604,0.000412586,-0.000168066,0.999853
0.05,173,0.0998431,0.700041,0.299999,998.685,0.000141197,-5.90963e-05,0.999778
0.05,174,0.0998364,0.700043,0.399997,998.846,2.90972e-05,-1.33647e-05,0.999749
0.05,175,0.0998364,0.700043,0.500003,998.846,-2.90972e-05,1.33647e-05,0.999749
0.05,176,0.0998431,0.700041,0.600001,998.685,-0.000141197,5.90963e-05,0.999778
0.05,177,0.0998728,0.700033,0.700033,998.604,-0.000412586,0.000168066,0.999853
0.05,178,0.0999645,0.700009,0.800035,996.615,-0.000416931,0.000169183,0.999959
0.05,179,0.0999996,0.7,0.900012,790.067,-0.000174905,6.22073e-05,1.00002
0.05,180,0.100001,0.799999,-9.95588e-06,787.873,8.41084e-05,-8.41067e-05,1.00006
0.05,181,0.0999907,0.800009,0.0999907,994.356,0.00017604,-0.000176038,0.999951
0.05,182,0.0999645,0.800035,0.199991,996.615,0.000172681,-0.00017268,0.99977
0.05,183,0.0999561,0.800044,0.3,996.725,5.74286e-05,-5.74289e-05,0.999662
0.05,184,0.0999542,0.800046,0.399999,996.812,1.14295e-05,-1.14301e-05,0.999632
0.05,185,0.0999542,0.800046,0.500001,996.812,-1.14295e-05,1.14301e-05,0.999632
0.05,186,0.0999561,0.800044,0.6,996.725,-5.74286e-05,5.74289e-05,0.999662
0.05,187,0.0999645,0.800035,0.700009,996.615,-0.000172681,0.00017268,0.99977
0.05,188,0.0999907,0.800009,0.800009,994.356,-0.00017604,0.000176038,0.999951
0.05,189,0.100001,0.799999,0.90001,787.873,-8.41084e-05,8.41067e-05,1.00006
0.05,190,0.100002,0.90001,-1.04844e-05,622.819,3.18109e-05,-5.35427e-06,1.00009
0.05,191,0.100001,0.90001,0.100001,787.873,4.05555e-05,-7.05853e-05,0.999986
0.05,192,0.0999996,0.900012,0.2,790.067,4.03036e-05,-7.22271e-05,0.999829
0.05,193,0.0999991,0.900013,0.3,790.137,1.34717e-05,-2.36048e-05,0.999738
0.05,194,0.0999989,0.900014,0.4,790.165,2.84679e-06,-5.19084e-06,0.999715
0.05,195,0.0999989,0.900014,0.5,790.165,-2.84679e-06,5.19084e-06,0.999715
0.05,196,0.0999991,0.900013,0.6,790.137,-1.34717e-05,2.36048e-05,0.999738
0.05,197,0.0999996,0.900012,0.7,790.067,-4.03036e-05,7.22271e-05,0.999829
0.05,198,0.100001,0.90001,0.799999,787.873,-4.05555e-05,7.05853e-05,0.999986
0.05,199,0.100002,0.90001,0.90001,622.819,-3.18109e-05,5.35427e-06,1.00009
0.05,200,0.2,-1.04812e-05,-1.04809e-05,624.83,1.37684e-05,4.47222e-05,1.00001
0.05,201,0.2,-1.22774e-05,0.0999996,790.067,3.93238e-05,0.000176154,0.999837
0.05,202,0.199998,-2.30335e-05,0.199998,792.305,3.86026e-05,0.000174247,0.999577
0.05,203,0.199998,-2.56879e-05,0.299999,792.44,1.35584e-05,5.70433e-05,0.999408
0.05,204,0.199998,-2.70669e-05,0.4,792.498,3.16439e-06,1.2709e-05,0.999363
0.05,205,0.199998,-2.70669e-05,0.5,792.498,-3.16439e-06,-1.2709e-05,0.999363
0.05,206,0.199998,-2.56879e-05,0.600001,792.44,-1.35584e-05,-5.70433e-05,0.999408
0.05,207,0.199998,-2.30335e-05,0.700002,792.305,-3.86026e-05,-0.000174247,0.999577
0.05,208,0.2,-1.22774e-05,0.8,790.067,-3.93238e-05,-0.000176154,0.999837
0.05,209,0.2,-1.04812e-05,0.90001,624.83,-1.37684e-05,-4.47222e-05,1.00001
0.05,210,0.2,0.0999996,-1.22778e-05,790.067,6.22089e-05,0.000174901,1.00002
0.05,211,0.199991,0.0999645,0.0999645,996.615,0.000169185,0.000416927,0.999959
0.05,212,0.199967,0.0998728,0.199967,998.604,0.000168067,0.000412584,0.999853
0.05,213,0.199959,0.0998431,0.299999,998.685,5.90962e-05,0.000141197,0.999778
0.05,214,0.199957,0.0998364,0.399997,998.846,1.33642e-05,2.90982e-05,0.999749
0.05,215,0.199957,0.0998364,0.500003,998.846,-1.33642e-05,-2.90982e-05,0.999749
0.05,216,0.199959,0.0998431,0.600001,998.685,-5.90962e-05,-0.000141197,0.999778
0.05,217,0.199967,0.0998728,0.700033,998.604,-0.000168067,-0.000412584,0.999853
0.05,218,0.199991,0.0999645,0.800035,996.615,-0.000169185,-0.000416927,0.999959
0.05,219,0.2,0.0999996,0.900012,790.067,-6.22089e-05,-0.000174901,1.00002
0.05,220,0.199998,0.199998,-2.30351e-05,792.305,0.000150638,0.000150634,1.00008
0.05,221,0.199967,0.199967,0.0998728,998.604,0.000405414,0.00040541,1.00035
0.05,222,0.199877,0.199877,0.199877,999.569,0.00040947,0.000409468,1.00083
0.05,223,0.199847,0.199847,0.29999,999.316,0.000149217,0.000149218,1.00108
0.05,224,0.199839,0.199839,0.399988,999.576,3.52055e-05,3.52063e-05,1.00113
0.05,225,0.199839,0.199839,0.500012,999.576,-3.52055e-05,-3.52063e-05,1.00113
0.05,226,0.199847,0.199847,0.60001,999.316,-0.000149217,-0.000149218,1.00108
0.05,227,0.199877,0.199877,0.700123,999.569,-0.00040947,-0.000409468,1.00083
0.05,228,0.199967,0.199967,0.800127,998.604,-0.000405414,-0.00040541,1.00035
0.05,229,0.199998,0.199998,0.900023,792.305,-0.000150638,-0.000150634,1.00008
0.05,230,0.199998,0.299999,-2.56901e-05,792.44,0.000201856,4.45041e-05,1.00009
0.05,231,0.199959,0.299999,0.0998431,998.685,0.00054532,0.000138244,1.0004
0.05,232,0.199847,0.29999,0.199847,999.316,0.000556599,0.000148324,1.00095
0.05,233,0.199808,0.299987,0.299987,999.013,0.00021288,7.16862e-05,1.00125
0.05,234,0.199796,0.29998,0.399982,999.337,5.48198e-05,2.70807e-05,1.00131
0.05,235,0.199796,0.29998,0.500018,999.337,-5.48198e-05,-2.70807e-05,1.00131
0.05,236,0.199808,0.299987,0.600013,999.013,-0.00021288,-7.16862e-05,1.00125
0.05,237,0.199847,0.29999,0.700153,999.316,-0.000556599,-0.000148324,1.00095
0.05,238,0.199959,0.299999,0.800157,998.685,-0.00054532,-0.000138244,1.0004
0.05,239,0.199998,0.299999,0.900026,792.44,-0.000201856,-4.45041e-05,1.00009
0.05,240,0.199998,0.4,-2.7069e-05,792.498,0.000216577,9.76636e-06,1.00006
0.05,241,0.199957,0.399997,0.0998364,998.846,0.000588134,2.77515e-05,1.00028
0.05,242,0.199839,0.399988,0.199839,999.576,0.000606493,3.56579e-05,1.00067
0.05,243,0.199796,0.399982,0.29998,999.337,0.000244988,2.74689e-05,1.0009
0.05,244,0.199779,0.399978,0.399978,999.647,6.87842e-05,1.33353e-05,1.00097
0.05,245,0.199779,0.399978,0.500022,999.647,-6.87842e-05,-1.33353e-05,1.00097
0.05,246,0.199796,0.399982,0.60002,999.337,-0.000244988,-2.74689e-05,1.0009
0.05,247,0.199839,0.399988,0.700161,999.576,-0.000606493,-3.56579e-05,1.00067
0.05,248,0.199957,0.399997,0.800164,998.846,-0.000588134,-2.77515e-05,1.00028
0.05,249,0.199998,0.4,0.900027,792.498,-0.000216577,-9.76636e-06,1.00006
0.05,250,0.199998,0.5,-2.7069e-05,792.498,0.000216577,-9.76636e-06,1.00006
0.05,251,0.199957,0.500003,0.0998364,998.846,0.000588134,-2.77515e-05,1.00028
0.05,252,0.199839,0.500012,0.199839,999.576,0.000606493,-3.56579e-05,1.00067
0.05,253,0.199796,0.500018,0.29998,999.337,0.000244988,-2.74689e-05,1.0009
0.05,254,0.199779,0.500022,0.399978,999.647,6.87842e-05,-1.33353e-05,1.00097
0.05,255,0.199779,0.500022,0.500022,999.647,-6.87842e-05,1.33353e-05,1.00097
0.05,256,0.199796,0.500018,0.60002,999.337,-0.000244988,2.74689e-05,1.0009
0.05,257,0.199839,0.500012,0.700161,999.576,-0.000606493,3.56579e-05,1.00067
0.05,258,0.199957,0.500003,0.800164,998.846,-0.000588134,2.77515e-05,1.00028
0.05,259,0.199998,0.5,0.900027,792.498,-0.000216577,9.76636e-06,1.00006
0.05,260,0.199998,0.600001,-2.56901e-05,792.44,0.000201856,-4.45041e-05,1.00009
0.05,261,0.199959,0.600001,0.0998431,998.685,0.00054532,-0.000138244,1.0004
0.05,262,0.199847,0.60001,0.199847,999.316,0.000556599,-0.000148324,1.00095
0.05,263,0.199808,0.600013,0.299987,999.013,0.00021288,-7.16862e-05,1.00125
0.05,264,0.199796,0.60002,0.399982,999.337,5.48198e-05,-2.70807e-05,1.00131
0.05,265,0.199796,0.60002,0.500018,999.337,-5.48198e-05,2.70807e-05,1.00131
0.05,266,0.199808,0.600013,0.600013,999.013,-0.00021288,7.16862e-05,1.00125
0.05,267,0.199847,0.60001,0.700153,999.316,-0.000556599,0.000148324,1.00095
0.05,268,0.199959,0.600001,0.800157,998.685,-0.00054532,0.000138244,1.0004
0.05,269,0.199998,0.600001,0.900026,792.44,-0.000201856,4.45041e-05,1.00009
0.05,270,0.199998,0.700002,-2.30351e-05,792.305,0.000150638,-0.000150634,1.00008
0.05,271,0.199967,0.700033,0.0998728,998.604,0.000405414,-0.00040541,1.00035
0.05,272,0.199877,0.700123,0.199877,999.569,0.00040947,-0.000409468,1.00083
0.05,273,0.199847,0.700153,0.29999,999.316,0.000149217,-0.000149218,1.00108
0.05,274,0.199839,0.700161,0.399988,999.576,3.52055e-05,-3.52063e-05,1.00113
0.05,275,0.199839,0.700161,0.500012,999.576,-3.52055e-05,3.52063e-05,1.00113
0.05,276,0.199847,0.700153,0.60001,999.316,-0.000149217,0.000149218,1.00108
0.05,277,0.199877,0.700123,0.700123,999.569,-0.00040947,0.000409468,1.00083
0.05,278,0.199967,0.700033,0.800127,998.604,-0.000405414,0.00040541,1.00035
0.05,279,0.199998,0.700002,0.900023,792.305,-0.000150638,0.000150634,1.00008
0.05,280,0.2,0.8,-1.22778e-05,790.067,6.22089e-05,-0.000174901,1.00002
0.05,281,0.199991,0.800035,0.0999645,996.615,0.000169185,-0.000416927,0.999959
0.05,282,0.199967,0.800127,0.199967,998.604,0.000168067,-0.000412584,0.999853
0.05,283,0.199959,0.800157,0.299999,998.685,5.90962e-05,-0.000141197,0.999778
0.05,284,0.199957,0.800164,0.399997,998.846,1.33642e-05,-2.90982e-05,0.999749
0.05,285,0.199957,0.800164,0.500003,998.846,-1.33642e-05,2.90982e-05,0.999749
0.05,286,0.199959,0.800157,0.600001,998.685,-5.90962e-05,0.000141197,0.999778
0.05,287,0.199967,0.800127,0.700033,998.604,-0.000168067,0.000412584,0.999853
0.05,288,0.199991,0.800035,0.800035,996.615,-0.000169185,0.000416927,0.999959
0.05,289,0.2,0.8,0.900012,790.067,-6.22089e-05,0.000174901,1.00002
0.05,290,0.2,0.90001,-1.04809e-05,624.83,1.37684e-05,-4.47222e-05,1.00001
0.05,291,0.2,0.900012,0.0999996,790.067,3.93238e-05,-0.000176154,0.999837
0.05,292,0.199998,0.900023,0.199998,792.305,3.86026e-05,-0.000174247,0.999577
0.05,293,0.199998,0.900026,0.299999,792.44,1.35584e-05,-5.70433e-05,0.999408
0.05,294,0.199998,0.900027,0.4,792.498,3.16439e-06,-1.2709e-05,0.999363
0.05,295,0.199998,0.900027,0.5,792.498,-3.16439e-06,1.2709e-05,0.999363
0.05,296,0.199998,0.900026,0.600001,792.44,-1.35584e-05,5.70433e-05,0.999408
0.05,297,0.199998,0.900023,0.700002,792.305,-3.86026e-05,0.000174247,0.999577
0.05,298,0.2,0.900012,0.8,790.067,-3.93238e-05,0.000176154,0.999837
0.05,299,0.2,0.90001,0.90001,624.83,-1.37684e-05,4.47222e-05,1.00001
0.05,300,0.3,-1.07138e-05,-1.07135e-05,624.851,4.5923e-06,6.58173e-05,0.999993
0.05,301,0.3,-1.31676e-05,0.0999991,790.137,1.25745e-05,0.000234963,0.999761
0.05,302,0.299999,-2.56879e-05,0.199998,792.44,1.32045e-05,0.000232352,0.999395
0.05,303,0.299999,-2.8964e-05,0.299999,792.628,6.41852e-06,7.89347e-05,0.999158
0.05,304,0.299999,-3.08228e-05,0.4,792.709,2.35245e-06,1.91537e-05,0.999092
0.05,305,0.299999,-3.08228e-05,0.5,792.709,-2.35245e-06,-1.91537e-05,0.999092
0.05,306,0.299999,-2.8964e-05,0.600001,792.628,-6.41852e-06,-7.89347e-05,0.999158
0.05,307,0.299999,-2.56879e-05,0.700002,792.44,-1.32045e-05,-0.000232352,0.999395
0.05,308,0.3,-1.31676e-05,0.800001,790.137,-1.25745e-05,-0.000234963,0.999761
0.05,309,0.3,-1.07138e-05,0.900011,624.851,-4.5923e-06,-6.58173e-05,0.999993
0.05,310,0.3,0.0999991,-1.31681e-05,790.137,1.7789e-05,0.000227458,1.00001
0.05,311,0.3,0.0999561,0.0999561,996.725,5.49109e-05,0.000555695,0.999902
0.05,312,0.299999,0.0998431,0.199959,998.685,5.80634e-05,0.000553225,0.999716
0.05,313,0.299998,0.0998055,0.299998,998.82,2.73383e-05,0.000196921,0.999589
0.05,314,0.299996,0.0997956,0.399995,999.033,1.02148e-05,4.45413e-05,0.999543
0.05,315,0.299996,0.0997956,0.500005,999.033,-1.02148e-05,-4.45413e-05,0.999543
0.05,316,0.299998,0.0998055,0.600002,998.82,-2.73383e-05,-0.000196921,0.999589
0.05,317,0.299999,0.0998431,0.700041,998.685,-5.80634e-05,-0.000553225,0.999716
0.05,318,0.3,0.0999561,0.800044,996.725,-5.49109e-05,-0.000555695,0.999902
0.05,319,0.3,0.0999991,0.900013,790.137,-1.7789e-05,-0.000227458,1.00001
0.05,320,0.299999,0.199998,-2.56901e-05,792.44,4.45052e-05,0.000201851,1.00009
0.05,321,0.299999,0.199959,0.0998431,998.685,0.000138246,0.000545315,1.0004
0.05,322,0.29999,0.199847,0.199847,999.316,0.000148325,0.000556595,1.00095
0.05,323,0.299987,0.199808,0.299987,999.013,7.16861e-05,0.000212881,1.00125
0.05,324,0.29998,0.199796,0.399982,999.337,2.70803e-05,5.48208e-05,1.00131
0.05,325,0.29998,0.199796,0.500018,999.337,-2.70803e-05,-5.48208e-05,1.00131
0.05,326,0.299987,0.199808,0.600013,999.013,-7.16861e-05,-0.000212881,1.00125
0.05,327,0.29999,0.199847,0.700153,999.316,-0.000148325,-0.000556595,1.00095
0.05,328,0.299999,0.199959,0.800157,998.685,-0.000138246,-0.000545315,1.0004
0.05,329,0.299999,0.199998,0.900026,792.44,-4.45052e-05,-0.000201851,1.00009
0.05,330,0.299999,0.299999,-2.8967e-05,792.628,6.18481e-05,6.18465e-05,1.0001
0.05,331,0.299998,0.299998,0.0998055,998.82,0.000193587,0.000193584,1.00045
0.05,332,0.299987,0.299987,0.199808,999.013,0.000211889,0.000211887,1.00109
0.05,333,0.29998,0.29998,0.29998,998.64,0.000108681,0.000108681,1.00145
0.05,334,0.299971,0.299971,0.399974,999.03,4.25081e-05,4.25086e-05,1.00154
0.05,335,0.299971,0.299971,0.500026,999.03,-4.25081e-05,-4.25086e-05,1.00154
0.05,336,0.29998,0.29998,0.60002,998.64,-0.000108681,-0.000108681,1.00145
0.05,337,0.299987,0.299987,0.700192,999.013,-0.000211889,-0.000211887,1.00109
0.05,338,0.299998,0.299998,0.800194,998.82,-0.000193587,-0.000193584,1.00045
0.05,339,0.299999,0.299999,0.900029,792.628,-6.18481e-05,-6.18465e-05,1.0001
0.05,340,0.299999,0.4,-3.08257e-05,792.709,7.03236e-05,1.52013e-05,1.00007
0.05,341,0.299996,0.399995,0.0997956,999.033,0.000219063,4.30487e-05,1.0003
0.05,342,0.29998,0.399982,0.199796,999.337,0.000243962,5.58313e-05,1.00073
0.05,343,0.299971,0.399974,0.299971,999.03,0.00013178,4.32253e-05,1.00101
0.05,344,0.299959,0.399967,0.399967,999.385,5.28676e-05,2.07259e-05,1.00112
0.05,345,0.299959,0.399967,0.500033,999.385,-5.28676e-05,-2.07259e-05,1.00112
0.05,346,0.299971,0.399974,0.600029,999.03,-0.00013178,-4.32253e-05,1.00101
0.05,347,0.29998,0.399982,0.700204,999.337,-0.000243962,-5.58313e-05,1.00073
0.05,348,0.299996,0.399995,0.800204,999.033,-0.000219063,-4.30487e-05,1.0003
0.05,349,0.299999,0.4,0.900031,792.709,-7.03236e-05,-1.52013e-05,1.00007
0.05,350,0.299999,0.5,-3.08257e-05,792.709,7.03236e-05,-1.52013e-05,1.00007
0.05,351,0.299996,0.500005,0.0997956,999.033,0.000219063,-4.30487e-05,1.0003
0.05,352,0.29998,0.500018,0.199796,999.337,0.000243962,-5.58313e-05,1.00073
0.05,353,0.299971,0.500026,0.299971,999.03,0.00013178,-4.32253e-05,1.00101
0.05,354,0.299959,0.500033,0.399967,999.385,5.28676e-05,-2.07259e-05,1.00112
0.05,355,0.299959,0.500033,0.500033,999.385,-5.28676e-05,2.07259e-05,1.00112
0.05,356,0.299971,0.500026,0.600029,999.03,-0.00013178,4.32253e-05,1.00101
0.05,357,0.29998,0.500018,0.700204,999.337,-0.000243962,5.58313e-05,1.00073
0.05,358,0.299996,0.500005,0.800204,999.033,-0.000219063,4.30487e-05,1.0003
0.05,359,0.299999,0.5,0.900031,792.709,-7.03236e-05,1.52013e-05,1.00007
0.05,360,0.299999,0.600001,-2.8967e-05,792.628,6.18481e-05,-6.18465e-05,1.0001
0.05,361,0.299998,0.600002,0.0998055,998.82,0.000193587,-0.000193584,1.00045
0.05,362,0.299987,0.600013,0.199808,999.013,0.000211889,-0.000211887,1.00109
0.05,363,0.29998,0.60002,0.29998,998.64,0.000108681,-0.000108681,1.00145
0.05,364,0.299971,0.600029,0.399974,999.03,4.25081e-05,-4.25086e-05,1.00154
0.05,365,0.299971,0.600029,0.500026,999.03,-4.25081e-05,4.25086e-05,1.00154
0.05,366,0.29998,0.60002,0.60002,998.64,-0.000108681,0.000108681,1.00145
0.05,367,0.299987,0.600013,0.700192,999.013,-0.000211889,0.000211887,1.00109
0.05,368,0.299998,0.600002,0.800194,998.82,-0.000193587,0.000193584,1.00045
0.05,369,0.299999,0.600001,0.900029,792.628,-6.18481e-05,6.18465e-05,1.0001
0.05,370,0.299999,0.700002,-2.56901e-05,792.44,4.45052e-05,-0.000201851,1.00009
0.05,371,0.299999,0.700041,0.0998431,998.685,0.000138246,-0.000545315,1.0004
0.05,372,0.29999,0.700153,0.199847,999.316,0.000148325,-0.000556595,1.00095
0.05,373,0.299987,0.700192,0.299987,999.013,7.16861e-05,-0.000212881,1.00125
0.05,374,0.29998,0.700204,0.399982,999.337,2.70803e-05,-5.48208e-05,1.00131
0.05,375,0.29998,0.700204,0.500018,999.337,-2.70803e-05,5.48208e-05,1.00131
0.05,376,0.299987,0.700192,0.600013,999.013,-7.16861e-05,0.000212881,1.00125
0.05,377,0.29999,0.700153,0.700153,999.316,-0.000148325,0.000556595,1.00095
0.05,378,0.299999,0.700041,0.800157,998.685,-0.000138246,0.000545315,1.0004
0.05,379,0.299999,0.700002,0.900026,792.44,-4.45052e-05,0.000201851,1.00009
0.05,380,0.3,0.800001,-1.31681e-05,790.137,1.7789e-05,-0.000227458,1.00001
0.05,381,0.3,0.800044,0.0999561,996.725,5.49109e-05,-0.000555695,0.999902
0.05,382,0.299999,0.800157,0.199959,998.685,5.80634e-05,-0.000553225,0.999716
0.05,383,0.299998,0.800194,0.299998,998.82,2.73383e-05,-0.000196921,0.999589
0.05,384,0.299996,0.800204,0.399995,999.033,1.02148e-05,-4.45413e-05,0.999543
0.05,385,0.299996,0.800204,0.500005,999.033,-1.02148e-05,4.45413e-05,0.999543
0.05,386,0.299998,0.800194,0.600002,998.82,-2.73383e-05,0.000196921,0.999589
0.05,387,0.299999,0.800157,0.700041,998.685,-5.80634e-05,0.000553225,0.999716
0.05,388,0.3,0.800044,0.800044,996.725,-5.49109e-05,0.000555695,0.999902
0.05,389,0.3,0.800001,0.900013,790.137,-1.7789e-05,0.000227458,1.00001
0.05,390,0.3,0.900011,-1.07135e-05,624.851,4.5923e-06,-6.58173e-05,0.999993
0.05,391,0.3,0.900013,0.0999991,790.137,1.25745e-05,-0.000234963,0.999761
0.05,392,0.299999,0.900026,0.199998,792.44,1.32045e-05,-0.000232352,0.999395
0.05,393,0.299999,0.900029,0.299999,792.628,6.41852e-06,-7.89347e-05,0.999158
0.05,394,0.299999,0.900031,0.4,792.709,2.35245e-06,-1.91537e-05,0.999092
0.05,395,0.299999,0.900031,0.5,792.709,-2.35245e-06,1.91537e-05,0.999092
0.05,396,0.299999,0.900029,0.600001,792.628,-6.41852e-06,7.89347e-05,0.999158
0.05,397,0.299999,0.900026,0.700002,792.44,-1.32045e-05,0.000232352,0.999395
0.05,398,0.3,0.900013,0.800001,790.137,-1.25745e-05,0.000234963,0.999761
0.05,399,0.3,0.900011,0.900011,624.851,-4.5923e-06,6.58173e-05,0.999993
0.05,400,0.4,-1.07874e-05,-1.0787e-05,624.859,1.05979e-06,7.20383e-05,0.999986
0.05,401,0.4,-1.35901e-05,0.0999989,790.165,2.47991e-06,0.000251381,0.999729
0.05,402,0.4,-2.70666e-05,0.199998,792.498,3.02232e-06,0.000250179,0.999319
0.05,403,0.4,-3.08225e-05,0.299999,792.709,2.37234e-06,8.94619e-05,0.999053
0.05,404,0.4,-3.31008e-05,0.4,792.799,1.12104e-06,2.37149e-05,0.998976
0.05,405,0.4,-3.31008e-05,0.5,792.799,-1.12104e-06,-2.37149e-05,0.998976
0.05,406,0.4,-3.08225e-05,0.600001,792.709,-2.37234e-06,-8.94619e-05,0.999053
0.05,407,0.4,-2.70666e-05,0.700002,792.498,-3.02232e-06,-0.000250179,0.999319
0.05,408,0.4,-1.35901e-05,0.800001,790.165,-2.47991e-06,-0.000251381,0.999729
0.05,409,0.4,-1.07874e-05,0.900011,624.859,-1.05979e-06,-7.20383e-05,0.999986
0.05,410,0.4,0.0999989,-1.35907e-05,790.165,3.85411e-06,0.000241482,0.999994
0.05,411,0.399999,0.0999542,0.0999542,996.812,1.04205e-05,0.000594329,0.99983
0.05,412,0.399997,0.0998364,0.199957,998.846,1.32223e-05,0.000596294,0.999545
0.05,413,0.399995,0.0997956,0.299996,999.033,1.03607e-05,0.000222992,0.999364
0.05,414,0.399994,0.0997819,0.399994,999.253,5.07092e-06,5.56169e-05,0.999308
0.05,415,0.399994,0.0997819,0.500006,999.253,-5.07092e-06,-5.56169e-05,0.999308
0.05,416,0.399995,0.0997956,0.600004,999.033,-1.03607e-05,-0.000222992,0.999364
0.05,417,0.399997,0.0998364,0.700043,998.846,-1.32223e-05,-0.000596294,0.999545
0.05,418,0.399999,0.0999542,0.800046,996.812,-1.04205e-05,-0.000594329,0.99983
0.05,419,0.4,0.0999989,0.900014,790.165,-3.85411e-06,-0.000241482,0.999994
0.05,420,0.4,0.199998,-2.7069e-05,792.498,9.76651e-06,0.000216572,1.00006
0.05,421,0.399997,0.199957,0.0998364,998.846,2.7752e-05,0.000588128,1.00028
0.05,422,0.399988,0.199839,0.199839,999.576,3.56583e-05,0.000606489,1.00067
0.05,423,0.399982,0.199796,0.29998,999.337,2.74689e-05,0.000244988,1.0009
0.05,424,0.399978,0.199779,0.399978,999.647,1.33352e-05,6.87854e-05,1.00097
0.05,425,0.399978,0.199779,0.500022,999.647,-1.33352e-05,-6.87854e-05,1.00097
0.05,426,0.399982,0.199796,0.60002,999.337,-2.74689e-05,-0.000244988,1.0009
0.05,427,0.399988,0.199839,0.700161,999.576,-3.56583e-05,-0.000606489,1.00067
0.05,428,0.399997,0.199957,0.800164,998.846,-2.7752e-05,-0.000588128,1.00028
0.05,429,0.4,0.199998,0.900027,792.498,-9.76651e-06,-0.000216572,1.00006
0.05,430,0.4,0.299999,-3.08257e-05,792.709,1.52015e-05,7.03219e-05,1.00007
0.05,431,0.399995,0.299996,0.0997956,999.033,4.30494e-05,0.00021906,1.0003
0.05,432,0.399982,0.29998,0.199796,999.337,5.58318e-05,0.00024396,1.00073
0.05,433,0.399974,0.299971,0.299971,999.03,4.32253e-05,0.00013178,1.00101
0.05,434,0.399967,0.299959,0.399967,999.385,2.07258e-05,5.28682e-05,1.00112
0.05,435,0.399967,0.299959,0.500033,999.385,-2.07258e-05,-5.28682e-05,1.00112
0.05,436,0.399974,0.299971,0.600029,999.03,-4.32253e-05,-0.00013178,1.00101
0.05,437,0.399982,0.29998,0.700204,999.337,-5.58318e-05,-0.00024396,1.00073
0.05,438,0.399995,0.299996,0.800204,999.033,-4.30494e-05,-0.00021906,1.0003
0.05,439,0.4,0.299999,0.900031,792.709,-1.52015e-05,-7.03219e-05,1.00007
0.05,440,0.4,0.4,-3.31039e-05,792.799,1.90898e-05,1.90895e-05,1.00003
0.05,441,0.399994,0.399994,0.0997819,999.253,5.38461e-05,5.38453e-05,1.00014
0.05,442,0.399978,0.399978,0.199779,999.647,6.99718e-05,6.99712e-05,1.00039
0.05,443,0.399967,0.399967,0.299959,999.385,5.36498e-05,5.36497e-05,1.0006
0.05,444,0.399958,0.399958,0.399958,999.688,2.51895e-05,2.51897e-05,1.00075
0.05,445,0.399958,0.399958,0.500042,999.688,-2.51895e-05,-2.51897e-05,1.00075
0.05,446,0.399967,0.399967,0.600041,999.385,-5.36498e-05,-5.36497e-05,1.0006
0.05,447,0.399978,0.399978,0.700221,999.647,-6.99718e-05,-6.99712e-05,1.00039
0.05,448,0.399994,0.399994,0.800218,999.253,-5.38461e-05,-5.38453e-05,1.00014
0.05,449,0.4,0.4,0.900033,792.799,-1.90898e-05,-1.90895e-05,1.00003
0.05,450,0.4,0.5,-3.31039e-05,792.799,1.90898e-05,-1.90895e-05,1.00003
0.05,451,0.399994,0.500006,0.0997819,999.253,5.38461e-05,-5.38453e-05,1.00014
0.05,452,0.399978,0.500022,0.199779,999.647,6.99718e-05,-6.99712e-05,1.00039
0.05,453,0.399967,0.500033,0.299959,999.385,5.36498e-05,-5.36497e-05,1.0006
0.05,454,0.399958,0.500042,0.399958,999.688,2.51895e-05,-2.51897e-05,1.00075
0.05,455,0.399958,0.500042,0.500042,999.688,-2.51895e-05,2.51897e-05,1.00075
0.05,456,0.399967,0.500033,0.600041,999.385,-5.36498e-05,5.36497e-05,1.0006
0.05,457,0.399978,0.500022,0.700221,999.647,-6.99718e-05,6.99712e-05,1.00039
0.05,458,0.399994,0.500006,0.800218,999.253,-5.38461e-05,5.38453e-05,1.00014
0.05,459,0.4,0.5,0.900033,792.799,-1.90898e-05,1.90895e-05,1.00003
0.05,460,0.4,0.600001,-3.08257e-05,792.709,1.52015e-05,-7.03219e-05,1.00007
0.05,461,0.399995,0.600004,0.0997956,999.033,4.30494e-05,-0.00021906,1.0003
0.05,462,0.399982,0.60002,0.199796,999.337,5.58318e-05,-0.00024396,1.00073
0.05,463,0.399974,0.600029,0.299971,999.03,4.32253e-05,-0.00013178,1.00101
0.05,464,0.399967,0.600041,0.399967,999.385,2.07258e-05,-5.28682e-05,1.00112
0.05,465,0.399967,0.600041,0.500033,999.385,-2.07258e-05,5.28682e-05,1.00112
0.05,466,0.399974,0.600029,0.600029,999.03,-4.32253e-05,0.00013178,1.00101
0.05,467,0.399982,0.60002,0.700204,999.337,-5.58318e-05,0.00024396,1.00073
0.05,468,0.399995,0.600004,0.800204,999.033,-4.30494e-05,0.00021906,1.0003
0.05,469,0.4,0.600001,0.900031,792.709,-1.52015e-05,7.03219e-05,1.00007
0.05,470,0.4,0.700002,-2.7069e-05,792.498,9.76651e-06,-0.000216572,1.00006
0.05,471,0.399997,0.700043,0.0998364,998.846,2.7752e-05,-0.000588128,1.00028
0.05,472,0.399988,0.700161,0.199839,999.576,3.56583e-05,-0.000606489,1.00067
0.05,473,0.399982,0.700204,0.29998,999.337,2.74689e-05,-0.000244988,1.0009
0.05,474,0.399978,0.700221,0.399978,999.647,1.33352e-05,-6.87854e-05,1.00097
0.05,475,0.399978,0.700221,0.500022,999.647,-1.33352e-05,6.87854e-05,1.00097
0.05,476,0.399982,0.700204,0.60002,999.337,-2.74689e-05,0.000244988,1.0009
0.05,477,0.399988,0.700161,0.700161,999.576,-3.56583e-05,0.000606489,1.00067
0.05,478,0.399997,0.700043,0.800164,998.846,-2.7752e-05,0.000588128,1.00028
0.05,479,0.4,0.700002,0.900027,792.498,-9.76651e-06,0.000216572,1.00006
0.05,480,0.4,0.800001,-1.35907e-05,790.165,3.85411e-06,-0.000241482,0.999994
0.05,481,0.399999,0.800046,0.0999542,996.812,1.04205e-05,-0.000594329,0.99983
0.05,482,0.399997,0.800164,0.199957,998.846,1.32223e-05,-0.000596294,0.999545
0.05,483,0.399995,0.800204,0.299996,999.033,1.03607e-05,-0.000222992,0.999364
0.05,484,0.399994,0.800218,0.399994,999.253,5.07092e-06,-5.56169e-05,0.999308
0.05,485,0.399994,0.800218,0.500006,999.253,-5.07092e-06,5.56169e-05,0.999308
0.05,486,0.399995,0.800204,0.600004,999.033,-1.03607e-05,0.000222992,0.999364
0.05,487,0.399997,0.800164,0.700043,998.846,-1.32223e-05,0.000596294,0.999545
0.05,488,0.399999,0.800046,0.800046,996.812,-1.04205e-05,0.000594329,0.99983
0.05,489,0.4,0.800001,0.900014,790.165,-3.85411e-06,0.000241482,0.999994
0.05,490,0.4,0.900011,-1.0787e-05,624.859,1.05979e-06,-7.20383e-05,0.999986
0.05,491,0.4,0.900014,0.0999989,790.165,2.47991e-06,-0.000251381,0.999729
0.05,492,0.4,0.900027,0.199998,792.498,3.02232e-06,-0.000250179,0.999319
0.05,493,0.4,0.900031,0.299999,792.709,2.37234e-06,-8.94619e-05,0.999053
0.05,494,0.4,0.900033,0.4,792.799,1.12104e-06,-2.37149e-05,0.998976
0.05,495,0.4,0.900033,0.5,792.799,-1.12104e-06,2.37149e-05,0.998976
0.05,496,0.4,0.900031,0.600001,792.709,-2.37234e-06,8.94619e-05,0.999053
0.05,497,0.4,0.900027,0.700002,792.498,-3.02232e-06,0.000250179,0.999319
0.05,498,0.4,0.900014,0.800001,790.165,-2.47991e-06,0.000251381,0.999729
0.05,499,0.4,0.900011,0.900011,624.859,-1.05979e-06,7.20383e-05,0.999986
0.05,500,0.5,-1.07874e-05,-1.0787e-05,624.859,-1.05979e-06,7.20383e-05,0.999986
0.05,501,0.5,-1.35901e-05,0.0999989,790.165,-2.47991e-06,0.000251381,0.999729
0.05,502,0.5,-2.70666e-05,0.199998,792.498,-3.02232e-06,0.000250179,0.999319
0.05,503,0.5,-3.08225e-05,0.299999,792.709,-2.37234e-06,8.94619e-05,0.999053
0.05,504,0.5,-3.31008e-05,0.4,792.799,-1.12104e-06,2.37149e-05,0.998976
0.05,505,0.5,-3.31008e-05,0.5,792.799,1.12104e-06,-2.37149e-05,0.998976
0.05,506,0.5,-3.08225e-05,0.600001,792.709,2.37234e-06,-8.94619e-05,0.999053
0.05,507,0.5,-2.70666e-05,0.700002,792.498,3.02232e-06,-0.000250179,0.999319
0.05,508,0.5,-1.35901e-05,0.800001,790.165,2.47991e-06,-0.000251381,0.999729
0.05,509,0.5,-1.07874e-05,0.900011,624.859,1.05979e-06,-7.20383e-05,0.999986
0.05,510,0.5,0.0999989,-1.35907e-05,790.165,-3.85411e-06,0.000241482,0.999994
0.05,511,0.500001,0.0999542,0.0999542,996.812,-1.04205e-05,0.000594329,0.99983
0.05,512,0.500003,0.0998364,0.199957,998.846,-1.32223e-05,0.000596294,0.999545
0.05,513,0.500005,0.0997956,0.299996,999.033,-1.03607e-05,0.000222992,0.999364
0.05,514,0.500006,0.0997819,0.399994,999.253,-5.07092e-06,5.56169e-05,0.999308
0.05,515,0.500006,0.0997819,0.500006,999.253,5.07092e-06,-5.56169e-05,0.999308
0.05,516,0.500005,0.0997956,0.600004,999.033,1.03607e-05,-0.000222992,0.999364
0.05,517,0.500003,0.0998364,0.700043,998.846,1.32223e-05,-0.000596294,0.999545
0.05,518,0.500001,0.0999542,0.800046,996.812,1.04205e-05,-0.000594329,0.99983
0.05,519,0.5,0.0999989,0.900014,790.165,3.85411e-06,-0.000241482,0.999994
0.05,520,0.5,0.199998,-2.7069e-05,792.498,-9.76651e-06,0.000216572,1.00006
0.05,521,0.500003,0.199957,0.0998364,998.846,-2.7752e-05,0.000588128,1.00028
0.05,522,0.500012,0.199839,0.199839,999.576,-3.56583e-05,0.000606489,1.00067
0.05,523,0.500018,0.199796,0.29998,999.337,-2.74689e-05,0.000244988,1.0009
0.05,524,0.500022,0.199779,0.399978,999.647,-1.33352e-05,6.87854e-05,1.00097
0.05,525,0.500022,0.199779,0.500022,999.647,1.33352e-05,-6.87854e-05,1.00097
0.05,526,0.500018,0.199796,0.60002,999.337,2.74689e-05,-0.000244988,1.0009
0.05,527,0.500012,0.199839,0.700161,999.576,3.56583e-05,-0.000606489,1.00067
0.05,528,0.500003,0.199957,0.800164,998.846,2.7752e-05,-0.000588128,1.00028
0.05,529,0.5,0.199998,0.900027,792.498,9.76651e-06,-0.000216572,1.00006
0.05,530,0.5,0.299999,-3.08257e-05,792.709,-1.52015e-05,7.03219e-05,1.00007
0.05,531,0.500005,0.299996,0.0997956,999.033,-4.30494e-05,0.00021906,1.0003
0.05,532,0.500018,0.29998,0.199796,999.337,-5.58318e-05,0.00024396,1.00073
0.05,533,0.500026,0.299971,0.299971,999.03,-4.32253e-05,0.00013178,1.00101
0.05,534,0.500033,0.299959,0.399967,999.385,-2.07258e-05,5.28682e-05,1.00112
0.05,535,0.500033,0.299959,0.500033,999.385,2.07258e-05,-5.28682e-05,1.00112
0.05,536,0.500026,0.299971,0.600029,999.03,4.32253e-05,-0.00013178,1.00101
0.05,537,0.500018,0.29998,0.700204,999.337,5.58318e-05,-0.00024396,1.00073
0.05,538,0.500005,0.299996,0.800204,999.033,4.30494e-05,-0.00021906,1.0003
0.05,539,0.5,0.299999,0.900031,792.709,1.52015e-05,-7.03219e-05,1.00007
0.05,540,0.5,0.4,-3.31039e-05,792.799,-1.90898e-05,1.90895e-05,1.00003
0.05,541,0.500006,0.399994,0.0997819,999.253,-5.38461e-05,5.38453e-05,1.00014
0.05,542,0.500022,0.399978,0.199779,999.647,-6.99718e-05,6.99712e-05,1.00039
0.05,543,0.500033,0.399967,0.299959,999.385,-5.36498e-05,5.36497e-05,1.0006
0.05,544,0.500042,0.399958,0.399958,999.688,-2.51895e-05,2.51897e-05,1.00075
0.05,545,0.500042,0.399958,0.500042,999.688,2.51895e-05,-2.51897e-05,1.00075
0.05,546,0.500033,0.399967,0.600041,999.385,5.36498e-05,-5.36497e-05,1.0006
0.05,547,0.500022,0.399978,0.700221,999.647,6.99718e-05,-6.99712e-05,1.00039
0.05,548,0.500006,0.399994,0.800218,999.253,5.38461e-05,-5.38453e-05,1.00014
0.05,549,0.5,0.4,0.900033,792.799,1.90898e-05,-1.90895e-05,1.00003
0.05,550,0.5,0.5,-3.31039e-05,792.799,-1.90898e-05,-1.90895e-05,1.00003
0.05,551,0.500006,0.500006,0.0997819,999.253,-5.38461e-05,-5.38453e-05,1.00014
0.05,552,0.500022,0.500022,0.199779,999.647,-6.99718e-05,-6.99712e-05,1.00039
0.05,553,0.500033,0.500033,0.299959,999.385,-5.36498e-05,-5.36497e-05,1.0006
0.05,554,0.500042,0.500042,0.399958,999.688,-2.51895e-05,-2.51897e-05,1.00075
0.05,555,0.500042,0.500042,0.500042,999.688,2.51895e-05,2.51897e-05,1.00075
0.05,556,0.500033,0.500033,0.600041,999.385,5.36498e-05,5.36497e-05,1.0006
0.05,557,0.500022,0.500022,0.700221,999.647,6.99718e-05,6.99712e-05,1.00039
0.05,558,0.500006,0.500006,0.800218,999.253,5.38461e-05,5.38453e-05,1.00014
0.05,559,0.5,0.5,0.900033,792.799,1.90898e-05,1.90895e-05,1.00003
0.05,560,0.5,0.600001,-3.08257e-05,792.709,-1.52015e-05,-7.03219e-05,1.00007
0.05,561,0.500005,0.600004,0.0997956,999.033,-4.30494e-05,-0.00021906,1.0003
0.05,562,0.500018,0.60002,0.199796,999.337,-5.58318e-05,-0.00024396,1.00073
0.05,563,0.500026,0.600029,0.299971,999.03,-4.32253e-05,-0.00013178,1.00101
0.05,564,0.500033,0.600041,0.399967,999.385,-2.07258e-05,-5.28682e-05,1.00112
0.05,565,0.500033,0.600041,0.500033,999.385,2.07258e-05,5.28682e-05,1.00112
0.05,566,0.500026,0.600029,0.600029,999.03,4.32253e-05,0.00013178,1.00101
0.05,567,0.500018,0.60002,0.700204,999.337,5.58318e-05,0.00024396,1.00073
0.05,568,0.500005,0.600004,0.800204,999.033,4.30494e-05,0.00021906,1.0003
0.05,569,0.5,0.600001,0.900031,792.709,1.52015e-05,7.03219e-05,1.00007
0.05,570,0.5,0.700002,-2.7069e-05,792.498,-9.76651e-06,-0.000216572,1.00006
0.05,571,0.500003,0.700043,0.0998364,998.846,-2.7752e-05,-0.000588128,1.00028
0.05,572,0.500012,0.700161,0.199839,999.576,-3.56583e-05,-0.000606489,1.00067
0.05,573,0.500018,0.700204,0.29998,999.337,-2.74689e-05,-0.000244988,1.0009
0.05,574,0.500022,0.700221,0.399978,999.647,-1.33352e-05,-6.87854e-05,1.00097
0.05,575,0.500022,0.700221,0.500022,999.647,1.33352e-05,6.87854e-05,1.00097
0.05,576,0.500018,0.700204,0.60002,999.337,2.74689e-05,0.000244988,1.0009
0.05,577,0.500012,0.700161,0.700161,999.576,3.56583e-05,0.000606489,1.00067
0.05,578,0.500003,0.700043,0.800164,998.846,2.7752e-05,0.000588128,1.00028
0.05,579,0.5,0.700002,0.900027,792.498,9.76651e-06,0.000216572,1.00006
0.05,580,0.5,0.800001,-1.35907e-05,790.165,-3.85411e-06,-0.000241482,0.999994
0.05,581,0.500001,0.800046,0.0999542,996.812,-1.04205e-05,-0.000594329,0.99983
0.05,582,0.500003,0.800164,0.199957,998.846,-1.32223e-05,-0.000596294,0.999545
0.05,583,0.500005,0.800204,0.299996,999.033,-1.03607e-05,-0.000222992,0.999364
0.05,584,0.500006,0.800218,0.399994,999.253,-5.07092e-06,-5.56169e-05,0.999308
0.05,585,0.500006,0.800218,0.500006,999.253,5.07092e-06,5.56169e-05,0.999308
0.05,586,0.500005,0.800204,0.600004,999.033,1.03607e-05,0.000222992,0.999364
0.05,587,0.500003,0.800164,0.700043,998.846,1.32223e-05,0.000596294,0.999545
0.05,588,0.500001,0.800046,0.800046,996.812,1.04205e-05,0.000594329,0.99983
0.05,589,0.5,0.800001,0.900014,790.165,3.85411e-06,0.000241482,0.999994
0.05,590,0.5,0.900011,-1.0787e-05,624.859,-1.05979e-06,-7.20383e-05,0.999986
0.05,591,0.5,0.900014,0.0999989,790.165,-2.47991e-06,-0.000251381,0.999729
0.05,592,0.5,0.900027,0.199998,792.498,-3.02232e-06,-0.000250179,0.999319
0.05,593,0.5,0.900031,0.299999,792.709,-2.37234e-06,-8.94619e-05,0.999053
0.05,594,0.5,0.900033,0.4,792.799,-1.12104e-06,-2.37149e-05,0.998976
0.05,595,0.5,0.900033,0.5,792.799,1.12104e-06,2.37149e-05,0.998976
0.05,596,0.5,0.900031,0.600001,792.709,2.37234e-06,8.94619e-05,0.999053
0.05,597,0.5,0.900027,0.700002,792.498,3.02232e-06,0.000250179,0.999319
0.05,598,0.5,0.900014,0.800001,790.165,2.47991e-06,0.000251381,0.999729
0.05,599,0.5,0.900011,0.900011,624.859,1.05979e-06,7.20383e-05,0.999986
0.05,600,0.6,-1.07138e-05,-1.07135e-05,624.851,-4.5923e-06,6.58173e-05,0.999993
0.05,601,0.6,-1.31676e-05,0.0999991,790.137,-1.25745e-05,0.000234963,0.999761
0.05,602,0.600001,-2.56879e-05,0.199998,792.44,-1.32045e-05,0.000232352,0.999395
0.05,603,0.600001,-2.8964e-05,0.299999,792.628,-6.41852e-06,7.89347e-05,0.999158
0.05,604,0.600001,-3.08228e-05,0.4,792.709,-2.35245e-06,1.91537e-05,0.999092
0.05,605,0.600001,-3.08228e-05,0.5,792.709,2.35245e-06,-1.91537e-05,0.999092
0.05,606,0.600001,-2.8964e-05,0.600001,792.628,6.41852e-06,-7.89347e-05,0.999158
0.05,607,0.600001,-2.56879e-05,0.700002,792.44,1.32045e-05,-0.000232352,0.999395
0.05,608,0.6,-1.31676e-05,0.800001,790.137,1.25745e-05,-0.000234963,0.999761
0.05,609,0.6,-1.07138e-05,0.900011,624.851,4.5923e-06,-6.58173e-05,0.999993
0.05,610,0.6,0.0999991,-1.31681e-05,790.137,-1.7789e-05,0.000227458,1.00001
0.05,611,0.6,0.0999561,0.0999561,996.725,-5.49109e-05,0.000555695,0.999902
0.05,612,0.600001,0.0998431,0.199959,998.685,-5.80634e-05,0.000553225,0.999716
0.05,613,0.600002,0.0998055,0.299998,998.82,-2.73383e-05,0.000196921,0.999589
0.05,614,0.600004,0.0997956,0.399995,999.033,-1.02148e-05,4.45413e-05,0.999543
0.05,615,0.600004,0.0997956,0.500005,999.033,1.02148e-05,-4.45413e-05,0.999543
0.05,616,0.600002,0.0998055,0.600002,998.82,2.73383e-05,-0.000196921,0.999589
0.05,617,0.600001,0.0998431,0.700041,998.685,5.80634e-05,-0.000553225,0.999716
0.05,618,0.6,0.0999561,0.800044,996.725,5.49109e-05,-0.000555695,0.999902
0.05,619,0.6,0.0999991,0.900013,790.137,1.7789e-05,-0.000227458,1.00001
0.05,620,0.600001,0.199998,-2.56901e-05,792.44,-4.45052e-05,0.000201851,1.00009
0.05,621,0.600001,0.199959,0.0998431,998.685,-0.000138246,0.000545315,1.0004
0.05,622,0.60001,0.199847,0.199847,999.316,-0.000148325,0.000556595,1.00095
0.05,623,0.600013,0.199808,0.299987,999.013,-7.16861e-05,0.000212881,1.00125
0.05,624,0.60002,0.199796,0.399982,999.337,-2.70803e-05,5.48208e-05,1.00131
0.05,625,0.60002,0.199796,0.500018,999.337,2.70803e-05,-5.48208e-05,1.00131
0.05,626,0.600013,0.199808,0.600013,999.013,7.16861e-05,-0.000212881,1.00125
0.05,627,0.60001,0.199847,0.700153,999.316,0.000148325,-0.000556595,1.00095
0.05,628,0.600001,0.199959,0.800157,998.685,0.000138246,-0.000545315,1.0004
0.05,629,0.600001,0.199998,0.900026,792.44,4.45052e-05,-0.000201851,1.00009
0.05,630,0.600001,0.299999,-2.8967e-05,792.628,-6.18481e-05,6.18465e-05,1.0001
0.05,631,0.600002,0.299998,0.0998055,998.82,-0.000193587,0.000193584,1.00045
0.05,632,0.600013,0.299987,0.199808,999.013,-0.000211889,0.000211887,1.00109
0.05,633,0.60002,0.29998,0.29998,998.64,-0.000108681,0.000108681,1.00145
0.05,634,0.600029,0.299971,0.399974,999.03,-4.25081e-05,4.25086e-05,1.00154
0.05,635,0.600029,0.299971,0.500026,999.03,4.25081e-05,-4.25086e-05,1.00154
0.05,636,0.60002,0.29998,0.60002,998.64,0.000108681,-0.000108681,1.00145
0.05,637,0.600013,0.299987,0.700192,999.013,0.000211889,-0.000211887,1.00109
0.05,638,0.600002,0.299998,0.800194,998.82,0.000193587,-0.000193584,1.00045
0.05,639,0.600001,0.299999,0.900029,792.628,6.18481e-05,-6.18465e-05,1.0001
0.05,640,0.600001,0.4,-3.08257e-05,792.709,-7.03236e-05,1.52013e-05,1.00007
0.05,641,0.600004,0.399995,0.0997956,999.033,-0.000219063,4.30487e-05,1.0003
0.05,642,0.60002,0.399982,0.199796,999.337,-0.000243962,5.58313e-05,1.00073
0.05,643,0.600029,0.399974,0.299971,999.03,-0.00013178,4.32253e-05,1.00101
0.05,644,0.600041,0.399967,0.399967,999.385,-5.28676e-05,2.07259e-05,1.00112
0.05,645,0.600041,0.399967,0.500033,999.385,5.28676e-05,-2.07259e-05,1.00112
0.05,646,0.600029,0.399974,0.600029,999.03,0.00013178,-4.32253e-05,1.00101
0.05,647,0.60002,0.399982,0.700204,999.337,0.000243962,-5.58313e-05,1.00073
0.05,648,0.600004,0.399995,0.800204,999.033,0.000219063,-4.30487e-05,1.0003
0.05,649,0.600001,0.4,0.900031,792.709,7.03236e-05,-1.52013e-05,1.00007
0.05,650,0.600001,0.5,-3.08257e-05,792.709,-7.03236e-05,-1.52013e-05,1.00007
0.05,651,0.600004,0.500005,0.0997956,999.033,-0.000219063,-4.30487e-05,1.0003
0.05,652,0.60002,0.500018,0.199796,999.337,-0.000243962,-5.58313e-05,1.00073
0.05,653,0.600029,0.500026,0.299971,999.03,-0.00013178,-4.32253e-05,1.00101
0.05,654,0.600041,0.500033,0.399967,999.385,-5.28676e-05,-2.07259e-05,1.00112
0.05,655,0.600041,0.500033,0.500033,999.385,5.28676e-05,2.07259e-05,1.00112
0.05,656,0.600029,0.500026,0.600029,999.03,0.00013178,4.32253e-05,1.00101
0.05,657,0.60002,0.500018,0.700204,999.337,0.000243962,5.58313e-05,1.00073
0.05,658,0.600004,0.500005,0.800204,999.033,0.000219063,4.30487e-05,1.0003
0.05,659,0.600001,0.5,0.900031,792.709,7.03236e-05,1.52013e-05,1.00007
0.05,660,0.600001,0.600001,-2.8967e-05,792.628,-6.18481e-05,-6.18465e-05,1.0001
0.05,661,0.600002,0.600002,0.0998055,998.82,-0.000193587,-0.000193584,1.00045
0.05,662,0.600013,0.600013,0.199808,999.013,-0.000211889,-0.000211887,1.00109
0.05,663,0.60002,0.60002,0.29998,998.64,-0.000108681,-0.000108681,1.00145
0.05,664,0.600029,0.600029,0.399974,999.03,-4.25081e-05,-4.25086e-05,1.00154
0.05,665,0.600029,0.600029,0.500026,999.03,4.25081e-05,4.25086e-05,1.00154
0.05,666,0.60002,0.60002,0.60002,998.64,0.000108681,0.000108681,1.00145
0.05,667,0.600013,0.600013,0.700192,999.013,0.000211889,0.000211887,1.00109
0.05,668,0.600002,0.600002,0.800194,998.82,0.000193587,0.000193584,1.00045
0.05,669,0.600001,0.600001,0.900029,792.628,6.18481e-05,6.18465e-05,1.0001
0.05,670,0.600001,0.700002,-2.56901e-05,792.44,-4.45052e-05,-0.000201851,1.00009
0.05,671,0.600001,0.700041,0.0998431,998.685,-0.000138246,-0.000545315,1.0004
0.05,672,0.60001,0.700153,0.199847,999.316,-0.000148325,-0.000556595,1.00095
0.05,673,0.600013,0.700192,0.299987,999.013,-7.16861e-05,-0.000212881,1.00125
0.05,674,0.60002,0.700204,0.399982,999.337,-2.70803e-05,-5.48208e-05,1.00131
0.05,675,0.60002,0.700204,0.500018,999.337,2.70803e-05,5.48208e-05,1.00131
0.05,676,0.600013,0.700192,0.600013,999.013,7.16861e-05,0.000212881,1.00125
0.05,677,0.60001,0.700153,0.700153,999.316,0.000148325,0.000556595,1.00095
0.05,678,0.600001,0.700041,0.800157,998.685,0.000138246,0.000545315,1.0004
0.05,679,0.600001,0.700002,0.900026,792.44,4.45052e-05,0.000201851,1.00009
0.05,680,0.6,0.800001,-1.31681e-05,790.137,-1.7789e-05,-0.000227458,1.00001
0.05,681,0.6,0.800044,0.0999561,996.725,-5.49109e-05,-0.000555695,0.999902
0.05,682,0.600001,0.800157,0.199959,998.685,-5.80634e-05,-0.000553225,0.999716
0.05,683,0.600002,0.800194,0.299998,998.82,-2.73383e-05,-0.000196921,0.999589
0.05,684,0.600004,0.800204,0.399995,999.033,-1.02148e-05,-4.45413e-05,0.999543
0.05,685,0.600004,0.800204,0.500005,999.033,1.02148e-05,4.45413e-05,0.999543
0.05,686,0.600002,0.800194,0.600002,998.82,2.73383e-05,0.000196921,0.999589
0.05,687,0.600001,0.800157,0.700041,998.685,5.80634e-05,0.000553225,0.999716
0.05,688,0.6,0.800044,0.800044,996.725,5.49109e-05,0.000555695,0.999902
0.05,689,0.6,0.800001,0.900013,790.137,1.7789e-05,0.000227458,1.00001
0.05,690,0.6,0.900011,-1.07135e-05,624.851,-4.5923e-06,-6.58173e-05,0.999993
0.05,691,0.6,0.900013,0.0999991,790.137,-1.25745e-05,-0.000234963,0.999761
0.05,692,0.600001,0.900026,0.199998,792.44,-1.32045e-05,-0.000232352,0.999395
0.05,693,0.600001,0.900029,0.299999,792.628,-6.41852e-06,-7.89347e-05,0.999158
0.05,694,0.600001,0.900031,0.4,792.709,-2.35245e-06,-1.91537e-05,0.999092
0.05,695,0.600001,0.900031,0.5,792.709,2.35245e-06,1.91537e-05,0.999092
0.05,696,0.600001,0.900029,0.600001,792.628,6.41852e-06,7.89347e-05,0.999158
0.05,697,0.600001,0.900026,0.700002,792.44,1.32045e-05,0.000232352,0.999395
0.05,698,0.6,0.900013,0.800001,790.137,1.25745e-05,0.000234963,0.999761
0.05,699,0.6,0.900011,0.900011,624.851,4.5923e-06,6.58173e-05,0.999993
0.05,700,0.7,-1.04812e-05,-1.04809e-05,624.83,-1.37684e-05,4.47222e-05,1.00001
0.05,701,0.7,-1.22774e-05,0.0999996,790.067,-3.93238e-05,0.000176154,0.999837
0.05,702,0.700002,-2.30335e-05,0.199998,792.305,-3.86026e-05,0.000174247,0.999577
0.05,703,0.700002,-2.56879e-05,0.299999,792.44,-1.35584e-05,5.70433e-05,0.999408
0.05,704,0.700002,-2.70669e-05,0.4,792.498,-3.16439e-06,1.2709e-05,0.999363
0.05,705,0.700002,-2.70669e-05,0.5,792.498,3.16439e-06,-1.2709e-05,0.999363
0.05,706,0.700002,-2.56879e-05,0.600001,792.44,1.35584e-05,-5.70433e-05,0.999408
0.05,707,0.700002,-2.30335e-05,0.700002,792.305,3.86026e-05,-0.000174247,0.999577
0.05,708,0.7,-1.22774e-05,0.8,790.067,3.93238e-05,-0.000176154,0.999837
0.05,709,0.7,-1.04812e-05,0.90001,624.83,1.37684e-05,-4.47222e-05,1.00001
0.05,710,0.7,0.0999996,-1.22778e-05,790.067,-6.22089e-05,0.000174901,1.00002
0.05,711,0.700009,0.0999645,0.0999645,996.615,-0.000169185,0.000416927,0.999959
0.05,712,0.700033,0.0998728,0.199967,998.604,-0.000168067,0.000412584,0.999853
0.05,713,0.700041,0.0998431,0.299999,998.685,-5.90962e-05,0.000141197,0.999778
0.05,714,0.700043,0.0998364,0.399997,998.846,-1.33642e-05,2.90982e-05,0.999749
0.05,715,0.700043,0.0998364,0.500003,998.846,1.33642e-05,-2.90982e-05,0.999749
0.05,716,0.700041,0.0998431,0.600001,998.685,5.90962e-05,-0.000141197,0.999778
0.05,717,0.700033,0.0998728,0.700033,998.604,0.000168067,-0.000412584,0.999853
0.05,718,0.700009,0.0999645,0.800035,996.615,0.000169185,-0.000416927,0.999959
0.05,719,0.7,0.0999996,0.900012,790.067,6.22089e-05,-0.000174901,1.00002
0.05,720,0.700002,0.199998,-2.30351e-05,792.305,-0.000150638,0.000150634,1.00008
0.05,721,0.700033,0.199967,0.0998728,998.604,-0.000405414,0.00040541,1.00035
0.05,722,0.700123,0.199877,0.199877,999.569,-0.00040947,0.000409468,1.00083
0.05,723,0.700153,0.199847,0.29999,999.316,-0.000149217,0.000149218,1.00108
0.05,724,0.700161,0.199839,0.399988,999.576,-3.52055e-05,3.52063e-05,1.00113
0.05,725,0.700161,0.199839,0.500012,999.576,3.52055e-05,-3.52063e-05,1.00113
0.05,726,0.700153,0.199847,0.60001,999.316,0.000149217,-0.000149218,1.00108
0.05,727,0.700123,0.199877,0.700123,999.569,0.00040947,-0.000409468,1.00083
0.05,728,0.700033,0.199967,0.800127,998.604,0.000405414,-0.00040541,1.00035
0.05,729,0.700002,0.199998,0.900023,792.305,0.000150638,-0.000150634,1.00008
0.05,730,0.700002,0.299999,-2.56901e-05,792.44,-0.000201856,4.45041e-05,1.00009
0.05,731,0.700041,0.299999,0.0998431,998.685,-0.00054532,0.000138244,1.0004
0.05,732,0.700153,0.29999,0.199847,999.316,-0.000556599,0.000148324,1.00095
0.05,733,0.700192,0.299987,0.299987,999.013,-0.00021288,7.16862e-05,1.00125
0.05,734,0.700204,0.29998,0.399982,999.337,-5.48198e-05,2.70807e-05,1.00131
0.05,735,0.700204,0.29998,0.500018,999.337,5.48198e-05,-2.70807e-05,1.00131
0.05,736,0.700192,0.299987,0.600013,999.013,0.00021288,-7.16862e-05,1.00125
0.05,737,0.700153,0.29999,0.700153,999.316,0.000556599,-0.000148324,1.00095
0.05,738,0.700041,0.299999,0.800157,998.685,0.00054532,-0.000138244,1.0004
0.05,739,0.700002,0.299999,0.900026,792.44,0.000201856,-4.45041e-05,1.00009
0.05,740,0.700002,0.4,-2.7069e-05,792.498,-0.000216577,9.76636e-06,1.00006
0.05,741,0.700043,0.399997,0.0998364,998.846,-0.000588134,2.77515e-05,1.00028
0.05,742,0.700161,0.399988,0.199839,999.576,-0.000606493,3.56579e-05,1.00067
0.05,743,0.700204,0.399982,0.29998,999.337,-0.000244988,2.74689e-05,1.0009
0.05,744,0.700221,0.399978,0.399978,999.647,-6.87842e-05,1.33353e-05,1.00097
0.05,745,0.700221,0.399978,0.500022,999.647,6.87842e-05,-1.33353e-05,1.00097
0.05,746,0.700204,0.399982,0.60002,999.337,0.000244988,-2.74689e-05,1.0009
0.05,747,0.700161,0.399988,0.700161,999.576,0.000606493,-3.56579e-05,1.00067
0.05,748,0.700043,0.399997,0.800164,998.846,0.000588134,-2.77515e-05,1.00028
0.05,749,0.700002,0.4,0.900027,792.498,0.000216577,-9.76636e-06,1.00006
0.05,750,0.700002,0.5,-2.7069e-05,792.498,-0.000216577,-9.76636e-06,1.00006
0.05,751,0.700043,0.500003,0.0998364,998.846,-0.000588134,-2.77515e-05,1.00028
0.05,752,0.700161,0.500012,0.199839,999.576,-0.000606493,-3.56579e-05,1.00067
0.05,753,0.700204,0.500018,0.29998,999.337,-0.000244988,-2.74689e-05,1.0009
0.05,754,0.700221,0.500022,0.399978,999.647,-6.87842e-05,-1.33353e-05,1.00097
0.05,755,0.700221,0.500022,0.500022,999.647,6.87842e-05,1.33353e-05,1.00097
0.05,756,0.700204,0.500018,0.60002,999.337,0.000244988,2.74689e-05,1.0009
0.05,757,0.700161,0.500012,0.700161,999.576,0.000606493,3.56579e-05,1.00067
0.05,758,0.700043,0.500003,0.800164,998.846,0.000588134,2.77515e-05,1.00028
0.05,759,0.700002,0.5,0.900027,792.498,0.000216577,9.76636e-06,1.00006
0.05,760,0.700002,0.600001,-2.56901e-05,792.44,-0.000201856,-4.45041e-05,1.00009
0.05,761,0.700041,0.600001,0.0998431,998.685,-0.00054532,-0.000138244,1.0004
0.05,762,0.700153,0.60001,0.199847,999.316,-0.000556599,-0.000148324,1.00095
0.05,763,0.700192,0.600013,0.299987,999.013,-0.00021288,-7.16862e-05,1.00125
0.05,764,0.700204,0.60002,0.399982,999.337,-5.48198e-05,-2.70807e-05,1.00131
0.05,765,0.700204,0.60002,0.500018,999.337,5.48198e-05,2.70807e-05,1.00131
0.05,766,0.700192,0.600013,0.600013,999.013,0.00021288,7.16862e-05,1.00125
0.05,767,0.700153,0.60001,0.700153,999.316,0.000556599,0.000148324,1.00095
0.05,768,0.700041,0.600001,0.800157,998.685,0.00054532,0.000138244,1.0004
0.05,769,0.700002,0.600001,0.900026,792.44,0.000201856,4.45041e-05,1.00009
0.05,770,0.700002,0.700002,-2.30351e-05,792.305,-0.000150638,-0.000150634,1.00008
0.05,771,0.700033,0.700033,0.0998728,998.604,-0.000405414,-0.00040541,1.00035
0.05,772,0.700123,0.700123,0.199877,999.569,-0.00040947,-0.000409468,1.00083
0.05,773,0.700153,0.700153,0.29999,999.316,-0.000149217,-0.000149218,1.00108
0.05,774,0.700161,0.700161,0.399988,999.576,-3.52055e-05,-3.52063e-05,1.00113
0.05,775,0.700161,0.700161,0.500012,999.576,3.52055e-05,3.52063e-05,1.00113
0.05,776,0.700153,0.700153,0.60001,999.316,0.000149217,0.000149218,1.00108
0.05,777,0.700123,0.700123,0.700123,999.569,0.00040947,0.000409468,1.00083
0.05,778,0.700033,0.700033,0.800127,998.604,0.000405414,0.00040541,1.00035
0.05,779,0.700002,0.700002,0.900023,792.305,0.000150638,0.000150634,1.00008
0.05,780,0.7,0.8,-1.22778e-05,790.067,-6.22089e-05,-0.000174901,1.00002
0.05,781,0.700009,0.800035,0.0999645,996.615,-0.000169185,-0.000416927,0.999959
0.05,782,0.700033,0.800127,0.199967,998.604,-0.000168067,-0.000412584,0.999853
0.05,783,0.700041,0.800157,0.299999,998.685,-5.90962e-05,-0.000141197,0.999778
0.05,784,0.700043,0.800164,0.399997,998.846,-1.33642e-05,-2.90982e-05,0.999749
0.05,785,0.700043,0.800164,0.500003,998.846,1.33642e-05,2.90982e-05,0.999749
0.05,786,0.700041,0.800157,0.600001,998.685,5.90962e-05,0.000141197,0.999778
0.05,787,0.700033,0.800127,0.700033,998.604,0.000168067,0.000412584,0.999853
0.05,788,0.700009,0.800035,0.800035,996.615,0.000169185,0.000416927,0.999959
0.05,789,0.7,0.8,0.900012,790.067,6.22089e-05,0.000174901,1.00002
0.05,790,0.7,0.90001,-1.04809e-05,624.83,-1.37684e-05,-4.47222e-05,1.00001
0.05,791,0.7,0.900012,0.0999996,790.067,-3.93238e-05,-0.000176154,0.999837
0.05,792,0.700002,0.900023,0.199998,792.305,-3.86026e-05,-0.000174247,0.999577
0.05,793,0.700002,0.900026,0.299999,792.44,-1.35584e-05,-5.70433e-05,0.999408
0.05,794,0.700002,0.900027,0.4,792.498,-3.16439e-06,-1.2709e-05,0.999363
0.05,795,0.700002,0.900027,0.5,792.498,3.16439e-06,1.2709e-05,0.999363
0.05,796,0.700002,0.900026,0.600001,792.44,1.35584e-05,5.70433e-05,0.999408
0.05,797,0.700002,0.900023,0.700002,792.305,3.86026e-05,0.000174247,0.999577
0.05,798,0.7,0.900012,0.8,790.067,3.93238e-05,0.000176154,0.999837
0.05,799,0.7,0.90001,0.90001,624.83,1.37684e-05,4.47222e-05,1.00001
0.05,800,0.799998,-1.04845e-05,-1.04844e-05,622.819,-3.18109e-05,5.35427e-06,1.00009
0.05,801,0.799999,-9.95571e-06,0.100001,787.873,-4.05555e-05,7.05853e-05,0.999986
0.05,802,0.8,-1.22771e-05,0.2,790.067,-4.03036e-05,7.22271e-05,0.999829
0.05,803,0.800001,-1.31672e-05,0.3,790.137,-1.34717e-05,2.36048e-05,0.999738
0.05,804,0.800001,-1.35898e-05,0.4,790.165,-2.84679e-06,5.19084e-06,0.999715
0.05,805,0.800001,-1.35898e-05,0.5,790.165,2.84679e-06,-5.19084e-06,0.999715
0.05,806,0.800001,-1.31672e-05,0.6,790.137,1.34717e-05,-2.36048e-05,0.999738
0.05,807,0.8,-1.22771e-05,0.7,790.067,4.03036e-05,-7.22271e-05,0.999829
0.05,808,0.799999,-9.95571e-06,0.799999,787.873,4.05555e-05,-7.05853e-05,0.999986
0.05,809,0.799998,-1.04845e-05,0.90001,622.819,3.18109e-05,-5.35427e-06,1.00009
0.05,810,0.799999,0.100001,-9.95588e-06,787.873,-8.41084e-05,8.41067e-05,1.00006
0.05,811,0.800009,0.0999907,0.0999907,994.356,-0.00017604,0.000176038,0.999951
0.05,812,0.800035,0.0999645,0.199991,996.615,-0.000172681,0.00017268,0.99977
0.05,813,0.800044,0.0999561,0.3,996.725,-5.74286e-05,5.74289e-05,0.999662
0.05,814,0.800046,0.0999542,0.399999,996.812,-1.14295e-05,1.14301e-05,0.999632
0.05,815,0.800046,0.0999542,0.500001,996.812,1.14295e-05,-1.14301e-05,0.999632
0.05,816,0.800044,0.0999561,0.6,996.725,5.74286e-05,-5.74289e-05,0.999662
0.05,817,0.800035,0.0999645,0.700009,996.615,0.000172681,-0.00017268,0.99977
0.05,818,0.800009,0.0999907,0.800009,994.356,0.00017604,-0.000176038,0.999951
0.05,819,0.799999,0.100001,0.90001,787.873,8.41084e-05,-8.41067e-05,1.00006
0.05,820,0.8,0.2,-1.22778e-05,790.067,-0.000174905,6.22073e-05,1.00002
0.05,821,0.800035,0.199991,0.0999645,996.615,-0.000416931,0.000169183,0.999959
0.05,822,0.800127,0.199967,0.199967,998.604,-0.000412586,0.000168066,0.999853
0.05,823,0.800157,0.199959,0.299999,998.685,-0.000141197,5.90963e-05,0.999778
0.05,824,0.800164,0.199957,0.399997,998.846,-2.90972e-05,1.33647e-05,0.999749
0.05,825,0.800164,0.199957,0.500003,998.846,2.90972e-05,-1.33647e-05,0.999749
0.05,826,0.800157,0.199959,0.600001,998.685,0.000141197,-5.90963e-05,0.999778
0.05,827,0.800127,0.199967,0.700033,998.604,0.000412586,-0.000168066,0.999853
0.05,828,0.800035,0.199991,0.800035,996.615,0.000416931,-0.000169183,0.999959
0.05,829,0.8,0.2,0.900012,790.067,0.000174905,-6.22073e-05,1.00002
0.05,830,0.800001,0.3,-1.31681e-05,790.137,-0.000227463,1.77885e-05,1.00001
0.05,831,0.800044,0.3,0.0999561,996.725,-0.0005557,5.49098e-05,0.999902
0.05,832,0.800157,0.299999,0.199959,998.685,-0.000553228,5.80626e-05,0.999716
0.05,833,0.800194,0.299998,0.299998,998.82,-0.00019692,2.73383e-05,0.999589
0.05,834,0.800204,0.299996,0.399995,999.033,-4.45401e-05,1.0215e-05,0.999543
0.05,835,0.800204,0.299996,0.500005,999.033,4.45401e-05,-1.0215e-05,0.999543
0.05,836,0.800194,0.299998,0.600002,998.82,0.00019692,-2.73383e-05,0.999589
0.05,837,0.800157,0.299999,0.700041,998.685,0.000553228,-5.80626e-05,0.999716
0.05,838,0.800044,0.3,0.800044,996.725,0.0005557,-5.49098e-05,0.999902
0.05,839,0.800001,0.3,0.900013,790.137,0.000227463,-1.77885e-05,1.00001
0.05,840,0.800001,0.4,-1.35907e-05,790.165,-0.000241488,3.85405e-06,0.999994
0.05,841,0.800046,0.399999,0.0999542,996.812,-0.000594335,1.04202e-05,0.99983
0.05,842,0.800164,0.399997,0.199957,998.846,-0.000596298,1.32221e-05,0.999545
0.05,843,0.800204,0.399995,0.299996,999.033,-0.000222992,1.03607e-05,0.999364
0.05,844,0.800218,0.399994,0.399994,999.253,-5.56156e-05,5.07097e-06,0.999308
0.05,845,0.800218,0.399994,0.500006,999.253,5.56156e-05,-5.07097e-06,0.999308
0.05,846,0.800204,0.399995,0.600004,999.033,0.000222992,-1.03607e-05,0.999364
0.05,847,0.800164,0.399997,0.700043,998.846,0.000596298,-1.32221e-05,0.999545
0.05,848,0.800046,0.399999,0.800046,996.812,0.000594335,-1.04202e-05,0.99983
0.05,849,0.800001,0.4,0.900014,790.165,0.000241488,-3.85405e-06,0.999994
0.05,850,0.800001,0.5,-1.35907e-05,790.165,-0.000241488,-3.85405e-06,0.999994
0.05,851,0.800046,0.500001,0.0999542,996.812,-0.000594335,-1.04202e-05,0.99983
0.05,852,0.800164,0.500003,0.199957,998.846,-0.000596298,-1.32221e-05,0.999545
0.05,853,0.800204,0.500005,0.299996,999.033,-0.000222992,-1.03607e-05,0.999364
0.05,854,0.800218,0.500006,0.399994,999.253,-5.56156e-05,-5.07097e-06,0.999308
0.05,855,0.800218,0.500006,0.500006,999.253,5.56156e-05,5.07097e-06,0.999308
0.05,856,0.800204,0.500005,0.600004,999.033,0.000222992,1.03607e-05,0.999364
0.05,857,0.800164,0.500003,0.700043,998.846,0.000596298,1.32221e-05,0.999545
0.05,858,0.800046,0.500001,0.800046,996.812,0.000594335,1.04202e-05,0.99983
0.05,859,0.800001,0.5,0.900014,790.165,0.000241488,3.85405e-06,0.999994
0.05,860,0.800001,0.6,-1.31681e-05,790.137,-0.000227463,-1.77885e-05,1.00001
0.05,861,0.800044,0.6,0.0999561,996.725,-0.0005557,-5.49098e-05,0.999902
0.05,862,0.800157,0.600001,0.199959,998.685,-0.000553228,-5.80626e-05,0.999716
0.05,863,0.800194,0.600002,0.299998,998.82,-0.00019692,-2.73383e-05,0.999589
0.05,864,0.800204,0.600004,0.399995,999.033,-4.45401e-05,-1.0215e-05,0.999543
0.05,865,0.800204,0.600004,0.500005,999.033,4.45401e-05,1.0215e-05,0.999543
0.05,866,0.800194,0.600002,0.600002,998.82,0.00019692,2.73383e-05,0.999589
0.05,867,0.800157,0.600001,0.700041,998.685,0.000553228,5.80626e-05,0.999716
0.05,868,0.800044,0.6,0.800044,996.725,0.0005557,5.49098e-05,0.999902
0.05,869,0.800001,0.6,0.900013,790.137,0.000227463,1.77885e-05,1.00001
0.05,870,0.8,0.7,-1.22778e-05,790.067,-0.000174905,-6.22073e-05,1.00002
0.05,871,0.800035,0.700009,0.0999645,996.615,-0.000416931,-0.000169183,0.999959
0.05,872,0.800127,0.700033,0.199967,998.604,-0.000412586,-0.000168066,0.999853
0.05,873,0.800157,0.700041,0.299999,998.685,-0.000141197,-5.90963e-05,0.999778
0.05,874,0.800164,0.700043,0.399997,998.846,-2.90972e-05,-1.33647e-05,0.999749
0.05,875,0.800164,0.700043,0.500003,998.846,2.90972e-05,1.33647e-05,0.999749
0.05,876,0.800157,0.700041,0.600001,998.685,0.000141197,5.90963e-05,0.999778
0.05,877,0.800127,0.700033,0.700033,998.604,0.000412586,0.000168066,0.999853
0.05,878,0.800035,0.700009,0.800035,996.615,0.000416931,0.000169183,0.999959
0.05,879,0.8,0.7,0.900012,790.067,0.000174905,6.22073e-05,1.00002
0.05,880,0.799999,0.799999,-9.95588e-06,787.873,-8.41084e-05,-8.41067e-05,1.00006
0.05,881,0.800009,0.800009,0.0999907,994.356,-0.00017604,-0.000176038,0.999951
0.05,882,0.800035,0.800035,0.199991,996.615,-0.000172681,-0.00017268,0.99977
0.05,883,0.800044,0.800044,0.3,996.725,-5.74286e-05,-5.74289e-05,0.999662
0.05,884,0.800046,0.800046,0.399999,996.812,-1.14295e-05,-1.14301e-05,0.999632
0.05,885,0.800046,0.800046,0.500001,996.812,1.14295e-05,1.14301e-05,0.999632
0.05,886,0.800044,0.800044,0.6,996.725,5.74286e-05,5.74289e-05,0.999662
0.05,887,0.800035,0.800035,0.700009,996.615,0.000172681,0.00017268,0.99977
0.05,888,0.800009,0.800009,0.800009,994.356,0.00017604,0.000176038,0.999951
0.05,889,0.799999,0.799999,0.90001,787.873,8.41084e-05,8.41067e-05,1.00006
0.05,890,0.799998,0.90001,-1.04844e-05,622.819,-3.18109e-05,-5.35427e-06,1.00009
0.05,891,0.799999,0.90001,0.100001,787.873,-4.05555e-05,-7.05853e-05,0.999986
0.05,892,0.8,0.900012,0.2,790.067,-4.03036e-05,-7.22271e-05,0.999829
0.05,893,0.800001,0.900013,0.3,790.137,-1.34717e-05,-2.36048e-05,0.999738
0.05,894,0.800001,0.900014,0.4,790.165,-2.84679e-06,-5.19084e-06,0.999715
0.05,895,0.800001,0.900014,0.5,790.165,2.84679e-06,5.19084e-06,0.999715
0.05,896,0.800001,0.900013,0.6,790.137,1.34717e-05,2.36048e-05,0.999738
0.05,897,0.8,0.900012,0.7,790.067,4.03036e-05,7.22271e-05,0.999829
0.05,898,0.799999,0.90001,0.799999,787.873,4.05555e-05,7.05853e-05,0.999986
0.05,899,0.799998,0.90001,0.90001,622.819,3.18109e-05,5.35427e-06,1.00009
0.05,900,0.900012,-1.20952e-05,-1.20952e-05,491.281,2.32323e-05,-2.32319e-05,1.00014
0.05,901,0.90001,-1.04844e-05,0.100002,622.819,-1.14612e-05,1.14605e-05,1.00009
0.05,902,0.90001,-1.04809e-05,0.2,624.83,-1.61946e-05,1.61939e-05,1.00002
0.05,903,0.900011,-1.07133e-05,0.3,624.851,-5.98445e-06,5.98453e-06,0.99998
0.05,904,0.900011,-1.07868e-05,0.4,624.859,-1.42467e-06,1.42489e-06,0.99997
0.05,905,0.900011,-1.07868e-05,0.5,624.859,1.42467e-06,-1.42489e-06,0.99997
0.05,906,0.900011,-1.07133e-05,0.6,624.851,5.98445e-06,-5.98453e-06,0.99998
0.05,907,0.90001,-1.04809e-05,0.7,624.83,1.61946e-05,-1.61939e-05,1.00002
0.05,908,0.90001,-1.04844e-05,0.799998,622.819,1.14612e-05,-1.14605e-05,1.00009
0.05,909,0.900012,-1.20952e-05,0.900012,491.281,-2.32323e-05,2.32319e-05,1.00014
0.05,910,0.90001,0.100002,-1.04844e-05,622.819,-5.3547e-06,3.18104e-05,1.00009
0.05,911,0.90001,0.100001,0.100001,787.873,-7.0587e-05,4.05544e-05,0.999986
0.05,912,0.900012,0.0999996,0.2,790.067,-7.22284e-05,4.03028e-05,0.999829
0.05,913,0.900013,0.0999991,0.3,790.137,-2.36047e-05,1.34718e-05,0.999738
0.05,914,0.900014,0.0999989,0.4,790.165,-5.1904e-06,2.84706e-06,0.999715
0.05,915,0.900014,0.0999989,0.5,790.165,5.1904e-06,-2.84706e-06,0.999715
0.05,916,0.900013,0.0999991,0.6,790.137,2.36047e-05,-1.34718e-05,0.999738
0.05,917,0.900012,0.0999996,0.7,790.067,7.22284e-05,-4.03028e-05,0.999829
0.05,918,0.90001,0.100001,0.799999,787.873,7.0587e-05,-4.05544e-05,0.999986
0.05,919,0.90001,0.100002,0.90001,622.819,5.3547e-06,-3.18104e-05,1.00009
0.05,920,0.90001,0.2,-1.04809e-05,624.83,-4.47238e-05,1.3768e-05,1.00001
0.05,921,0.900012,0.2,0.0999996,790.067,-0.000176158,3.93227e-05,0.999837
0.05,922,0.900023,0.199998,0.199998,792.305,-0.000174249,3.86019e-05,0.999577
0.05,923,0.900026,0.199998,0.299999,792.44,-5.7043e-05,1.35585e-05,0.999408
0.05,924,0.900027,0.199998,0.4,792.498,-1.27082e-05,3.16463e-06,0.999363
0.05,925,0.900027,0.199998,0.5,792.498,1.27082e-05,-3.16463e-06,0.999363
0.05,926,0.900026,0.199998,0.600001,792.44,5.7043e-05,-1.35585e-05,0.999408
0.05,927,0.900023,0.199998,0.700002,792.305,0.000174249,-3.86019e-05,0.999577
0.05,928,0.900012,0.2,0.8,790.067,0.000176158,-3.93227e-05,0.999837
0.05,929,0.90001,0.2,0.90001,624.83,4.47238e-05,-1.3768e-05,1.00001
0.05,930,0.900011,0.3,-1.07135e-05,624.851,-6.58194e-05,4.59217e-06,0.999993
0.05,931,0.900013,0.3,0.0999991,790.137,-0.000234968,1.2574e-05,0.999761
0.05,932,0.900026,0.299999,0.199998,792.44,-0.000232355,1.32041e-05,0.999395
0.05,933,0.900029,0.299999,0.299999,792.628,-7.89343e-05,6.41856e-06,0.999158
0.05,934,0.900031,0.299999,0.4,792.709,-1.91527e-05,2.35258e-06,0.999092
0.05,935,0.900031,0.299999,0.5,792.709,1.91527e-05,-2.35258e-06,0.999092
0.05,936,0.900029,0.299999,0.600001,792.628,7.89343e-05,-6.41856e-06,0.999158
0.05,937,0.900026,0.299999,0.700002,792.44,0.000232355,-1.32041e-05,0.999395
0.05,938,0.900013,0.3,0.800001,790.137,0.000234968,-1.2574e-05,0.999761
0.05,939,0.900011,0.3,0.900011,624.851,6.58194e-05,-4.59217e-06,0.999993
0.05,940,0.900011,0.4,-1.0787e-05,624.859,-7.20406e-05,1.05979e-06,0.999986
0.05,941,0.900014,0.4,0.0999989,790.165,-0.000251386,2.47978e-06,0.999729
0.05,942,0.900027,0.4,0.199998,792.498,-0.000250182,3.02222e-06,0.999319
0.05,943,0.900031,0.4,0.299999,792.709,-8.94614e-05,2.37234e-06,0.999053
0.05,944,0.900033,0.4,0.4,792.799,-2.37138e-05,1.12107e-06,0.998976
0.05,945,0.900033,0.4,0.5,792.799,2.37138e-05,-1.12107e-06,0.998976
0.05,946,0.900031,0.4,0.600001,792.709,8.94614e-05,-2.37234e-06,0.999053
0.05,947,0.900027,0.4,0.700002,792.498,0.000250182,-3.02222e-06,0.999319
0.05,948,0.900014,0.4,0.800001,790.165,0.000251386,-2.47978e-06,0.999729
0.05,949,0.900011,0.4,0.900011,624.859,7.20406e-05,-1.05979e-06,0.999986
0.05,950,0.900011,0.5,-1.0787e-05,624.859,-7.20406e-05,-1.05979e-06,0.999986
0.05,951,0.900014,0.5,0.0999989,790.165,-0.000251386,-2.47978e-06,0.999729
0.05,952,0.900027,0.5,0.199998,792.498,-0.000250182,-3.02222e-06,0.999319
0.05,953,0.900031,0.5,0.299999,792.709,-8.94614e-05,-2.37234e-06,0.999053
0.05,954,0.900033,0.5,0.4,792.799,-2.37138e-05,-1.12107e-06,0.998976
0.05,955,0.900033,0.5,0.5,792.799,2.37138e-05,1.12107e-06,0.998976
0.05,956,0.900031,0.5,0.600001,792.709,8.94614e-05,2.37234e-06,0.999053
0.05,957,0.900027,0.5,0.700002,792.498,0.000250182,3.02222e-06,0.999319
0.05,958,0.900014,0.5,0.800001,790.165,0.000251386,2.47978e-06,0.999729
0.05,959,0.900011,0.5,0.900011,624.859,7.20406e-05,1.05979e-06,0.999986
0.05,960,0.900011,0.6,-1.07135e-05,624.851,-6.58194e-05,-4.59217e-06,0.999993
0.05,961,0.900013,0.6,0.0999991,790.137,-0.000234968,-1.2574e-05,0.999761
0.05,962,0.900026,0.600001,0.199998,792.44,-0.000232355,-1.32041e-05,0.999395
0.05,963,0.900029,0.600001,0.299999,792.628,-7.89343e-05,-6.41856e-06,0.999158
0.05,964,0.900031,0.600001,0.4,792.709,-1.91527e-05,-2.35258e-06,0.999092
0.05,965,0.900031,0.600001,0.5,792.709,1.91527e-05,2.35258e-06,0.999092
0.05,966,0.900029,0.600001,0.600001,792.628,7.89343e-05,6.41856e-06,0.999158
0.05,967,0.900026,0.600001,0.700002,792.44,0.000232355,1.32041e-05,0.999395
0.05,968,0.900013,0.6,0.800001,790.137,0.000234968,1.2574e-05,0.999761
0.05,969,0.900011,0.6,0.900011,624.851,6.58194e-05,4.59217e-06,0.999993
0.05,970,0.90001,0.7,-1.04809e-05,624.83,-4.47238e-05,-1.3768e-05,1.00001
0.05,971,0.900012,0.7,0.0999996,790.067,-0.000176158,-3.93227e-05,0.999837
0.05,972,0.900023,0.700002,0.199998,792.305,-0.000174249,-3.86019e-05,0.999577
0.05,973,0.900026,0.700002,0.299999,792.44,-5.7043e-05,-1.35585e-05,0.999408
0.05,974,0.900027,0.700002,0.4,792.498,-1.27082e-05,-3.16463e-06,0.999363
0.05,975,0.900027,0.700002,0.5,792.498,1.27082e-05,3.16463e-06,0.999363
0.05,976,0.900026,0.700002,0.600001,792.44,5.7043e-05,1.35585e-05,0.999408
0.05,977,0.900023,0.700002,0.700002,792.305,0.000174249,3.86019e-05,0.999577
0.05,978,0.900012,0.7,0.8,790.067,0.000176158,3.93227e-05,0.999837
0.05,979,0.90001,0.7,0.90001,624.83,4.47238e-05,1.3768e-05,1.00001
0.05,980,0.90001,0.799998,-1.04844e-05,622.819,-5.3547e-06,-3.18104e-05,1.00009
0.05,981,0.90001,0.799999,0.100001,787.873,-7.0587e-05,-4.05544e-05,0.999986
0.05,982,0.900012,0.8,0.2,790.067,-7.22284e-05,-4.03028e-05,0.999829
0.05,983,0.900013,0.800001,0.3,790.137,-2.36047e-05,-1.34718e-05,0.999738
0.05,984,0.900014,0.800001,0.4,790.165,-5.1904e-06,-2.84706e-06,0.999715
0.05,985,0.900014,0.800001,0.5,790.165,5.1904e-06,2.84706e-06,0.999715
0.05,986,0.900013,0.800001,0.6,790.137,2.36047e-05,1.34718e-05,0.999738
0.05,987,0.900012,0.8,0.7,790.067,7.22284e-05,4.03028e-05,0.999829
0.05,988,0.90001,0.799999,0.799999,787.873,7.0587e-05,4.05544e-05,0.999986
0.05,989,0.90001,0.799998,0.90001,622.819,5.3547e-06,3.18104e-05,1.00009
0.05,990,0.900012,0.900012,-1.20952e-05,491.281,2.32323e-05,2.32319e-05,1.00014
0.05,991,0.90001,0.90001,0.100002,622.819,-1.14612e-05,-1.14605e-05,1.00009
0.05,992,0.90001,0.90001,0.2,624.83,-1.61946e-05,-1.61939e-05,1.00002
0.05,993,0.900011,0.900011,0.3,624.851,-5.98445e-06,-5.98453e-06,0.99998
0.05,994,0.900011,0.900011,0.4,624.859,-1.42467e-06,-1.42489e-06,0.99997
0.05,995,0.900011,0.900011,0.5,624.859,1.42467e-06,1.42489e-06,0.99997
0.05,996,0.900011,0.900011,0.6,624.851,5.98445e-06,5.98453e-06,0.99998
0.05,997,0.90001,0.90001,0.7,624.83,1.61946e-05,1.61939e-05,1.00002
0.05,998,0.90001,0.90001,0.799998,622.819,1.14612e-05,1.14605e-05,1.00009
0.05,999,0.900012,0.900012,0.900012,491.281,-2.32323e-05,-2.32319e-05,1.00014
0.06,0,-1.7249e-05,-1.7249e-05,-1.7249e-05,491.234,-3.37471e-05,-3.37463e-05,1.00021
0.06,1,-1.49605e-05,-1.49606e-05,0.100002,622.779,1.45789e-05,1.45776e-05,1.00013
0.06,2,-1.49934e-05,-1.49933e-05,0.2,624.815,2.14259e-05,2.14246e-05,1.00004
0.06,3,-1.53465e-05,-1.53464e-05,0.3,624.841,8.31933e-06,8.31946e-06,0.999996
0.06,4,-1.54646e-05,-1.54646e-05,0.4,624.851,2.11523e-06,2.11564e-06,0.999982
0.06,5,-1.54646e-05,-1.54646e-05,0.5,624.851,-2.11523e-06,-2.11564e-06,0.999982
0.06,6,-1.53465e-05,-1.53464e-05,0.6,624.841,-8.31933e-06,-8.31946e-06,0.999996
0.06,7,-1.49934e-05,-1.49933e-05,0.7,624.815,-2.14259e-05,-2.14246e-05,1.00004
0.06,8,-1.49605e-05,-1.49606e-05,0.799998,622.779,-1.45789e-05,-1.45776e-05,1.00013
0.06,9,-1.7249e-05,-1.7249e-05,0.900017,491.234,3.37471e-05,3.37463e-05,1.00021
0.06,10,-1.49606e-05,0.100002,-1.49607e-05,622.779,4.28301e-06,4.36037e-05,1.00013
0.06,11,-1.42794e-05,0.100002,0.100002,787.849,8.99058e-05,5.18295e-05,1
0.06,12,-1.75792e-05,0.0999993,0.199999,790.081,9.24748e-05,5.15733e-05,0.999809
0.06,13,-1.8933e-05,0.0999986,0.3,790.167,3.11968e-05,1.77591e-05,0.999697
0.06,14,-1.95797e-05,0.0999982,0.4,790.201,7.3564e-06,4.01975e-06,0.999668
0.06,15,-1.95797e-05,0.0999982,0.5,790.201,-7.3564e-06,-4.01975e-06,0.999668
0.06,16,-1.8933e-05,0.0999986,0.6,790.167,-3.11968e-05,-1.77591e-05,0.999697
0.06,17,-1.75792e-05,0.0999993,0.700001,790.081,-9.24748e-05,-5.15733e-05,0.999809
0.06,18,-1.42794e-05,0.100002,0.799998,787.849,-8.99058e-05,-5.18295e-05,1
0.06,19,-1.49606e-05,0.100002,0.900015,622.779,-4.28301e-06,-4.36037e-05,1.00013
0.06,20,-1.49931e-05,0.2,-1.49935e-05,624.815,5.46872e-05,1.77927e-05,1.00002
0.06,21,-1.75792e-05,0.199999,0.0999993,790.081,0.000223447,5.0057e-05,0.99981
0.06,22,-3.20953e-05,0.199998,0.199998,792.362,0.000221282,4.92129e-05,0.999497
0.06,23,-3.59406e-05,0.199997,0.299999,792.525,7.43929e-05,1.78836e-05,0.99929
0.06,24,-3.79788e-05,0.199997,0.4,792.597,1.76603e-05,4.41936e-06,0.999235
0.06,25,-3.79788e-05,0.199997,0.5,792.597,-1.76603e-05,-4.41936e-06,0.999235
0.06,26,-3.59406e-05,0.199997,0.600001,792.525,-7.43929e-05,-1.78836e-05,0.99929
0.06,27,-3.20953e-05,0.199998,0.700002,792.362,-0.000221282,-4.92129e-05,0.999497
0.06,28,-1.75792e-05,0.199999,0.800001,790.081,-0.000223447,-5.0057e-05,0.99981
0.06,29,-1.49931e-05,0.2,0.900015,624.815,-5.46872e-05,-1.77927e-05,1.00002
0.06,30,-1.53462e-05,0.3,-1.53467e-05,624.841,8.18569e-05,6.19055e-06,1
0.06,31,-1.8933e-05,0.3,0.0999986,790.167,0.0002981,1.63908e-05,0.999717
0.06,32,-3.59405e-05,0.299999,0.199997,792.525,0.000295148,1.73711e-05,0.999274
0.06,33,-4.07564e-05,0.299998,0.299998,792.754,0.000103279,8.91984e-06,0.998986
0.06,34,-4.35034e-05,0.299998,0.4,792.855,2.66266e-05,3.36881e-06,0.998904
0.06,35,-4.35034e-05,0.299998,0.5,792.855,-2.66266e-05,-3.36881e-06,0.998904
0.06,36,-4.07564e-05,0.299998,0.600002,792.754,-0.000103279,-8.91984e-06,0.998986
0.06,37,-3.59405e-05,0.299999,0.700003,792.525,-0.000295148,-1.73711e-05,0.999274
0.06,38,-1.8933e-05,0.3,0.800001,790.167,-0.0002981,-1.63908e-05,0.999717
0.06,39,-1.53462e-05,0.3,0.900015,624.841,-8.18569e-05,-6.19055e-06,1
0.06,40,-1.54644e-05,0.4,-1.54649e-05,624.851,9.02792e-05,1.53414e-06,0.999993
0.06,41,-1.95798e-05,0.4,0.0999983,790.201,0.000319758,3.45367e-06,0.999678
0.06,42,-3.79787e-05,0.4,0.199997,792.597,0.000318751,4.21625e-06,0.999181
0.06,43,-4.35034e-05,0.4,0.299998,792.855,0.000117887,3.41041e-06,0.998856
0.06,44,-4.68965e-05,0.4,0.4,792.965,3.31723e-05,1.63297e-06,0.998759
0.06,45,-4.68965e-05,0.4,0.5,792.965,-3.31723e-05,-1.63297e-06,0.998759
0.06,46,-4.35034e-05,0.4,0.600002,792.855,-0.000117887,-3.41041e-06,0.998856
0.06,47,-3.79787e-05,0.4,0.700003,792.597,-0.000318751,-4.21625e-06,0.999181
0.06,48,-1.95798e-05,0.4,0.800002,790.201,-0.000319758,-3.45367e-06,0.999678
0.06,49,-1.54644e-05,0.4,0.900015,624.851,-9.02792e-05,-1.53414e-06,0.999993
0.06,50,-1.54644e-05,0.5,-1.54649e-05,624.851,9.02792e-05,-1.53414e-06,0.999993
0.06,51,-1.95798e-05,0.5,0.0999983,790.201,0.000319758,-3.45367e-06,0.999678
0.06,52,-3.79787e-05,0.5,0.199997,792.597,0.000318751,-4.21625e-06,0.999181
0.06,53,-4.35034e-05,0.5,0.299998,792.855,0.000117887,-3.41041e-06,0.998856
0.06,54,-4.68965e-05,0.5,0.4,792.965,3.31723e-05,-1.63297e-06,0.998759
0.06,55,-4.68965e-05,0.5,0.5,792.965,-3.31723e-05,1.63297e-06,0.998759
0.06,56,-4.35034e-05,0.5,0.600002,792.855,-0.000117887,3.41041e-06,0.998856
0.06,57,-3.79787e-05,0.5,0.700003,792.597,-0.000318751,4.21625e-06,0.999181
0.06,58,-1.95798e-05,0.5,0.800002,790.201,-0.000319758,3.45367e-06,0.999678
0.06,59,-1.54644e-05,0.5,0.900015,624.851,-9.02792e-05,1.53414e-06,0.999993
0.06,60,-1.53462e-05,0.6,-1.53467e-05,624.841,8.18569e-05,-6.19055e-06,1
0.06,61,-1.8933e-05,0.6,0.0999986,790.167,0.0002981,-1.63908e-05,0.999717
0.06,62,-3.59405e-05,0.600001,0.199997,792.525,0.000295148,-1.73711e-05,0.999274
0.06,63,-4.07564e-05,0.600002,0.299998,792.754,0.000103279,-8.91984e-06,0.998986
0.06,64,-4.35034e-05,0.600002,0.4,792.855,2.66266e-05,-3.36881e-06,0.998904
0.06,65,-4.35034e-05,0.600002,0.5,792.855,-2.66266e-05,3.36881e-06,0.998904
0.06,66,-4.07564e-05,0.600002,0.600002,792.754,-0.000103279,8.91984e-06,0.998986
0.06,67,-3.59405e-05,0.600001,0.700003,792.525,-0.000295148,1.73711e-05,0.999274
0.06,68,-1.8933e-05,0.6,0.800001,790.167,-0.0002981,1.63908e-05,0.999717
0.06,69,-1.53462e-05,0.6,0.900015,624.841,-8.18569e-05,6.19055e-06,1
0.06,70,-1.49931e-05,0.7,-1.49935e-05,624.815,5.46872e-05,-1.77927e-05,1.00002
0.06,71,-1.75792e-05,0.700001,0.0999993,790.081,0.000223447,-5.0057e-05,0.99981
0.06,72,-3.20953e-05,0.700002,0.199998,792.362,0.000221282,-4.92129e-05,0.999497
0.06,73,-3.59406e-05,0.700003,0.299999,792.525,7.43929e-05,-1.78836e-05,0.99929
0.06,74,-3.79788e-05,0.700003,0.4,792.597,1.76603e-05,-4.41936e-06,0.999235
0.06,75,-3.79788e-05,0.700003,0.5,792.597,-1.76603e-05,4.41936e-06,0.999235
0.06,76,-3.59406e-05,0.700003,0.600001,792.525,-7.43929e-05,1.78836e-05,0.99929
0.06,77,-3.20953e-05,0.700002,0.700002,792.362,-0.000221282,4.92129e-05,0.999497
0.06,78,-1.75792e-05,0.700001,0.800001,790.081,-0.000223447,5.0057e-05,0.99981
0.06,79,-1.49931e-05,0.7,0.900015,624.815,-5.46872e-05,1.77927e-05,1.00002
0.06,80,-1.49606e-05,0.799998,-1.49607e-05,622.779,4.28301e-06,-4.36037e-05,1.00013
0.06,81,-1.42794e-05,0.799998,0.100002,787.849,8.99058e-05,-5.18295e-05,1
0.06,82,-1.75792e-05,0.800001,0.199999,790.081,9.24748e-05,-5.15733e-05,0.999809
0.06,83,-1.8933e-05,0.800001,0.3,790.167,3.11968e-05,-1.77591e-05,0.999697
0.06,84,-1.95797e-05,0.800002,0.4,790.201,7.3564e-06,-4.01975e-06,0.999668
0.06,85,-1.95797e-05,0.800002,0.5,790.201,-7.3564e-06,4.01975e-06,0.999668
0.06,86,-1.8933e-05,0.800001,0.6,790.167,-3.11968e-05,1.77591e-05,0.999697
0.06,87,-1.75792e-05,0.800001,0.700001,790.081,-9.24748e-05,5.15733e-05,0.999809
0.06,88,-1.42794e-05,0.799998,0.799998,787.849,-8.99058e-05,5.18295e-05,1
0.06,89,-1.49606e-05,0.799998,0.900015,622.779,-4.28301e-06,4.36037e-05,1.00013
0.06,90,-1.7249e-05,0.900017,-1.7249e-05,491.234,-3.37471e-05,3.37463e-05,1.00021
0.06,91,-1.49605e-05,0.900015,0.100002,622.779,1.45789e-05,-1.45776e-05,1.00013
0.06,92,-1.49934e-05,0.900015,0.2,624.815,2.14259e-05,-2.14246e-05,1.00004
0.06,93,-1.53465e-05,0.900015,0.3,624.841,8.31933e-06,-8.31946e-06,0.999996
0.06,94,-1.54646e-05,0.900015,0.4,624.851,2.11523e-06,-2.11564e-06,0.999982
0.06,95,-1.54646e-05,0.900015,0.5,624.851,-2.11523e-06,2.11564e-06,0.999982
0.06,96,-1.53465e-05,0.900015,0.6,624.841,-8.31933e-06,8.31946e-06,0.999996
0.06,97,-1.49934e-05,0.900015,0.7,624.815,-2.14259e-05,2.14246e-05,1.00004
0.06,98,-1.49605e-05,0.900015,0.799998,622.779,-1.45789e-05,1.45776e-05,1.00013
0.06,99,-1.7249e-05,0.900017,0.900017,491.234,3.37471e-05,-3.37463e-05,1.00021
0.06,100,0.100002,-1.49609e-05,-1.49607e-05,622.779,4.36048e-05,4.2822e-06,1.00013
0.06,101,0.100002,-1.42796e-05,0.100002,787.849,5.18316e-05,8.99025e-05,1
0.06,102,0.0999993,-1.7579e-05,0.199999,790.081,5.15748e-05,9.24723e-05,0.999809
0.06,103,0.0999986,-1.89327e-05,0.3,790.167,1.77589e-05,3.11971e-05,0.999697
0.06,104,0.0999982,-1.95796e-05,0.4,790.201,4.01925e-06,7.35722e-06,0.999668
0.06,105,0.0999982,-1.95796e-05,0.5,790.201,-4.01925e-06,-7.35722e-06,0.999668
0.06,106,0.0999986,-1.89327e-05,0.6,790.167,-1.77589e-05,-3.11971e-05,0.999697
0.06,107,0.0999993,-1.7579e-05,0.700001,790.081,-5.15748e-05,-9.24723e-05,0.999809
0.06,108,0.100002,-1.42796e-05,0.799998,787.849,-5.18316e-05,-8.99025e-05,1
0.06,109,0.100002,-1.49609e-05,0.900015,622.779,-4.36048e-05,-4.2822e-06,1.00013
0.06,110,0.100002,0.100002,-1.42799e-05,787.849,0.00010855,0.000108546,1.00009
0.06,111,0.0999883,0.0999883,0.0999883,994.346,0.000220076,0.000220071,0.999958
0.06,112,0.0999557,0.0999557,0.199989,996.631,0.000215478,0.000215475,0.999736
0.06,113,0.0999454,0.0999454,0.299999,996.767,7.28041e-05,7.28045e-05,0.999603
0.06,114,0.0999427,0.0999427,0.399999,996.873,1.53856e-05,1.53865e-05,0.999565
0.06,115,0.0999427,0.0999427,0.500001,996.873,-1.53856e-05,-1.53865e-05,0.999565
0.06,116,0.0999454,0.0999454,0.600001,996.767,-7.28041e-05,-7.28045e-05,0.999603
0.06,117,0.0999557,0.0999557,0.700011,996.631,-0.000215478,-0.000215475,0.999736
0.06,118,0.0999883,0.0999883,0.800012,994.346,-0.000220076,-0.000220071,0.999958
0.06,119,0.100002,0.100002,0.900014,787.849,-0.00010855,-0.000108546,1.00009
0.06,120,0.0999993,0.199999,-1.75803e-05,790.081,0.000220412,7.72407e-05,1.00003
0.06,121,0.0999557,0.199989,0.0999557,996.631,0.000518547,0.000210567,0.99996
0.06,122,0.0998429,0.199959,0.199959,998.583,0.000512554,0.000209431,0.999832
0.06,123,0.0998066,0.199949,0.299998,998.685,0.000177861,7.51491e-05,0.999739
0.06,124,0.0997977,0.199946,0.399996,998.881,3.86357e-05,1.79147e-05,0.999702
0.06,125,0.0997977,0.199946,0.500004,998.881,-3.86357e-05,-1.79147e-05,0.999702
0.06,126,0.0998066,0.199949,0.600002,998.685,-0.000177861,-7.51491e-05,0.999739
0.06,127,0.0998429,0.199959,0.700041,998.583,-0.000512554,-0.000209431,0.999832
0.06,128,0.0999557,0.199989,0.800044,996.631,-0.000518547,-0.000210567,0.99996
0.06,129,0.0999993,0.199999,0.900018,790.081,-0.000220412,-7.72407e-05,1.00003
0.06,130,0.0999986,0.3,-1.89344e-05,790.167,0.000285496,2.22246e-05,1.00002
0.06,131,0.0999454,0.299999,0.0999454,996.767,0.000690685,6.89528e-05,0.999889
0.06,132,0.0998066,0.299998,0.199949,998.685,0.000687529,7.36613e-05,0.999661
0.06,133,0.0997606,0.299997,0.299997,998.854,0.000249107,3.63728e-05,0.999503
0.06,134,0.0997474,0.299995,0.399994,999.112,5.94041e-05,1.41671e-05,0.999444
0.06,135,0.0997474,0.299995,0.500006,999.112,-5.94041e-05,-1.41671e-05,0.999444
0.06,136,0.0997606,0.299997,0.600003,998.854,-0.000249107,-3.63728e-05,0.999503
0.06,137,0.0998066,0.299998,0.700051,998.685,-0.000687529,-7.36613e-05,0.999661
0.06,138,0.0999454,0.299999,0.800055,996.767,-0.000690685,-6.89528e-05,0.999889
0.06,139,0.0999986,0.3,0.900019,790.167,-0.000285496,-2.22246e-05,1.00002
0.06,140,0.0999983,0.4,-1.95813e-05,790.201,0.00030345,5.24402e-06,1
0.06,141,0.0999427,0.399999,0.0999427,996.873,0.000739894,1.38906e-05,0.999802
0.06,142,0.0997977,0.399996,0.199946,998.881,0.000742812,1.77734e-05,0.999452
0.06,143,0.0997474,0.399994,0.299995,999.112,0.000284162,1.44419e-05,0.999229
0.06,144,0.099729,0.399992,0.399992,999.377,7.48823e-05,7.20873e-06,0.999159
0.06,145,0.099729,0.399992,0.500008,999.377,-7.48823e-05,-7.20873e-06,0.999159
0.06,146,0.0997474,0.399994,0.600005,999.112,-0.000284162,-1.44419e-05,0.999229
0.06,147,0.0997977,0.399996,0.700054,998.881,-0.000742812,-1.77734e-05,0.999452
0.06,148,0.0999427,0.399999,0.800057,996.873,-0.000739894,-1.38906e-05,0.999802
0.06,149,0.0999983,0.4,0.90002,790.201,-0.00030345,-5.24402e-06,1
0.06,150,0.0999983,0.5,-1.95813e-05,790.201,0.00030345,-5.24402e-06,1
0.06,151,0.0999427,0.500001,0.0999427,996.873,0.000739894,-1.38906e-05,0.999802
0.06,152,0.0997977,0.500004,0.199946,998.881,0.000742812,-1.77734e-05,0.999452
0.06,153,0.0997474,0.500006,0.299995,999.112,0.000284162,-1.44419e-05,0.999229
0.06,154,0.099729,0.500008,0.399992,999.377,7.48823e-05,-7.20873e-06,0.999159
0.06,155,0.099729,0.500008,0.500008,999.377,-7.48823e-05,7.20873e-06,0.999159
0.06,156,0.0997474,0.500006,0.600005,999.112,-0.000284162,1.44419e-05,0.999229
0.06,157,0.0997977,0.500004,0.700054,998.881,-0.000742812,1.77734e-05,0.999452
0.06,158,0.0999427,0.500001,0.800057,996.873,-0.000739894,1.38906e-05,0.999802
0.06,159,0.0999983,0.5,0.90002,790.201,-0.00030345,5.24402e-06,1
0.06,160,0.0999986,0.6,-1.89344e-05,790.167,0.000285496,-2.22246e-05,1.00002
0.06,161,0.0999454,0.600001,0.0999454,996.767,0.000690685,-6.89528e-05,0.999889
0.06,162,0.0998066,0.600002,0.199949,998.685,0.000687529,-7.36613e-05,0.999661
0.06,163,0.0997606,0.600003,0.299997,998.854,0.000249107,-3.63728e-05,0.999503
0.06,164,0.0997474,0.600005,0.399994,999.112,5.94041e-05,-1.41671e-05,0.999444
0.06,165,0.0997474,0.600005,0.500006,999.112,-5.94041e-05,1.41671e-05,0.999444
0.06,166,0.0997606,0.600003,0.600003,998.854,-0.000249107,3.63728e-05,0.999503
0.06,167,0.0998066,0.600002,0.700051,998.685,-0.000687529,7.36613e-05,0.999661
0.06,168,0.0999454,0.600001,0.800055,996.767,-0.000690685,6.89528e-05,0.999889
0.06,169,0.0999986,0.6,0.900019,790.167,-0.000285496,2.22246e-05,1.00002
0.06,170,0.0999993,0.700001,-1.75803e-05,790.081,0.000220412,-7.72407e-05,1.00003
0.06,171,0.0999557,0.700011,0.0999557,996.631,0.000518547,-0.000210567,0.99996
0.06,172,0.0998429,0.700041,0.199959,998.583,0.000512554,-0.000209431,0.999832
0.06,173,0.0998066,0.700051,0.299998,998.685,0.000177861,-7.51491e-05,0.999739
0.06,174,0.0997977,0.700054,0.399996,998.881,3.86357e-05,-1.79147e-05,0.999702
0.06,175,0.0997977,0.700054,0.500004,998.881,-3.86357e-05,1.79147e-05,0.999702
0.06,176,0.0998066,0.700051,0.600002,998.685,-0.000177861,7.51491e-05,0.999739
0.06,177,0.0998429,0.700041,0.700041,998.583,-0.000512554,0.000209431,0.999832
0.06,178,0.0999557,0.700011,0.800044,996.631,-0.000518547,0.000210567,0.99996
0.06,179,0.0999993,0.700001,0.900018,790.081,-0.000220412,7.72407e-05,1.00003
0.06,180,0.100002,0.799998,-1.42799e-05,787.849,0.00010855,-0.000108546,1.00009
0.06,181,0.0999883,0.800012,0.0999883,994.346,0.000220076,-0.000220071,0.999958
0.06,182,0.0999557,0.800044,0.199989,996.631,0.000215478,-0.000215475,0.999736
0.06,183,0.0999454,0.800055,0.299999,996.767,7.28041e-05,-7.28045e-05,0.999603
0.06,184,0.0999427,0.800057,0.399999,996.873,1.53856e-05,-1.53865e-05,0.999565
0.06,185,0.0999427,0.800057,0.500001,996.873,-1.53856e-05,1.53865e-05,0.999565
0.06,186,0.0999454,0.800055,0.600001,996.767,-7.28041e-05,7.28045e-05,0.999603
0.06,187,0.0999557,0.800044,0.700011,996.631,-0.000215478,0.000215475,0.999736
0.06,188,0.0999883,0.800012,0.800012,994.346,-0.000220076,0.000220071,0.999958
0.06,189,0.100002,0.799998,0.900014,787.849,-0.00010855,0.000108546,1.00009
0.06,190,0.100002,0.900015,-1.49607e-05,622.779,4.36048e-05,-4.2822e-06,1.00013
0.06,191,0.100002,0.900014,0.100002,787.849,5.18316e-05,-8.99025e-05,1
0.06,192,0.0999993,0.900018,0.199999,790.081,5.15748e-05,-9.24723e-05,0.999809
0.06,193,0.0999986,0.900019,0.3,790.167,1.77589e-05,-3.11971e-05,0.999697
0.06,194,0.0999982,0.90002,0.4,790.201,4.01925e-06,-7.35722e-06,0.999668
0.06,195,0.0999982,0.90002,0.5,790.201,-4.01925e-06,7.35722e-06,0.999668
0.06,196,0.0999986,0.900019,0.6,790.167,-1.77589e-05,3.11971e-05,0.999697
0.06,197,0.0999993,0.900018,0.700001,790.081,-5.15748e-05,9.24723e-05,0.999809
0.06,198,0.100002,0.900014,0.799998,787.849,-5.18316e-05,8.99025e-05,1
0.06,199,0.100002,0.900015,0.900015,622.779,-4.36048e-05,4.2822e-06,1.00013
0.06,200,0.2,-1.49939e-05,-1.49935e-05,624.815,1.77935e-05,5.46842e-05,1.00002
0.06,201,0.199999,-1.75795e-05,0.0999993,790.081,5.0059e-05,0.000223441,0.99981
0.06,202,0.199998,-3.20949e-05,0.199998,792.362,4.92142e-05,0.000221278,0.999497
0.06,203,0.199997,-3.594e-05,0.299999,792.525,1.78835e-05,7.43935e-05,0.99929
0.06,204,0.199997,-3.79785e-05,0.4,792.597,4.41892e-06,1.76617e-05,0.999235
0.06,205,0.199997,-3.79785e-05,0.5,792.597,-4.41892e-06,-1.76617e-05,0.999235
0.06,206,0.199997,-3.594e-05,0.600001,792.525,-1.78835e-05,-7.43935e-05,0.99929
0.06,207,0.199998,-3.20949e-05,0.700002,792.362,-4.92142e-05,-0.000221278,0.999497
0.06,208,0.199999,-1.75795e-05,0.800001,790.081,-5.0059e-05,-0.000223441,0.99981
0.06,209,0.2,-1.49939e-05,0.900015,624.815,-1.77935e-05,-5.46842e-05,1.00002
0.06,210,0.199999,0.0999993,-1.75803e-05,790.081,7.72436e-05,0.000220405,1.00003
0.06,211,0.199989,0.0999557,0.0999557,996.631,0.000210571,0.000518539,0.99996
0.06,212,0.199959,0.0998429,0.199959,998.583,0.000209434,0.000512549,0.999832
0.06,213,0.199949,0.0998066,0.299998,998.685,7.51488e-05,0.000177862,0.999739
0.06,214,0.199946,0.0997977,0.399996,998.881,1.79138e-05,3.86374e-05,0.999702
0.06,215,0.199946,0.0997977,0.500004,998.881,-1.79138e-05,-3.86374e-05,0.999702
0.06,216,0.199949,0.0998066,0.600002,998.685,-7.51488e-05,-0.000177862,0.999739
0.06,217,0.199959,0.0998429,0.700041,998.583,-0.000209434,-0.000512549,0.999832
0.06,218,0.199989,0.0999557,0.800044,996.631,-0.000210571,-0.000518539,0.99996
0.06,219,0.199999,0.0999993,0.900018,790.081,-7.72436e-05,-0.000220405,1.00003
0.06,220,0.199998,0.199998,-3.20979e-05,792.361,0.000186006,0.000185999,1.0001
0.06,221,0.199959,0.199959,0.0998429,998.583,0.000503394,0.000503386,1.00044
0.06,222,0.199848,0.199848,0.199848,999.275,0.000510002,0.000509997,1.00102
0.06,223,0.19981,0.19981,0.299988,998.969,0.000189401,0.000189401,1.00134
0.06,224,0.1998,0.1998,0.399984,999.284,4.68901e-05,4.68916e-05,1.00139
0.06,225,0.1998,0.1998,0.500016,999.284,-4.68901e-05,-4.68916e-05,1.00139
0.06,226,0.19981,0.19981,0.600012,998.969,-0.000189401,-0.000189401,1.00134
0.06,227,0.199848,0.199848,0.700152,999.275,-0.000510002,-0.000509997,1.00102
0.06,228,0.199959,0.199959,0.800157,998.583,-0.000503394,-0.000503386,1.00044
0.06,229,0.199998,0.199998,0.900032,792.361,-0.000186006,-0.000185999,1.0001
0.06,230,0.199997,0.299999,-3.59441e-05,792.525,0.000249274,5.51118e-05,1.00011
0.06,231,0.199949,0.299998,0.0998066,998.685,0.000677651,0.000173407,1.0005
0.06,232,0.19981,0.299988,0.19981,998.969,0.000694919,0.000188236,1.00117
0.06,233,0.199761,0.299983,0.299983,998.601,0.000272024,9.51358e-05,1.00154
0.06,234,0.199745,0.299974,0.399976,998.987,7.35025e-05,3.74279e-05,1.00161
0.06,235,0.199745,0.299974,0.500024,998.987,-7.35025e-05,-3.74279e-05,1.00161
0.06,236,0.199761,0.299983,0.600017,998.601,-0.000272024,-9.51358e-05,1.00154
0.06,237,0.19981,0.299988,0.70019,998.969,-0.000694919,-0.000188236,1.00117
0.06,238,0.199949,0.299998,0.800193,998.685,-0.000677651,-0.000173407,1.0005
0.06,239,0.199997,0.299999,0.900036,792.525,-0.000249274,-5.51118e-05,1.00011
0.06,240,0.199997,0.4,-3.79825e-05,792.597,0.000268064,1.31136e-05,1.00008
0.06,241,0.199946,0.399996,0.0997977,998.881,0.000732605,3.67774e-05,1.00035
0.06,242,0.1998,0.399984,0.1998,999.284,0.00075974,4.77881e-05,1.00083
0.06,243,0.199745,0.399976,0.299974,998.987,0.000315686,3.81683e-05,1.00112
0.06,244,0.199723,0.39997,0.39997,999.344,9.32033e-05,1.89237e-05,1.0012
0.06,245,0.199723,0.39997,0.50003,999.344,-9.32033e-05,-1.89237e-05,1.0012
0.06,246,0.199745,0.399976,0.600026,998.987,-0.000315686,-3.81683e-05,1.00112
0.06,247,0.1998,0.399984,0.7002,999.284,-0.00075974,-4.77881e-05,1.00083
0.06,248,0.199946,0.399996,0.800202,998.881,-0.000732605,-3.67774e-05,1.00035
0.06,249,0.199997,0.4,0.900038,792.597,-0.000268064,-1.31136e-05,1.00008
0.06,250,0.199997,0.5,-3.79825e-05,792.597,0.000268064,-1.31136e-05,1.00008
0.06,251,0.199946,0.500004,0.0997977,998.881,0.000732605,-3.67774e-05,1.00035
0.06,252,0.1998,0.500016,0.1998,999.284,0.00075974,-4.77881e-05,1.00083
0.06,253,0.199745,0.500024,0.299974,998.987,0.000315686,-3.81683e-05,1.00112
0.06,254,0.199723,0.50003,0.39997,999.344,9.32033e-05,-1.89237e-05,1.0012
0.06,255,0.199723,0.50003,0.50003,999.344,-9.32033e-05,1.89237e-05,1.0012
0.06,256,0.199745,0.500024,0.600026,998.987,-0.000315686,3.81683e-05,1.00112
0.06,257,0.1998,0.500016,0.7002,999.284,-0.00075974,4.77881e-05,1.00083
0.06,258,0.199946,0.500004,0.800202,998.881,-0.000732605,3.67774e-05,1.00035
0.06,259,0.199997,0.5,0.900038,792.597,-0.000268064,1.31136e-05,1.00008
0.06,260,0.199997,0.600001,-3.59441e-05,792.525,0.000249274,-5.51118e-05,1.00011
0.06,261,0.199949,0.600002,0.0998066,998.685,0.000677651,-0.000173407,1.0005
0.06,262,0.19981,0.600012,0.19981,998.969,0.000694919,-0.000188236,1.00117
0.06,263,0.199761,0.600017,0.299983,998.601,0.000272024,-9.51358e-05,1.00154
0.06,264,0.199745,0.600026,0.399976,998.987,7.35025e-05,-3.74279e-05,1.00161
0.06,265,0.199745,0.600026,0.500024,998.987,-7.35025e-05,3.74279e-05,1.00161
0.06,266,0.199761,0.600017,0.600017,998.601,-0.000272024,9.51358e-05,1.00154
0.06,267,0.19981,0.600012,0.70019,998.969,-0.000694919,0.000188236,1.00117
0.06,268,0.199949,0.600002,0.800193,998.685,-0.000677651,0.000173407,1.0005
0.06,269,0.199997,0.600001,0.900036,792.525,-0.000249274,5.51118e-05,1.00011
0.06,270,0.199998,0.700002,-3.20979e-05,792.361,0.000186006,-0.000185999,1.0001
0.06,271,0.199959,0.700041,0.0998429,998.583,0.000503394,-0.000503386,1.00044
0.06,272,0.199848,0.700152,0.199848,999.275,0.000510002,-0.000509997,1.00102
0.06,273,0.19981,0.70019,0.299988,998.969,0.000189401,-0.000189401,1.00134
0.06,274,0.1998,0.7002,0.399984,999.284,4.68901e-05,-4.68916e-05,1.00139
0.06,275,0.1998,0.7002,0.500016,999.284,-4.68901e-05,4.68916e-05,1.00139
0.06,276,0.19981,0.70019,0.600012,998.969,-0.000189401,0.000189401,1.00134
0.06,277,0.199848,0.700152,0.700152,999.275,-0.000510002,0.000509997,1.00102
0.06,278,0.199959,0.700041,0.800157,998.583,-0.000503394,0.000503386,1.00044
0.06,279,0.199998,0.700002,0.900032,792.361,-0.000186006,0.000185999,1.0001
0.06,280,0.199999,0.800001,-1.75803e-05,790.081,7.72436e-05,-0.000220405,1.00003
0.06,281,0.199989,0.800044,0.0999557,996.631,0.000210571,-0.000518539,0.99996
0.06,282,0.199959,0.800157,0.199959,998.583,0.000209434,-0.000512549,0.999832
0.06,283,0.199949,0.800193,0.299998,998.685,7.51488e-05,-0.000177862,0.999739
0.06,284,0.199946,0.800202,0.399996,998.881,1.79138e-05,-3.86374e-05,0.999702
0.06,285,0.199946,0.800202,0.500004,998.881,-1.79138e-05,3.86374e-05,0.999702
0.06,286,0.199949,0.800193,0.600002,998.685,-7.51488e-05,0.000177862,0.999739
0.06,287,0.199959,0.800157,0.700041,998.583,-0.000209434,0.000512549,0.999832
0.06,288,0.199989,0.800044,0.800044,996.631,-0.000210571,0.000518539,0.99996
0.06,289,0.199999,0.800001,0.900018,790.081,-7.72436e-05,0.000220405,1.00003
0.06,290,0.2,0.900015,-1.49935e-05,624.815,1.77935e-05,-5.46842e-05,1.00002
0.06,291,0.199999,0.900018,0.0999993,790.081,5.0059e-05,-0.000223441,0.99981
0.06,292,0.199998,0.900032,0.199998,792.362,4.92142e-05,-0.000221278,0.999497
0.06,293,0.199997,0.900036,0.299999,792.525,1.78835e-05,-7.43935e-05,0.99929
0.06,294,0.199997,0.900038,0.4,792.597,4.41892e-06,-1.76617e-05,0.999235
0.06,295,0.199997,0.900038,0.5,792.597,-4.41892e-06,1.76617e-05,0.999235
0.06,296,0.199997,0.900036,0.600001,792.525,-1.78835e-05,7.43935e-05,0.99929
0.06,297,0.199998,0.900032,0.700002,792.362,-4.92142e-05,0.000221278,0.999497
0.06,298,0.199999,0.900018,0.800001,790.081,-5.0059e-05,0.000223441,0.99981
0.06,299,0.2,0.900015,0.900015,624.815,-1.77935e-05,5.46842e-05,1.00002
0.06,300,0.3,-1.53474e-05,-1.53467e-05,624.841,6.19083e-06,8.18527e-05,1
0.06,301,0.3,-1.89334e-05,0.0999986,790.167,1.63918e-05,0.000298092,0.999717
0.06,302,0.299999,-3.594e-05,0.199997,792.525,1.73718e-05,0.000295142,0.999274
0.06,303,0.299998,-4.07556e-05,0.299998,792.754,8.91978e-06,0.00010328,0.998986
0.06,304,0.299998,-4.35031e-05,0.4,792.855,3.36859e-06,2.66284e-05,0.998904
0.06,305,0.299998,-4.35031e-05,0.5,792.855,-3.36859e-06,-2.66284e-05,0.998904
0.06,306,0.299998,-4.07556e-05,0.600002,792.754,-8.91978e-06,-0.00010328,0.998986
0.06,307,0.299999,-3.594e-05,0.700003,792.525,-1.73718e-05,-0.000295142,0.999274
0.06,308,0.3,-1.89334e-05,0.800001,790.167,-1.63918e-05,-0.000298092,0.999717
0.06,309,0.3,-1.53474e-05,0.900015,624.841,-6.19083e-06,-8.18527e-05,1
0.06,310,0.3,0.0999986,-1.89344e-05,790.167,2.22256e-05,0.000285486,1.00002
0.06,311,0.299999,0.0999454,0.0999454,996.767,6.8955e-05,0.000690673,0.999889
0.06,312,0.299998,0.0998066,0.199949,998.685,7.36628e-05,0.000687522,0.999661
0.06,313,0.299997,0.0997606,0.299997,998.854,3.63727e-05,0.000249108,0.999503
0.06,314,0.299995,0.0997474,0.399994,999.112,1.41667e-05,5.94063e-05,0.999444
0.06,315,0.299995,0.0997474,0.500006,999.112,-1.41667e-05,-5.94063e-05,0.999444
0.06,316,0.299997,0.0997606,0.600003,998.854,-3.63727e-05,-0.000249108,0.999503
0.06,317,0.299998,0.0998066,0.700051,998.685,-7.36628e-05,-0.000687522,0.999661
0.06,318,0.299999,0.0999454,0.800055,996.767,-6.8955e-05,-0.000690673,0.999889
0.06,319,0.3,0.0999986,0.900019,790.167,-2.22256e-05,-0.000285486,1.00002
0.06,320,0.299999,0.199997,-3.5944e-05,792.525,5.5114e-05,0.000249265,1.00011
0.06,321,0.299998,0.199949,0.0998066,998.685,0.000173411,0.000677641,1.0005
0.06,322,0.299988,0.19981,0.19981,998.969,0.000188239,0.000694913,1.00117
0.06,323,0.299983,0.199761,0.299983,998.601,9.51357e-05,0.000272024,1.00154
0.06,324,0.299974,0.199745,0.399976,998.987,3.74272e-05,7.35044e-05,1.00161
0.06,325,0.299974,0.199745,0.500024,998.987,-3.74272e-05,-7.35044e-05,1.00161
0.06,326,0.299983,0.199761,0.600017,998.601,-9.51357e-05,-0.000272024,1.00154
0.06,327,0.299988,0.19981,0.70019,998.969,-0.000188239,-0.000694913,1.00117
0.06,328,0.299998,0.199949,0.800193,998.685,-0.000173411,-0.000677641,1.0005
0.06,329,0.299999,0.199997,0.900036,792.525,-5.5114e-05,-0.000249265,1.00011
0.06,330,0.299998,0.299998,-4.07611e-05,792.754,7.69683e-05,7.69653e-05,1.00013
0.06,331,0.299997,0.299997,0.0997606,998.854,0.000244141,0.000244136,1.00056
0.06,332,0.299983,0.299983,0.199761,998.601,0.000270899,0.000270895,1.00134
0.06,333,0.299974,0.299974,0.299974,998.14,0.000145736,0.000145736,1.00178
0.06,334,0.299961,0.299961,0.399965,998.595,5.92772e-05,5.92781e-05,1.00189
0.06,335,0.299961,0.299961,0.500035,998.595,-5.92772e-05,-5.92781e-05,1.00189
0.06,336,0.299974,0.299974,0.600026,998.14,-0.000145736,-0.000145736,1.00178
0.06,337,0.299983,0.299983,0.700239,998.601,-0.000270899,-0.000270895,1.00134
0.06,338,0.299997,0.299997,0.800239,998.854,-0.000244141,-0.000244136,1.00056
0.06,339,0.299998,0.299998,0.900041,792.754,-7.69683e-05,-7.69653e-05,1.00013
0.06,340,0.299998,0.4,-4.35085e-05,792.855,8.82944e-05,2.05079e-05,1.00009
0.06,341,0.299995,0.399994,0.0997474,999.112,0.00027835,5.74616e-05,1.00037
0.06,342,0.299974,0.399976,0.199745,998.987,0.000314568,7.54366e-05,1.00092
0.06,343,0.299961,0.399965,0.299961,998.595,0.000178877,6.06531e-05,1.00127
0.06,344,0.299944,0.399954,0.399954,998.985,7.47791e-05,2.97608e-05,1.00142
0.06,345,0.299944,0.399954,0.500046,998.985,-7.47791e-05,-2.97608e-05,1.00142
0.06,346,0.299961,0.399965,0.600039,998.595,-0.000178877,-6.06531e-05,1.00127
0.06,347,0.299974,0.399976,0.700255,998.987,-0.000314568,-7.54366e-05,1.00092
0.06,348,0.299995,0.399994,0.800253,999.112,-0.00027835,-5.74616e-05,1.00037
0.06,349,0.299998,0.4,0.900044,792.855,-8.82944e-05,-2.05079e-05,1.00009
0.06,350,0.299998,0.5,-4.35085e-05,792.855,8.82944e-05,-2.05079e-05,1.00009
0.06,351,0.299995,0.500006,0.0997474,999.112,0.00027835,-5.74616e-05,1.00037
0.06,352,0.299974,0.500024,0.199745,998.987,0.000314568,-7.54366e-05,1.00092
0.06,353,0.299961,0.500035,0.299961,998.595,0.000178877,-6.06531e-05,1.00127
0.06,354,0.299944,0.500046,0.399954,998.985,7.47791e-05,-2.97608e-05,1.00142
0.06,355,0.299944,0.500046,0.500046,998.985,-7.47791e-05,2.97608e-05,1.00142
0.06,356,0.299961,0.500035,0.600039,998.595,-0.000178877,6.06531e-05,1.00127
0.06,357,0.299974,0.500024,0.700255,998.987,-0.000314568,7.54366e-05,1.00092
0.06,358,0.299995,0.500006,0.800253,999.112,-0.00027835,5.74616e-05,1.00037
0.06,359,0.299998,0.5,0.900044,792.855,-8.82944e-05,2.05079e-05,1.00009
0.06,360,0.299998,0.600002,-4.07611e-05,792.754,7.69683e-05,-7.69653e-05,1.00013
0.06,361,0.299997,0.600003,0.0997606,998.854,0.000244141,-0.000244136,1.00056
0.06,362,0.299983,0.600017,0.199761,998.601,0.000270899,-0.000270895,1.00134
0.06,363,0.299974,0.600026,0.299974,998.14,0.000145736,-0.000145736,1.00178
0.06,364,0.299961,0.600039,0.399965,998.595,5.92772e-05,-5.92781e-05,1.00189
0.06,365,0.299961,0.600039,0.500035,998.595,-5.92772e-05,5.92781e-05,1.00189
0.06,366,0.299974,0.600026,0.600026,998.14,-0.000145736,0.000145736,1.00178
0.06,367,0.299983,0.600017,0.700239,998.601,-0.000270899,0.000270895,1.00134
0.06,368,0.299997,0.600003,0.800239,998.854,-0.000244141,0.000244136,1.00056
0.06,369,0.299998,0.600002,0.900041,792.754,-7.69683e-05,7.69653e-05,1.00013
0.06,370,0.299999,0.700003,-3.5944e-05,792.525,5.5114e-05,-0.000249265,1.00011
0.06,371,0.299998,0.700051,0.0998066,998.685,0.000173411,-0.000677641,1.0005
0.06,372,0.299988,0.70019,0.19981,998.969,0.000188239,-0.000694913,1.00117
0.06,373,0.299983,0.700239,0.299983,998.601,9.51357e-05,-0.000272024,1.00154
0.06,374,0.299974,0.700255,0.399976,998.987,3.74272e-05,-7.35044e-05,1.00161
0.06,375,0.299974,0.700255,0.500024,998.987,-3.74272e-05,7.35044e-05,1.00161
0.06,376,0.299983,0.700239,0.600017,998.601,-9.51357e-05,0.000272024,1.00154
0.06,377,0.299988,0.70019,0.70019,998.969,-0.000188239,0.000694913,1.00117
0.06,378,0.299998,0.700051,0.800193,998.685,-0.000173411,0.000677641,1.0005
0.06,379,0.299999,0.700003,0.900036,792.525,-5.5114e-05,0.000249265,1.00011
0.06,380,0.3,0.800001,-1.89344e-05,790.167,2.22256e-05,-0.000285486,1.00002
0.06,381,0.299999,0.800055,0.0999454,996.767,6.8955e-05,-0.000690673,0.999889
0.06,382,0.299998,0.800193,0.199949,998.685,7.36628e-05,-0.000687522,0.999661
0.06,383,0.299997,0.800239,0.299997,998.854,3.63727e-05,-0.000249108,0.999503
0.06,384,0.299995,0.800253,0.399994,999.112,1.41667e-05,-5.94063e-05,0.999444
0.06,385,0.299995,0.800253,0.500006,999.112,-1.41667e-05,5.94063e-05,0.999444
0.06,386,0.299997,0.800239,0.600003,998.854,-3.63727e-05,0.000249108,0.999503
0.06,387,0.299998,0.800193,0.700051,998.685,-7.36628e-05,0.000687522,0.999661
0.06,388,0.299999,0.800055,0.800055,996.767,-6.8955e-05,0.000690673,0.999889
0.06,389,0.3,0.800001,0.900019,790.167,-2.22256e-05,0.000285486,1.00002
0.06,390,0.3,0.900015,-1.53467e-05,624.841,6.19083e-06,-8.18527e-05,1
0.06,391,0.3,0.900019,0.0999986,790.167,1.63918e-05,-0.000298092,0.999717
0.06,392,0.299999,0.900036,0.199997,792.525,1.73718e-05,-0.000295142,0.999274
0.06,393,0.299998,0.900041,0.299998,792.754,8.91978e-06,-0.00010328,0.998986
0.06,394,0.299998,0.900044,0.4,792.855,3.36859e-06,-2.66284e-05,0.998904
0.06,395,0.299998,0.900044,0.5,792.855,-3.36859e-06,2.66284e-05,0.998904
0.06,396,0.299998,0.900041,0.600002,792.754,-8.91978e-06,0.00010328,0.998986
0.06,397,0.299999,0.900036,0.700003,792.525,-1.73718e-05,0.000295142,0.999274
0.06,398,0.3,0.900019,0.800001,790.167,-1.63918e-05,0.000298092,0.999717
0.06,399,0.3,0.900015,0.900015,624.841,-6.19083e-06,8.18527e-05,1
0.06,400,0.4,-1.54656e-05,-1.54649e-05,624.851,1.53417e-06,9.02746e-05,0.999993
0.06,401,0.4,-1.95802e-05,0.0999983,790.201,3.45393e-06,0.000319749,0.999678
0.06,402,0.4,-3.79781e-05,0.199997,792.597,4.21645e-06,0.000318744,0.999181
0.06,403,0.4,-4.35026e-05,0.299998,792.855,3.41041e-06,0.000117888,0.998856
0.06,404,0.4,-4.68961e-05,0.4,792.965,1.63292e-06,3.31743e-05,0.998759
0.06,405,0.4,-4.68961e-05,0.5,792.965,-1.63292e-06,-3.31743e-05,0.998759
0.06,406,0.4,-4.35026e-05,0.600002,792.855,-3.41041e-06,-0.000117888,0.998856
0.06,407,0.4,-3.79781e-05,0.700003,792.597,-4.21645e-06,-0.000318744,0.999181
0.06,408,0.4,-1.95802e-05,0.800002,790.201,-3.45393e-06,-0.000319749,0.999678
0.06,409,0.4,-1.54656e-05,0.900015,624.851,-1.53417e-06,-9.02746e-05,0.999993
0.06,410,0.4,0.0999982,-1.95812e-05,790.201,5.24415e-06,0.00030344,1
0.06,411,0.399999,0.0999427,0.0999427,996.873,1.38912e-05,0.000739882,0.999802
0.06,412,0.399996,0.0997977,0.199946,998.881,1.77738e-05,0.000742805,0.999452
0.06,413,0.399994,0.0997474,0.299995,999.112,1.44419e-05,0.000284163,0.999229
0.06,414,0.399992,0.099729,0.399992,999.377,7.20863e-06,7.48847e-05,0.999159
0.06,415,0.399992,0.099729,0.500008,999.377,-7.20863e-06,-7.48847e-05,0.999159
0.06,416,0.399994,0.0997474,0.600005,999.112,-1.44419e-05,-0.000284163,0.999229
0.06,417,0.399996,0.0997977,0.700054,998.881,-1.77738e-05,-0.000742805,0.999452
0.06,418,0.399999,0.0999427,0.800057,996.873,-1.38912e-05,-0.000739882,0.999802
0.06,419,0.4,0.0999982,0.90002,790.201,-5.24415e-06,-0.00030344,1
0.06,420,0.4,0.199997,-3.79825e-05,792.597,1.3114e-05,0.000268054,1.00008
0.06,421,0.399996,0.199946,0.0997977,998.881,3.67785e-05,0.000732593,1.00035
0.06,422,0.399984,0.1998,0.1998,999.284,4.77889e-05,0.000759733,1.00083
0.06,423,0.399976,0.199745,0.299974,998.987,3.81683e-05,0.000315686,1.00112
0.06,424,0.39997,0.199723,0.39997,999.344,1.89236e-05,9.32054e-05,1.0012
0.06,425,0.39997,0.199723,0.50003,999.344,-1.89236e-05,-9.32054e-05,1.0012
0.06,426,0.399976,0.199745,0.600026,998.987,-3.81683e-05,-0.000315686,1.00112
0.06,427,0.399984,0.1998,0.7002,999.284,-4.77889e-05,-0.000759733,1.00083
0.06,428,0.399996,0.199946,0.800202,998.881,-3.67785e-05,-0.000732593,1.00035
0.06,429,0.4,0.199997,0.900038,792.597,-1.3114e-05,-0.000268054,1.00008
0.06,430,0.4,0.299998,-4.35085e-05,792.855,2.05084e-05,8.82911e-05,1.00009
0.06,431,0.399994,0.299995,0.0997474,999.112,5.7463e-05,0.000278344,1.00037
0.06,432,0.399976,0.299974,0.199745,998.987,7.54377e-05,0.000314564,1.00092
0.06,433,0.399965,0.299961,0.299961,998.595,6.06532e-05,0.000178877,1.00127
0.06,434,0.399954,0.299944,0.399954,998.985,2.97606e-05,7.47801e-05,1.00142
0.06,435,0.399954,0.299944,0.500046,998.985,-2.97606e-05,-7.47801e-05,1.00142
0.06,436,0.399965,0.299961,0.600039,998.595,-6.06532e-05,-0.000178877,1.00127
0.06,437,0.399976,0.299974,0.700255,998.987,-7.54377e-05,-0.000314564,1.00092
0.06,438,0.399994,0.299995,0.800253,999.112,-5.7463e-05,-0.000278344,1.00037
0.06,439,0.4,0.299998,0.900044,792.855,-2.05084e-05,-8.82911e-05,1.00009
0.06,440,0.4,0.4,-4.6902e-05,792.965,2.59485e-05,2.5948e-05,1.00005
0.06,441,0.399992,0.399992,0.099729,999.377,7.25659e-05,7.25643e-05,1.00019
0.06,442,0.39997,0.39997,0.199723,999.344,9.54723e-05,9.5471e-05,1.00052
0.06,443,0.399954,0.399954,0.299944,998.985,7.62854e-05,7.62853e-05,1.00082
0.06,444,0.399941,0.399941,0.399941,999.277,3.68379e-05,3.68381e-05,1.00102
0.06,445,0.399941,0.399941,0.500059,999.277,-3.68379e-05,-3.68381e-05,1.00102
0.06,446,0.399954,0.399954,0.600056,998.985,-7.62854e-05,-7.62853e-05,1.00082
0.06,447,0.39997,0.39997,0.700277,999.344,-9.54723e-05,-9.5471e-05,1.00052
0.06,448,0.399992,0.399992,0.800271,999.377,-7.25659e-05,-7.25643e-05,1.00019
0.06,449,0.4,0.4,0.900047,792.965,-2.59485e-05,-2.5948e-05,1.00005
0.06,450,0.4,0.5,-4.6902e-05,792.965,2.59485e-05,-2.5948e-05,1.00005
0.06,451,0.399992,0.500008,0.099729,999.377,7.25659e-05,-7.25643e-05,1.00019
0.06,452,0.39997,0.50003,0.199723,999.344,9.54723e-05,-9.5471e-05,1.00052
0.06,453,0.399954,0.500046,0.299944,998.985,7.62854e-05,-7.62853e-05,1.00082
0.06,454,0.399941,0.500059,0.399941,999.277,3.68379e-05,-3.68381e-05,1.00102
0.06,455,0.399941,0.500059,0.500059,999.277,-3.68379e-05,3.68381e-05,1.00102
0.06,456,0.399954,0.500046,0.600056,998.985,-7.62854e-05,7.62853e-05,1.00082
0.06,457,0.39997,0.50003,0.700277,999.344,-9.54723e-05,9.5471e-05,1.00052
0.06,458,0.399992,0.500008,0.800271,999.377,-7.25659e-05,7.25643e-05,1.00019
0.06,459,0.4,0.5,0.900047,792.965,-2.59485e-05,2.5948e-05,1.00005
0.06,460,0.4,0.600002,-4.35085e-05,792.855,2.05084e-05,-8.82911e-05,1.00009
0.06,461,0.399994,0.600005,0.0997474,999.112,5.7463e-05,-0.000278344,1.00037
0.06,462,0.399976,0.600026,0.199745,998.987,7.54377e-05,-0.000314564,1.00092
0.06,463,0.399965,0.600039,0.299961,998.595,6.06532e-05,-0.000178877,1.00127
0.06,464,0.399954,0.600056,0.399954,998.985,2.97606e-05,-7.47801e-05,1.00142
0.06,465,0.399954,0.600056,0.500046,998.985,-2.97606e-05,7.47801e-05,1.00142
0.06,466,0.399965,0.600039,0.600039,998.595,-6.06532e-05,0.000178877,1.00127
0.06,467,0.399976,0.600026,0.700255,998.987,-7.54377e-05,0.000314564,1.00092
0.06,468,0.399994,0.600005,0.800253,999.112,-5.7463e-05,0.000278344,1.00037
0.06,469,0.4,0.600002,0.900044,792.855,-2.05084e-05,8.82911e-05,1.00009
0.06,470,0.4,0.700003,-3.79825e-05,792.597,1.3114e-05,-0.000268054,1.00008
0.06,471,0.399996,0.700054,0.0997977,998.881,3.67785e-05,-0.000732593,1.00035
0.06,472,0.399984,0.7002,0.1998,999.284,4.77889e-05,-0.000759733,1.00083
0.06,473,0.399976,0.700255,0.299974,998.987,3.81683e-05,-0.000315686,1.00112
0.06,474,0.39997,0.700277,0.39997,999.344,1.89236e-05,-9.32054e-05,1.0012
0.06,475,0.39997,0.700277,0.50003,999.344,-1.89236e-05,9.32054e-05,1.0012
0.06,476,0.399976,0.700255,0.600026,998.987,-3.81683e-05,0.000315686,1.00112
0.06,477,0.399984,0.7002,0.7002,999.284,-4.77889e-05,0.000759733,1.00083
0.06,478,0.399996,0.700054,0.800202,998.881,-3.67785e-05,0.000732593,1.00035
0.06,479,0.4,0.700003,0.900038,792.597,-1.3114e-05,0.000268054,1.00008
0.06,480,0.4,0.800002,-1.95812e-05,790.201,5.24415e-06,-0.00030344,1
0.06,481,0.399999,0.800057,0.0999427,996.873,1.38912e-05,-0.000739882,0.999802
0.06,482,0.399996,0.800202,0.199946,998.881,1.77738e-05,-0.000742805,0.999452
0.06,483,0.399994,0.800253,0.299995,999.112,1.44419e-05,-0.000284163,0.999229
0.06,484,0.399992,0.800271,0.399992,999.377,7.20863e-06,-7.48847e-05,0.999159
0.06,485,0.399992,0.800271,0.500008,999.377,-7.20863e-06,7.48847e-05,0.999159
0.06,486,0.399994,0.800253,0.600005,999.112,-1.44419e-05,0.000284163,0.999229
0.06,487,0.399996,0.800202,0.700054,998.881,-1.77738e-05,0.000742805,0.999452
0.06,488,0.399999,0.800057,0.800057,996.873,-1.38912e-05,0.000739882,0.999802
0.06,489,0.4,0.800002,0.90002,790.201,-5.24415e-06,0.00030344,1
0.06,490,0.4,0.900015,-1.54649e-05,624.851,1.53417e-06,-9.02746e-05,0.999993
0.06,491,0.4,0.90002,0.0999983,790.201,3.45393e-06,-0.000319749,0.999678
0.06,492,0.4,0.900038,0.199997,792.597,4.21645e-06,-0.000318744,0.999181
0.06,493,0.4,0.900044,0.299998,792.855,3.41041e-06,-0.000117888,0.998856
0.06,494,0.4,0.900047,0.4,792.965,1.63292e-06,-3.31743e-05,0.998759
0.06,495,0.4,0.900047,0.5,792.965,-1.63292e-06,3.31743e-05,0.998759
0.06,496,0.4,0.900044,0.600002,792.855,-3.41041e-06,0.000117888,0.998856
0.06,497,0.4,0.900038,0.700003,792.597,-4.21645e-06,0.000318744,0.999181
0.06,498,0.4,0.90002,0.800002,790.201,-3.45393e-06,0.000319749,0.999678
0.06,499,0.4,0.900015,0.900015,624.851,-1.53417e-06,9.02746e-05,0.999993
0.06,500,0.5,-1.54656e-05,-1.54649e-05,624.851,-1.53417e-06,9.02746e-05,0.999993
0.06,501,0.5,-1.95802e-05,0.0999983,790.201,-3.45393e-06,0.000319749,0.999678
0.06,502,0.5,-3.79781e-05,0.199997,792.597,-4.21645e-06,0.000318744,0.999181
0.06,503,0.5,-4.35026e-05,0.299998,792.855,-3.41041e-06,0.000117888,0.998856
0.06,504,0.5,-4.68961e-05,0.4,792.965,-1.63292e-06,3.31743e-05,0.998759
0.06,505,0.5,-4.68961e-05,0.5,792.965,1.63292e-06,-3.31743e-05,0.998759
0.06,506,0.5,-4.35026e-05,0.600002,792.855,3.41041e-06,-0.000117888,0.998856
0.06,507,0.5,-3.79781e-05,0.700003,792.597,4.21645e-06,-0.000318744,0.999181
0.06,508,0.5,-1.95802e-05,0.800002,790.201,3.45393e-06,-0.000319749,0.999678
0.06,509,0.5,-1.54656e-05,0.900015,624.851,1.53417e-06,-9.02746e-05,0.999993
0.06,510,0.5,0.0999982,-1.95812e-05,790.201,-5.24415e-06,0.00030344,1
0.06,511,0.500001,0.0999427,0.0999427,996.873,-1.38912e-05,0.000739882,0.999802
0.06,512,0.500004,0.0997977,0.199946,998.881,-1.77738e-05,0.000742805,0.999452
0.06,513,0.500006,0.0997474,0.299995,999.112,-1.44419e-05,0.000284163,0.999229
0.06,514,0.500008,0.099729,0.399992,999.377,-7.20863e-06,7.48847e-05,0.999159
0.06,515,0.500008,0.099729,0.500008,999.377,7.20863e-06,-7.48847e-05,0.999159
0.06,516,0.500006,0.0997474,0.600005,999.112,1.44419e-05,-0.000284163,0.999229
0.06,517,0.500004,0.0997977,0.700054,998.881,1.77738e-05,-0.000742805,0.999452
0.06,518,0.500001,0.0999427,0.800057,996.873,1.38912e-05,-0.000739882,0.999802
0.06,519,0.5,0.0999982,0.90002,790.201,5.24415e-06,-0.00030344,1
0.06,520,0.5,0.199997,-3.79825e-05,792.597,-1.3114e-05,0.000268054,1.00008
0.06,521,0.500004,0.199946,0.0997977,998.881,-3.67785e-05,0.000732593,1.00035
0.06,522,0.500016,0.1998,0.1998,999.284,-4.77889e-05,0.000759733,1.00083
0.06,523,0.500024,0.199745,0.299974,998.987,-3.81683e-05,0.000315686,1.00112
0.06,524,0.50003,0.199723,0.39997,999.344,-1.89236e-05,9.32054e-05,1.0012
0.06,525,0.50003,0.199723,0.50003,999.344,1.89236e-05,-9.32054e-05,1.0012
0.06,526,0.500024,0.199745,0.600026,998.987,3.81683e-05,-0.000315686,1.00112
0.06,527,0.500016,0.1998,0.7002,999.284,4.77889e-05,-0.000759733,1.00083
0.06,528,0.500004,0.199946,0.800202,998.881,3.67785e-05,-0.000732593,1.00035
0.06,529,0.5,0.199997,0.900038,792.597,1.3114e-05,-0.000268054,1.00008
0.06,530,0.5,0.299998,-4.35085e-05,792.855,-2.05084e-05,8.82911e-05,1.00009
0.06,531,0.500006,0.299995,0.0997474,999.112,-5.7463e-05,0.000278344,1.00037
0.06,532,0.500024,0.299974,0.199745,998.987,-7.54377e-05,0.000314564,1.00092
0.06,533,0.500035,0.299961,0.299961,998.595,-6.06532e-05,0.000178877,1.00127
0.06,534,0.500046,0.299944,0.399954,998.985,-2.97606e-05,7.47801e-05,1.00142
0.06,535,0.500046,0.299944,0.500046,998.985,2.97606e-05,-7.47801e-05,1.00142
0.06,536,0.500035,0.299961,0.600039,998.595,6.06532e-05,-0.000178877,1.00127
0.06,537,0.500024,0.299974,0.700255,998.987,7.54377e-05,-0.000314564,1.00092
0.06,538,0.500006,0.299995,0.800253,999.112,5.7463e-05,-0.000278344,1.00037
0.06,539,0.5,0.299998,0.900044,792.855,2.05084e-05,-8.82911e-05,1.00009
0.06,540,0.5,0.4,-4.6902e-05,792.965,-2.59485e-05,2.5948e-05,1.00005
0.06,541,0.500008,0.399992,0.099729,999.377,-7.25659e-05,7.25643e-05,1.00019
0.06,542,0.50003,0.39997,0.199723,999.344,-9.54723e-05,9.5471e-05,1.00052
0.06,543,0.500046,0.399954,0.299944,998.985,-7.62854e-05,7.62853e-05,1.00082
0.06,544,0.500059,0.399941,0.399941,999.277,-3.68379e-05,3.68381e-05,1.00102
0.06,545,0.500059,0.399941,0.500059,999.277,3.68379e-05,-3.68381e-05,1.00102
0.06,546,0.500046,0.399954,0.600056,998.985,7.62854e-05,-7.62853e-05,1.00082
0.06,547,0.50003,0.39997,0.700277,999.344,9.54723e-05,-9.5471e-05,1.00052
0.06,548,0.500008,0.399992,0.800271,999.377,7.25659e-05,-7.25643e-05,1.00019
0.06,549,0.5,0.4,0.900047,792.965,2.59485e-05,-2.5948e-05,1.00005
0.06,550,0.5,0.5,-4.6902e-05,792.965,-2.59485e-05,-2.5948e-05,1.00005
0.06,551,0.500008,0.500008,0.099729,999.377,-7.25659e-05,-7.25643e-05,1.00019
0.06,552,0.50003,0.50003,0.199723,999.344,-9.54723e-05,-9.5471e-05,1.00052
0.06,553,0.500046,0.500046,0.299944,998.985,-7.62854e-05,-7.62853e-05,1.00082
0.06,554,0.500059,0.500059,0.399941,999.277,-3.68379e-05,-3.68381e-05,1.00102
0.06,555,0.500059,0.500059,0.500059,999.277,3.68379e-05,3.68381e-05,1.00102
0.06,556,0.500046,0.500046,0.600056,998.985,7.62854e-05,7.62853e-05,1.00082
0.06,557,0.50003,0.50003,0.700277,999.344,9.54723e-05,9.5471e-05,1.00052
0.06,558,0.500008,0.500008,0.800271,999.377,7.25659e-05,7.25643e-05,1.00019
0.06,559,0.5,0.5,0.900047,792.965,2.59485e-05,2.5948e-05,1.00005
0.06,560,0.5,0.600002,-4.35085e-05,792.855,-2.05084e-05,-8.82911e-05,1.00009
0.06,561,0.500006,0.600005,0.0997474,999.112,-5.7463e-05,-0.000278344,1.00037
0.06,562,0.500024,0.600026,0.199745,998.987,-7.54377e-05,-0.000314564,1.00092
0.06,563,0.500035,0.600039,0.299961,998.595,-6.06532e-05,-0.000178877,1.00127
0.06,564,0.500046,0.600056,0.399954,998.985,-2.97606e-05,-7.47801e-05,1.00142
0.06,565,0.500046,0.600056,0.500046,998.985,2.97606e-05,7.47801e-05,1.00142
0.06,566,0.500035,0.600039,0.600039,998.595,6.06532e-05,0.000178877,1.00127
0.06,567,0.500024,0.600026,0.700255,998.987,7.54377e-05,0.000314564,1.00092
0.06,568,0.500006,0.600005,0.800253,999.112,5.7463e-05,0.000278344,1.00037
0.06,569,0.5,0.600002,0.900044,792.855,2.05084e-05,8.82911e-05,1.00009
0.06,570,0.5,0.700003,-3.79825e-05,792.597,-1.3114e-05,-0.000268054,1.00008
0.06,571,0.500004,0.700054,0.0997977,998.881,-3.67785e-05,-0.000732593,1.00035
0.06,572,0.500016,0.7002,0.1998,999.284,-4.77889e-05,-0.000759733,1.00083
0.06,573,0.500024,0.700255,0.299974,998.987,-3.81683e-05,-0.000315686,1.00112
0.06,574,0.50003,0.700277,0.39997,999.344,-1.89236e-05,-9.32054e-05,1.0012
0.06,575,0.50003,0.700277,0.50003,999.344,1.89236e-05,9.32054e-05,1.0012
0.06,576,0.500024,0.700255,0.600026,998.987,3.81683e-05,0.000315686,1.00112
0.06,577,0.500016,0.7002,0.7002,999.284,4.77889e-05,0.000759733,1.00083
0.06,578,0.500004,0.700054,0.800202,998.881,3.67785e-05,0.000732593,1.00035
0.06,579,0.5,0.700003,0.900038,792.597,1.3114e-05,0.000268054,1.00008
0.06,580,0.5,0.800002,-1.95812e-05,790.201,-5.24415e-06,-0.00030344,1
0.06,581,0.500001,0.800057,0.0999427,996.873,-1.38912e-05,-0.000739882,0.999802
0.06,582,0.500004,0.800202,0.199946,998.881,-1.77738e-05,-0.000742805,0.999452
0.06,583,0.500006,0.800253,0.299995,999.112,-1.44419e-05,-0.000284163,0.999229
0.06,584,0.500008,0.800271,0.399992,999.377,-7.20863e-06,-7.48847e-05,0.999159
0.06,585,0.500008,0.800271,0.500008,999.377,7.20863e-06,7.48847e-05,0.999159
0.06,586,0.500006,0.800253,0.600005,999.112,1.44419e-05,0.000284163,0.999229
0.06,587,0.500004,0.800202,0.700054,998.881,1.77738e-05,0.000742805,0.999452
0.06,588,0.500001,0.800057,0.800057,996.873,1.38912e-05,0.000739882,0.999802
0.06,589,0.5,0.800002,0.90002,790.201,5.24415e-06,0.00030344,1
0.06,590,0.5,0.900015,-1.54649e-05,624.851,-1.53417e-06,-9.02746e-05,0.999993
0.06,591,0.5,0.90002,0.0999983,790.201,-3.45393e-06,-0.000319749,0.999678
0.06,592,0.5,0.900038,0.199997,792.597,-4.21645e-06,-0.000318744,0.999181
0.06,593,0.5,0.900044,0.299998,792.855,-3.41041e-06,-0.000117888,0.998856
0.06,594,0.5,0.900047,0.4,792.965,-1.63292e-06,-3.31743e-05,0.998759
0.06,595,0.5,0.900047,0.5,792.965,1.63292e-06,3.31743e-05,0.998759
0.06,596,0.5,0.900044,0.600002,792.855,3.41041e-06,0.000117888,0.998856
0.06,597,0.5,0.900038,0.700003,792.597,4.21645e-06,0.000318744,0.999181
0.06,598,0.5,0.90002,0.800002,790.201,3.45393e-06,0.000319749,0.999678
0.06,599,0.5,0.900015,0.900015,624.851,1.53417e-06,9.02746e-05,0.999993
0.06,600,0.6,-1.53474e-05,-1.53467e-05,624.841,-6.19083e-06,8.18527e-05,1
0.06,601,0.6,-1.89334e-05,0.0999986,790.167,-1.63918e-05,0.000298092,0.999717
0.06,602,0.600001,-3.594e-05,0.199997,792.525,-1.73718e-05,0.000295142,0.999274
0.06,603,0.600002,-4.07556e-05,0.299998,792.754,-8.91978e-06,0.00010328,0.998986
0.06,604,0.600002,-4.35031e-05,0.4,792.855,-3.36859e-06,2.66284e-05,0.998904
0.06,605,0.600002,-4.35031e-05,0.5,792.855,3.36859e-06,-2.66284e-05,0.998904
0.06,606,0.600002,-4.07556e-05,0.600002,792.754,8.91978e-06,-0.00010328,0.998986
0.06,607,0.600001,-3.594e-05,0.700003,792.525,1.73718e-05,-0.000295142,0.999274
0.06,608,0.6,-1.89334e-05,0.800001,790.167,1.63918e-05,-0.000298092,0.999717
0.06,609,0.6,-1.53474e-05,0.900015,624.841,6.19083e-06,-8.18527e-05,1
0.06,610,0.6,0.0999986,-1.89344e-05,790.167,-2.22256e-05,0.000285486,1.00002
0.06,611,0.600001,0.0999454,0.0999454,996.767,-6.8955e-05,0.000690673,0.999889
0.06,612,0.600002,0.0998066,0.199949,998.685,-7.36628e-05,0.000687522,0.999661
0.06,613,0.600003,0.0997606,0.299997,998.854,-3.63727e-05,0.000249108,0.999503
0.06,614,0.600005,0.0997474,0.399994,999.112,-1.41667e-05,5.94063e-05,0.999444
0.06,615,0.600005,0.0997474,0.500006,999.112,1.41667e-05,-5.94063e-05,0.999444
0.06,616,0.600003,0.0997606,0.600003,998.854,3.63727e-05,-0.000249108,0.999503
0.06,617,0.600002,0.0998066,0.700051,998.685,7.36628e-05,-0.000687522,0.999661
0.06,618,0.600001,0.0999454,0.800055,996.767,6.8955e-05,-0.000690673,0.999889
0.06,619,0.6,0.0999986,0.900019,790.167,2.22256e-05,-0.000285486,1.00002
0.06,620,0.600001,0.199997,-3.5944e-05,792.525,-5.5114e-05,0.000249265,1.00011
0.06,621,0.600002,0.199949,0.0998066,998.685,-0.000173411,0.000677641,1.0005
0.06,622,0.600012,0.19981,0.19981,998.969,-0.000188239,0.000694913,1.00117
0.06,623,0.600017,0.199761,0.299983,998.601,-9.51357e-05,0.000272024,1.00154
0.06,624,0.600026,0.199745,0.399976,998.987,-3.74272e-05,7.35044e-05,1.00161
0.06,625,0.600026,0.199745,0.500024,998.987,3.74272e-05,-7.35044e-05,1.00161
0.06,626,0.600017,0.199761,0.600017,998.601,9.51357e-05,-0.000272024,1.00154
0.06,627,0.600012,0.19981,0.70019,998.969,0.000188239,-0.000694913,1.00117
0.06,628,0.600002,0.199949,0.800193,998.685,0.000173411,-0.000677641,1.0005
0.06,629,0.600001,0.199997,0.900036,792.525,5.5114e-05,-0.000249265,1.00011
0.06,630,0.600002,0.299998,-4.07611e-05,792.754,-7.69683e-05,7.69653e-05,1.00013
0.06,631,0.600003,0.299997,0.0997606,998.854,-0.000244141,0.000244136,1.00056
0.06,632,0.600017,0.299983,0.199761,998.601,-0.000270899,0.000270895,1.00134
0.06,633,0.600026,0.299974,0.299974,998.14,-0.000145736,0.000145736,1.00178
0.06,634,0.600039,0.299961,0.399965,998.595,-5.92772e-05,5.92781e-05,1.00189
0.06,635,0.600039,0.299961,0.500035,998.595,5.92772e-05,-5.92781e-05,1.00189
0.06,636,0.600026,0.299974,0.600026,998.14,0.000145736,-0.000145736,1.00178
0.06,637,0.600017,0.299983,0.700239,998.601,0.000270899,-0.000270895,1.00134
0.06,638,0.600003,0.299997,0.800239,998.854,0.000244141,-0.000244136,1.00056
0.06,639,0.600002,0.299998,0.900041,792.754,7.69683e-05,-7.69653e-05,1.00013
0.06,640,0.600002,0.4,-4.35085e-05,792.855,-8.82944e-05,2.05079e-05,1.00009
0.06,641,0.600005,0.399994,0.0997474,999.112,-0.00027835,5.74616e-05,1.00037
0.06,642,0.600026,0.399976,0.199745,998.987,-0.000314568,7.54366e-05,1.00092
0.06,643,0.600039,0.399965,0.299961,998.595,-0.000178877,6.06531e-05,1.00127
0.06,644,0.600056,0.399954,0.399954,998.985,-7.47791e-05,2.97608e-05,1.00142
0.06,645,0.600056,0.399954,0.500046,998.985,7.47791e-05,-2.97608e-05,1.00142
0.06,646,0.600039,0.399965,0.600039,998.595,0.000178877,-6.06531e-05,1.00127
0.06,647,0.600026,0.399976,0.700255,998.987,0.000314568,-7.54366e-05,1.00092
0.06,648,0.600005,0.399994,0.800253,999.112,0.00027835,-5.74616e-05,1.00037
0.06,649,0.600002,0.4,0.900044,792.855,8.82944e-05,-2.05079e-05,1.00009
0.06,650,0.600002,0.5,-4.35085e-05,792.855,-8.82944e-05,-2.05079e-05,1.00009
0.06,651,0.600005,0.500006,0.0997474,999.112,-0.00027835,-5.74616e-05,1.00037
0.06,652,0.600026,0.500024,0.199745,998.987,-0.000314568,-7.54366e-05,1.00092
0.06,653,0.600039,0.500035,0.299961,998.595,-0.000178877,-6.06531e-05,1.00127
0.06,654,0.600056,0.500046,0.399954,998.985,-7.47791e-05,-2.97608e-05,1.00142
0.06,655,0.600056,0.500046,0.500046,998.985,7.47791e-05,2.97608e-05,1.00142
0.06,656,0.600039,0.500035,0.600039,998.595,0.000178877,6.06531e-05,1.00127
0.06,657,0.600026,0.500024,0.700255,998.987,0.000314568,7.54366e-05,1.00092
0.06,658,0.600005,0.500006,0.800253,999.112,0.00027835,5.74616e-05,1.00037
0.06,659,0.600002,0.5,0.900044,792.855,8.82944e-05,2.05079e-05,1.00009
0.06,660,0.600002,0.600002,-4.07611e-05,792.754,-7.69683e-05,-7.69653e-05,1.00013
0.06,661,0.600003,0.600003,0.0997606,998.854,-0.000244141,-0.000244136,1.00056
0.06,662,0.600017,0.600017,0.199761,998.601,-0.000270899,-0.000270895,1.00134
0.06,663,0.600026,0.600026,0.299974,998.14,-0.000145736,-0.000145736,1.00178
0.06,664,0.600039,0.600039,0.399965,998.595,-5.92772e-05,-5.92781e-05,1.00189
0.06,665,0.600039,0.600039,0.500035,998.595,5.92772e-05,5.92781e-05,1.00189
0.06,666,0.600026,0.600026,0.600026,998.14,0.000145736,0.000145736,1.00178
0.06,667,0.600017,0.600017,0.700239,998.601,0.000270899,0.000270895,1.00134
0.06,668,0.600003,0.600003,0.800239,998.854,0.000244141,0.000244136,1.00056
0.06,669,0.600002,0.600002,0.900041,792.754,7.69683e-05,7.69653e-05,1.00013
0.06,670,0.600001,0.700003,-3.5944e-05,792.525,-5.5114e-05,-0.000249265,1.00011
0.06,671,0.600002,0.700051,0.0998066,998.685,-0.000173411,-0.000677641,1.0005
0.06,672,0.600012,0.70019,0.19981,998.969,-0.000188239,-0.000694913,1.00117
0.06,673,0.600017,0.700239,0.299983,998.601,-9.51357e-05,-0.000272024,1.00154
0.06,674,0.600026,0.700255,0.399976,998.987,-3.74272e-05,-7.35044e-05,1.00161
0.06,675,0.600026,0.700255,0.500024,998.987,3.74272e-05,7.35044e-05,1.00161
0.06,676,0.600017,0.700239,0.600017,998.601,9.51357e-05,0.000272024,1.00154
0.06,677,0.600012,0.70019,0.70019,998.969,0.000188239,0.000694913,1.00117
0.06,678,0.600002,0.700051,0.800193,998.685,0.000173411,0.000677641,1.0005
0.06,679,0.600001,0.700003,0.900036,792.525,5.5114e-05,0.000249265,1.00011
0.06,680,0.6,0.800001,-1.89344e-05,790.167,-2.22256e-05,-0.000285486,1.00002
0.06,681,0.600001,0.800055,0.0999454,996.767,-6.8955e-05,-0.000690673,0.999889
0.06,682,0.600002,0.800193,0.199949,998.685,-7.36628e-05,-0.000687522,0.999661
0.06,683,0.600003,0.800239,0.299997,998.854,-3.63727e-05,-0.000249108,0.999503
0.06,684,0.600005,0.800253,0.399994,999.112,-1.41667e-05,-5.94063e-05,0.999444
0.06,685,0.600005,0.800253,0.500006,999.112,1.41667e-05,5.94063e-05,0.999444
0.06,686,0.600003,0.800239,0.600003,998.854,3.63727e-05,0.000249108,0.999503
0.06,687,0.600002,0.800193,0.700051,998.685,7.36628e-05,0.000687522,0.999661
0.06,688,0.600001,0.800055,0.800055,996.767,6.8955e-05,0.000690673,0.999889
0.06,689,0.6,0.800001,0.900019,790.167,2.22256e-05,0.000285486,1.00002
0.06,690,0.6,0.900015,-1.53467e-05,624.841,-6.19083e-06,-8.18527e-05,1
0.06,691,0.6,0.900019,0.0999986,790.167,-1.63918e-05,-0.000298092,0.999717
0.06,692,0.600001,0.900036,0.199997,792.525,-1.73718e-05,-0.000295142,0.999274
0.06,693,0.600002,0.900041,0.299998,792.754,-8.91978e-06,-0.00010328,0.998986
0.06,694,0.600002,0.900044,0.4,792.855,-3.36859e-06,-2.66284e-05,0.998904
0.06,695,0.600002,0.900044,0.5,792.855,3.36859e-06,2.66284e-05,0.998904
0.06,696,0.600002,0.900041,0.600002,792.754,8.91978e-06,0.00010328,0.998986
0.06,697,0.600001,0.900036,0.700003,792.525,1.73718e-05,0.000295142,0.999274
0.06,698,0.6,0.900019,0.800001,790.167,1.63918e-05,0.000298092,0.999717
0.06,699,0.6,0.900015,0.900015,624.841,6.19083e-06,8.18527e-05,1
0.06,700,0.7,-1.49939e-05,-1.49935e-05,624.815,-1.77935e-05,5.46842e-05,1.00002
0.06,701,0.700001,-1.75795e-05,0.0999993,790.081,-5.0059e-05,0.000223441,0.99981
0.06,702,0.700002,-3.20949e-05,0.199998,792.362,-4.92142e-05,0.000221278,0.999497
0.06,703,0.700003,-3.594e-05,0.299999,792.525,-1.78835e-05,7.43935e-05,0.99929
0.06,704,0.700003,-3.79785e-05,0.4,792.597,-4.41892e-06,1.76617e-05,0.999235
0.06,705,0.700003,-3.79785e-05,0.5,792.597,4.41892e-06,-1.76617e-05,0.999235
0.06,706,0.700003,-3.594e-05,0.600001,792.525,1.78835e-05,-7.43935e-05,0.99929
0.06,707,0.700002,-3.20949e-05,0.700002,792.362,4.92142e-05,-0.000221278,0.999497
0.06,708,0.700001,-1.75795e-05,0.800001,790.081,5.0059e-05,-0.000223441,0.99981
0.06,709,0.7,-1.49939e-05,0.900015,624.815,1.77935e-05,-5.46842e-05,1.00002
0.06,710,0.700001,0.0999993,-1.75803e-05,790.081,-7.72436e-05,0.000220405,1.00003
0.06,711,0.700011,0.0999557,0.0999557,996.631,-0.000210571,0.000518539,0.99996
0.06,712,0.700041,0.0998429,0.199959,998.583,-0.000209434,0.000512549,0.999832
0.06,713,0.700051,0.0998066,0.299998,998.685,-7.51488e-05,0.000177862,0.999739
0.06,714,0.700054,0.0997977,0.399996,998.881,-1.79138e-05,3.86374e-05,0.999702
0.06,715,0.700054,0.0997977,0.500004,998.881,1.79138e-05,-3.86374e-05,0.999702
0.06,716,0.700051,0.0998066,0.600002,998.685,7.51488e-05,-0.000177862,0.999739
0.06,717,0.700041,0.0998429,0.700041,998.583,0.000209434,-0.000512549,0.999832
0.06,718,0.700011,0.0999557,0.800044,996.631,0.000210571,-0.000518539,0.99996
0.06,719,0.700001,0.0999993,0.900018,790.081,7.72436e-05,-0.000220405,1.00003
0.06,720,0.700002,0.199998,-3.20979e-05,792.361,-0.000186006,0.000185999,1.0001
0.06,721,0.700041,0.199959,0.0998429,998.583,-0.000503394,0.000503386,1.00044
0.06,722,0.700152,0.199848,0.199848,999.275,-0.000510002,0.000509997,1.00102
0.06,723,0.70019,0.19981,0.299988,998.969,-0.000189401,0.000189401,1.00134
0.06,724,0.7002,0.1998,0.399984,999.284,-4.68901e-05,4.68916e-05,1.00139
0.06,725,0.7002,0.1998,0.500016,999.284,4.68901e-05,-4.68916e-05,1.00139
0.06,726,0.70019,0.19981,0.600012,998.969,0.000189401,-0.000189401,1.00134
0.06,727,0.700152,0.199848,0.700152,999.275,0.000510002,-0.000509997,1.00102
0.06,728,0.700041,0.199959,0.800157,998.583,0.000503394,-0.000503386,1.00044
0.06,729,0.700002,0.199998,0.900032,792.361,0.000186006,-0.000185999,1.0001
0.06,730,0.700003,0.299999,-3.59441e-05,792.525,-0.000249274,5.51118e-05,1.00011
0.06,731,0.700051,0.299998,0.0998066,998.685,-0.000677651,0.000173407,1.0005
0.06,732,0.70019,0.299988,0.19981,998.969,-0.000694919,0.000188236,1.00117
0.06,733,0.700239,0.299983,0.299983,998.601,-0.000272024,9.51358e-05,1.00154
0.06,734,0.700255,0.299974,0.399976,998.987,-7.35025e-05,3.74279e-05,1.00161
0.06,735,0.700255,0.299974,0.500024,998.987,7.35025e-05,-3.74279e-05,1.00161
0.06,736,0.700239,0.299983,0.600017,998.601,0.000272024,-9.51358e-05,1.00154
0.06,737,0.70019,0.299988,0.70019,998.969,0.000694919,-0.000188236,1.00117
0.06,738,0.700051,0.299998,0.800193,998.685,0.000677651,-0.000173407,1.0005
0.06,739,0.700003,0.299999,0.900036,792.525,0.000249274,-5.51118e-05,1.00011
0.06,740,0.700003,0.4,-3.79825e-05,792.597,-0.000268064,1.31136e-05,1.00008
0.06,741,0.700054,0.399996,0.0997977,998.881,-0.000732605,3.67774e-05,1.00035
0.06,742,0.7002,0.399984,0.1998,999.284,-0.00075974,4.77881e-05,1.00083
0.06,743,0.700255,0.399976,0.299974,998.987,-0.000315686,3.81683e-05,1.00112
0.06,744,0.700277,0.39997,0.39997,999.344,-9.32033e-05,1.89237e-05,1.0012
0.06,745,0.700277,0.39997,0.50003,999.344,9.32033e-05,-1.89237e-05,1.0012
0.06,746,0.700255,0.399976,0.600026,998.987,0.000315686,-3.81683e-05,1.00112
0.06,747,0.7002,0.399984,0.7002,999.284,0.00075974,-4.77881e-05,1.00083
0.06,748,0.700054,0.399996,0.800202,998.881,0.000732605,-3.67774e-05,1.00035
0.06,749,0.700003,0.4,0.900038,792.597,0.000268064,-1.31136e-05,1.00008
0.06,750,0.700003,0.5,-3.79825e-05,792.597,-0.000268064,-1.31136e-05,1.00008
0.06,751,0.700054,0.500004,0.0997977,998.881,-0.000732605,-3.67774e-05,1.00035
0.06,752,0.7002,0.500016,0.1998,999.284,-0.00075974,-4.77881e-05,1.00083
0.06,753,0.700255,0.500024,0.299974,998.987,-0.000315686,-3.81683e-05,1.00112
0.06,754,0.700277,0.50003,0.39997,999.344,-9.32033e-05,-1.89237e-05,1.0012
0.06,755,0.700277,0.50003,0.50003,999.344,9.32033e-05,1.89237e-05,1.0012
0.06,756,0.700255,0.500024,0.600026,998.987,0.000315686,3.81683e-05,1.00112
0.06,757,0.7002,0.500016,0.7002,999.284,0.00075974,4.77881e-05,1.00083
0.06,758,0.700054,0.500004,0.800202,998.881,0.000732605,3.67774e-05,1.00035
0.06,759,0.700003,0.5,0.900038,792.597,0.000268064,1.31136e-05,1.00008
0.06,760,0.700003,0.600001,-3.59441e-05,792.525,-0.000249274,-5.51118e-05,1.00011
0.06,761,0.700051,0.600002,0.0998066,998.685,-0.000677651,-0.000173407,1.0005
0.06,762,0.70019,0.600012,0.19981,998.969,-0.000694919,-0.000188236,1.00117
0.06,763,0.700239,0.600017,0.299983,998.601,-0.000272024,-9.51358e-05,1.00154
0.06,764,0.700255,0.600026,0.399976,998.987,-7.35025e-05,-3.74279e-05,1.00161
0.06,765,0.700255,0.600026,0.500024,998.987,7.35025e-05,3.74279e-05,1.00161
0.06,766,0.700239,0.600017,0.600017,998.601,0.000272024,9.51358e-05,1.00154
0.06,767,0.70019,0.600012,0.70019,998.969,0.000694919,0.000188236,1.00117
0.06,768,0.700051,0.600002,0.800193,998.685,0.000677651,0.000173407,1.0005
0.06,769,0.700003,0.600001,0.900036,792.525,0.000249274,5.51118e-05,1.00011
0.06,770,0.700002,0.700002,-3.20979e-05,792.361,-0.000186006,-0.000185999,1.0001
0.06,771,0.700041,0.700041,0.0998429,998.583,-0.000503394,-0.000503386,1.00044
0.06,772,0.700152,0.700152,0.199848,999.275,-0.000510002,-0.000509997,1.00102
0.06,773,0.70019,0.70019,0.299988,998.969,-0.000189401,-0.000189401,1.00134
0.06,774,0.7002,0.7002,0.399984,999.284,-4.68901e-05,-4.68916e-05,1.00139
0.06,775,0.7002,0.7002,0.500016,999.284,4.68901e-05,4.68916e-05,1.00139
0.06,776,0.70019,0.70019,0.600012,998.969,0.000189401,0.000189401,1.00134
0.06,777,0.700152,0.700152,0.700152,999.275,0.000510002,0.000509997,1.00102
0.06,778,0.700041,0.700041,0.800157,998.583,0.000503394,0.000503386,1.00044
0.06,779,0.700002,0.700002,0.900032,792.361,0.000186006,0.000185999,1.0001
0.06,780,0.700001,0.800001,-1.75803e-05,790.081,-7.72436e-05,-0.000220405,1.00003
0.06,781,0.700011,0.800044,0.0999557,996.631,-0.000210571,-0.000518539,0.99996
0.06,782,0.700041,0.800157,0.199959,998.583,-0.000209434,-0.000512549,0.999832
0.06,783,0.700051,0.800193,0.299998,998.685,-7.51488e-05,-0.000177862,0.999739
0.06,784,0.700054,0.800202,0.399996,998.881,-1.79138e-05,-3.86374e-05,0.999702
0.06,785,0.700054,0.800202,0.500004,998.881,1.79138e-05,3.86374e-05,0.999702
0.06,786,0.700051,0.800193,0.600002,998.685,7.51488e-05,0.000177862,0.999739
0.06,787,0.700041,0.800157,0.700041,998.583,0.000209434,0.000512549,0.999832
0.06,788,0.700011,0.800044,0.800044,996.631,0.000210571,0.000518539,0.99996
0.06,789,0.700001,0.800001,0.900018,790.081,7.72436e-05,0.000220405,1.00003
0.06,790,0.7,0.900015,-1.49935e-05,624.815,-1.77935e-05,-5.46842e-05,1.00002
0.06,791,0.700001,0.900018,0.0999993,790.081,-5.0059e-05,-0.000223441,0.99981
0.06,792,0.700002,0.900032,0.199998,792.362,-4.92142e-05,-0.000221278,0.999497
0.06,793,0.700003,0.900036,0.299999,792.525,-1.78835e-05,-7.43935e-05,0.99929
0.06,794,0.700003,0.900038,0.4,792.597,-4.41892e-06,-1.76617e-05,0.999235
0.06,795,0.700003,0.900038,0.5,792.597,4.41892e-06,1.76617e-05,0.999235
0.06,796,0.700003,0.900036,0.600001,792.525,1.78835e-05,7.43935e-05,0.99929
0.06,797,0.700002,0.900032,0.700002,792.362,4.92142e-05,0.000221278,0.999497
0.06,798,0.700001,0.900018,0.800001,790.081,5.0059e-05,0.000223441,0.99981
0.06,799,0.7,0.900015,0.900015,624.815,1.77935e-05,5.46842e-05,1.00002
0.06,800,0.799998,-1.49609e-05,-1.49607e-05,622.779,-4.36048e-05,4.2822e-06,1.00013
0.06,801,0.799998,-1.42796e-05,0.100002,787.849,-5.18316e-05,8.99025e-05,1
0.06,802,0.800001,-1.7579e-05,0.199999,790.081,-5.15748e-05,9.24723e-05,0.999809
0.06,803,0.800001,-1.89327e-05,0.3,790.167,-1.77589e-05,3.11971e-05,0.999697
0.06,804,0.800002,-1.95796e-05,0.4,790.201,-4.01925e-06,7.35722e-06,0.999668
0.06,805,0.800002,-1.95796e-05,0.5,790.201,4.01925e-06,-7.35722e-06,0.999668
0.06,806,0.800001,-1.89327e-05,0.6,790.167,1.77589e-05,-3.11971e-05,0.999697
0.06,807,0.800001,-1.7579e-05,0.700001,790.081,5.15748e-05,-9.24723e-05,0.999809
0.06,808,0.799998,-1.42796e-05,0.799998,787.849,5.18316e-05,-8.99025e-05,1
0.06,809,0.799998,-1.49609e-05,0.900015,622.779,4.36048e-05,-4.2822e-06,1.00013
0.06,810,0.799998,0.100002,-1.42799e-05,787.849,-0.00010855,0.000108546,1.00009
0.06,811,0.800012,0.0999883,0.0999883,994.346,-0.000220076,0.000220071,0.999958
0.06,812,0.800044,0.0999557,0.199989,996.631,-0.000215478,0.000215475,0.999736
0.06,813,0.800055,0.0999454,0.299999,996.767,-7.28041e-05,7.28045e-05,0.999603
0.06,814,0.800057,0.0999427,0.399999,996.873,-1.53856e-05,1.53865e-05,0.999565
0.06,815,0.800057,0.0999427,0.500001,996.873,1.53856e-05,-1.53865e-05,0.999565
0.06,816,0.800055,0.0999454,0.600001,996.767,7.28041e-05,-7.28045e-05,0.999603
0.06,817,0.800044,0.0999557,0.700011,996.631,0.000215478,-0.000215475,0.999736
0.06,818,0.800012,0.0999883,0.800012,994.346,0.000220076,-0.000220071,0.999958
0.06,819,0.799998,0.100002,0.900014,787.849,0.00010855,-0.000108546,1.00009
0.06,820,0.800001,0.199999,-1.75803e-05,790.081,-0.000220412,7.72407e-05,1.00003
0.06,821,0.800044,0.199989,0.0999557,996.631,-0.000518547,0.000210567,0.99996
0.06,822,0.800157,0.199959,0.199959,998.583,-0.000512554,0.000209431,0.999832
0.06,823,0.800193,0.199949,0.299998,998.685,-0.000177861,7.51491e-05,0.999739
0.06,824,0.800202,0.199946,0.399996,998.881,-3.86357e-05,1.79147e-05,0.999702
0.06,825,0.800202,0.199946,0.500004,998.881,3.86357e-05,-1.79147e-05,0.999702
0.06,826,0.800193,0.199949,0.600002,998.685,0.000177861,-7.51491e-05,0.999739
0.06,827,0.800157,0.199959,0.700041,998.583,0.000512554,-0.000209431,0.999832
0.06,828,0.800044,0.199989,0.800044,996.631,0.000518547,-0.000210567,0.99996
0.06,829,0.800001,0.199999,0.900018,790.081,0.000220412,-7.72407e-05,1.00003
0.06,830,0.800001,0.3,-1.89344e-05,790.167,-0.000285496,2.22246e-05,1.00002
0.06,831,0.800055,0.299999,0.0999454,996.767,-0.000690685,6.89528e-05,0.999889
0.06,832,0.800193,0.299998,0.199949,998.685,-0.000687529,7.36613e-05,0.999661
0.06,833,0.800239,0.299997,0.299997,998.854,-0.000249107,3.63728e-05,0.999503
0.06,834,0.800253,0.299995,0.399994,999.112,-5.94041e-05,1.41671e-05,0.999444
0.06,835,0.800253,0.299995,0.500006,999.112,5.94041e-05,-1.41671e-05,0.999444
0.06,836,0.800239,0.299997,0.600003,998.854,0.000249107,-3.63728e-05,0.999503
0.06,837,0.800193,0.299998,0.700051,998.685,0.000687529,-7.36613e-05,0.999661
0.06,838,0.800055,0.299999,0.800055,996.767,0.000690685,-6.89528e-05,0.999889
0.06,839,0.800001,0.3,0.900019,790.167,0.000285496,-2.22246e-05,1.00002
0.06,840,0.800002,0.4,-1.95813e-05,790.201,-0.00030345,5.24402e-06,1
0.06,841,0.800057,0.399999,0.0999427,996.873,-0.000739894,1.38906e-05,0.999802
0.06,842,0.800202,0.399996,0.199946,998.881,-0.000742812,1.77734e-05,0.999452
0.06,843,0.800253,0.399994,0.299995,999.112,-0.000284162,1.44419e-05,0.999229
0.06,844,0.800271,0.399992,0.399992,999.377,-7.48823e-05,7.20873e-06,0.999159
0.06,845,0.800271,0.399992,0.500008,999.377,7.48823e-05,-7.20873e-06,0.999159
0.06,846,0.800253,0.399994,0.600005,999.112,0.000284162,-1.44419e-05,0.999229
0.06,847,0.800202,0.399996,0.700054,998.881,0.000742812,-1.77734e-05,0.999452
0.06,848,0.800057,0.399999,0.800057,996.873,0.000739894,-1.38906e-05,0.999802
0.06,849,0.800002,0.4,0.90002,790.201,0.00030345,-5.24402e-06,1
0.06,850,0.800002,0.5,-1.95813e-05,790.201,-0.00030345,-5.24402e-06,1
0.06,851,0.800057,0.500001,0.0999427,996.873,-0.000739894,-1.38906e-05,0.999802
0.06,852,0.800202,0.500004,0.199946,998.881,-0.000742812,-1.77734e-05,0.999452
0.06,853,0.800253,0.500006,0.299995,999.112,-0.000284162,-1.44419e-05,0.999229
0.06,854,0.800271,0.500008,0.399992,999.377,-7.48823e-05,-7.20873e-06,0.999159
0.06,855,0.800271,0.500008,0.500008,999.377,7.48823e-05,7.20873e-06,0.999159
0.06,856,0.800253,0.500006,0.600005,999.112,0.000284162,1.44419e-05,0.999229
0.06,857,0.800202,0.500004,0.700054,998.881,0.000742812,1.77734e-05,0.999452
0.06,858,0.800057,0.500001,0.800057,996.873,0.000739894,1.38906e-05,0.999802
0.06,859,0.800002,0.5,0.90002,790.201,0.00030345,5.24402e-06,1
0.06,860,0.800001,0.6,-1.89344e-05,790.167,-0.000285496,-2.22246e-05,1.00002
0.06,861,0.800055,0.600001,0.0999454,996.767,-0.000690685,-6.89528e-05,0.999889
0.06,862,0.800193,0.600002,0.199949,998.685,-0.000687529,-7.36613e-05,0.999661
0.06,863,0.800239,0.600003,0.299997,998.854,-0.000249107,-3.63728e-05,0.999503
0.06,864,0.800253,0.600005,0.399994,999.112,-5.94041e-05,-1.41671e-05,0.999444
0.06,865,0.800253,0.600005,0.500006,999.112,5.94041e-05,1.41671e-05,0.999444
0.06,866,0.800239,0.600003,0.600003,998.854,0.000249107,3.63728e-05,0.999503
0.06,867,0.800193,0.600002,0.700051,998.685,0.000687529,7.36613e-05,0.999661
0.06,868,0.800055,0.600001,0.800055,996.767,0.000690685,6.89528e-05,0.999889
0.06,869,0.800001,0.6,0.900019,790.167,0.000285496,2.22246e-05,1.00002
0.06,870,0.800001,0.700001,-1.75803e-05,790.081,-0.000220412,-7.72407e-05,1.00003
0.06,871,0.800044,0.700011,0.0999557,996.631,-0.000518547,-0.000210567,0.99996
0.06,872,0.800157,0.700041,0.199959,998.583,-0.000512554,-0.000209431,0.999832
0.06,873,0.800193,0.700051,0.299998,998.685,-0.000177861,-7.51491e-05,0.999739
0.06,874,0.800202,0.700054,0.399996,998.881,-3.86357e-05,-1.79147e-05,0.999702
0.06,875,0.800202,0.700054,0.500004,998.881,3.86357e-05,1.79147e-05,0.999702
0.06,876,0.800193,0.700051,0.600002,998.685,0.000177861,7.51491e-05,0.999739
0.06,877,0.800157,0.700041,0.700041,998.583,0.000512554,0.000209431,0.999832
0.06,878,0.800044,0.700011,0.800044,996.631,0.000518547,0.000210567,0.99996
0.06,879,0.800001,0.700001,0.900018,790.081,0.000220412,7.72407e-05,1.00003
0.06,880,0.799998,0.799998,-1.42799e-05,787.849,-0.00010855,-0.000108546,1.00009
0.06,881,0.800012,0.800012,0.0999883,994.346,-0.000220076,-0.000220071,0.999958
0.06,882,0.800044,0.800044,0.199989,996.631,-0.000215478,-0.000215475,0.999736
0.06,883,0.800055,0.800055,0.299999,996.767,-7.28041e-05,-7.28045e-05,0.999603
0.06,884,0.800057,0.800057,0.399999,996.873,-1.53856e-05,-1.53865e-05,0.999565
0.06,885,0.800057,0.800057,0.500001,996.873,1.53856e-05,1.53865e-05,0.999565
0.06,886,0.800055,0.800055,0.600001,996.767,7.28041e-05,7.28045e-05,0.999603
0.06,887,0.800044,0.800044,0.700011,996.631,0.000215478,0.000215475,0.999736
0.06,888,0.800012,0.800012,0.800012,994.346,0.000220076,0.000220071,0.999958
0.06,889,0.799998,0.799998,0.900014,787.849,0.00010855,0.000108546,1.00009
0.06,890,0.799998,0.900015,-1.49607e-05,622.779,-4.36048e-05,-4.2822e-06,1.00013
0.06,891,0.799998,0.900014,0.100002,787.849,-5.18316e-05,-8.99025e-05,1
0.06,892,0.800001,0.900018,0.199999,790.081,-5.15748e-05,-9.24723e-05,0.999809
0.06,893,0.800001,0.900019,0.3,790.167,-1.77589e-05,-3.11971e-05,0.999697
0.06,894,0.800002,0.90002,0.4,790.201,-4.01925e-06,-7.35722e-06,0.999668
0.06,895,0.800002,0.90002,0.5,790.201,4.01925e-06,7.35722e-06,0.999668
0.06,896,0.800001,0.900019,0.6,790.167,1.77589e-05,3.11971e-05,0.999697
0.06,897,0.800001,0.900018,0.700001,790.081,5.15748e-05,9.24723e-05,0.999809
0.06,898,0.799998,0.900014,0.799998,787.849,5.18316e-05,8.99025e-05,1
0.06,899,0.799998,0.900015,0.900015,622.779,4.36048e-05,4.2822e-06,1.00013
0.06,900,0.900017,-1.7249e-05,-1.7249e-05,491.234,3.37471e-05,-3.37463e-05,1.00021
0.06,901,0.900015,-1.49606e-05,0.100002,622.779,-1.45789e-05,1.45776e-05,1.00013
0.06,902,0.900015,-1.49933e-05,0.2,624.815,-2.14259e-05,2.14246e-05,1.00004
0.06,903,0.900015,-1.53464e-05,0.3,624.841,-8.31933e-06,8.31946e-06,0.999996
0.06,904,0.900015,-1.54646e-05,0.4,624.851,-2.11523e-06,2.11564e-06,0.999982
0.06,905,0.900015,-1.54646e-05,0.5,624.851,2.11523e-06,-2.11564e-06,0.999982
0.06,906,0.900015,-1.53464e-05,0.6,624.841,8.31933e-06,-8.31946e-06,0.999996
0.06,907,0.900015,-1.49933e-05,0.7,624.815,2.14259e-05,-2.14246e-05,1.00004
0.06,908,0.900015,-1.49606e-05,0.799998,622.779,1.45789e-05,-1.45776e-05,1.00013
0.06,909,0.900017,-1.7249e-05,0.900017,491.234,-3.37471e-05,3.37463e-05,1.00021
0.06,910,0.900015,0.100002,-1.49607e-05,622.779,-4.28301e-06,4.36037e-05,1.00013
0.06,911,0.900014,0.100002,0.100002,787.849,-8.99058e-05,5.18295e-05,1
0.06,912,0.900018,0.0999993,0.199999,790.081,-9.24748e-05,5.15733e-05,0.999809
0.06,913,0.900019,0.0999986,0.3,790.167,-3.11968e-05,1.77591e-05,0.999697
0.06,914,0.90002,0.0999982,0.4,790.201,-7.3564e-06,4.01975e-06,0.999668
0.06,915,0.90002,0.0999982,0.5,790.201,7.3564e-06,-4.01975e-06,0.999668
0.06,916,0.900019,0.0999986,0.6,790.167,3.11968e-05,-1.77591e-05,0.999697
0.06,917,0.900018,0.0999993,0.700001,790.081,9.24748e-05,-5.15733e-05,0.999809
0.06,918,0.900014,0.100002,0.799998,787.849,8.99058e-05,-5.18295e-05,1
0.06,919,0.900015,0.100002,0.900015,622.779,4.28301e-06,-4.36037e-05,1.00013
0.06,920,0.900015,0.2,-1.49935e-05,624.815,-5.46872e-05,1.77927e-05,1.00002
0.06,921,0.900018,0.199999,0.0999993,790.081,-0.000223447,5.0057e-05,0.99981
0.06,922,0.900032,0.199998,0.199998,792.362,-0.000221282,4.92129e-05,0.999497
0.06,923,0.900036,0.199997,0.299999,792.525,-7.43929e-05,1.78836e-05,0.99929
0.06,924,0.900038,0.199997,0.4,792.597,-1.76603e-05,4.41936e-06,0.999235
0.06,925,0.900038,0.199997,0.5,792.597,1.76603e-05,-4.41936e-06,0.999235
0.06,926,0.900036,0.199997,0.600001,792.525,7.43929e-05,-1.78836e-05,0.99929
0.06,927,0.900032,0.199998,0.700002,792.362,0.000221282,-4.92129e-05,0.999497
0.06,928,0.900018,0.199999,0.800001,790.081,0.000223447,-5.0057e-05,0.99981
0.06,929,0.900015,0.2,0.900015,624.815,5.46872e-05,-1.77927e-05,1.00002
0.06,930,0.900015,0.3,-1.53467e-05,624.841,-8.18569e-05,6.19055e-06,1
0.06,931,0.900019,0.3,0.0999986,790.167,-0.0002981,1.63908e-05,0.999717
0.06,932,0.900036,0.299999,0.199997,792.525,-0.000295148,1.73711e-05,0.999274
0.06,933,0.900041,0.299998,0.299998,792.754,-0.000103279,8.91984e-06,0.998986
0.06,934,0.900044,0.299998,0.4,792.855,-2.66266e-05,3.36881e-06,0.998904
0.06,935,0.900044,0.299998,0.5,792.855,2.66266e-05,-3.36881e-06,0.998904
0.06,936,0.900041,0.299998,0.600002,792.754,0.000103279,-8.91984e-06,0.998986
0.06,937,0.900036,0.299999,0.700003,792.525,0.000295148,-1.73711e-05,0.999274
0.06,938,0.900019,0.3,0.800001,790.167,0.0002981,-1.63908e-05,0.999717
0.06,939,0.900015,0.3,0.900015,624.841,8.18569e-05,-6.19055e-06,1
0.06,940,0.900015,0.4,-1.54649e-05,624.851,-9.02792e-05,1.53414e-06,0.999993
0.06,941,0.90002,0.4,0.0999983,790.201,-0.000319758,3.45367e-06,0.999678
0.06,942,0.900038,0.4,0.199997,792.597,-0.000318751,4.21625e-06,0.999181
0.06,943,0.900044,0.4,0.299998,792.855,-0.000117887,3.41041e-06,0.998856
0.06,944,0.900047,0.4,0.4,792.965,-3.31723e-05,1.63297e-06,0.998759
0.06,945,0.900047,0.4,0.5,792.965,3.31723e-05,-1.63297e-06,0.998759
0.06,946,0.900044,0.4,0.600002,792.855,0.000117887,-3.41041e-06,0.998856
0.06,947,0.900038,0.4,0.700003,792.597,0.000318751,-4.21625e-06,0.999181
0.06,948,0.90002,0.4,0.800002,790.201,0.000319758,-3.45367e-06,0.999678
0.06,949,0.900015,0.4,0.900015,624.851,9.02792e-05,-1.53414e-06,0.999993
0.06,950,0.900015,0.5,-1.54649e-05,624.851,-9.02792e-05,-1.53414e-06,0.999993
0.06,951,0.90002,0.5,0.0999983,790.201,-0.000319758,-3.45367e-06,0.999678
0.06,952,0.900038,0.5,0.199997,792.597,-0.000318751,-4.21625e-06,0.999181
0.06,953,0.900044,0.5,0.299998,792.855,-0.000117887,-3.41041e-06,0.998856
0.06,954,0.900047,0.5,0.4,792.965,-3.31723e-05,-1.63297e-06,0.998759
0.06,955,0.900047,0.5,0.5,792.965,3.31723e-05,1.63297e-06,0.998759
0.06,956,0.900044,0.5,0.600002,792.855,0.000117887,3.41041e-06,0.998856
0.06,957,0.900038,0.5,0.700003,792.597,0.000318751,4.21625e-06,0.999181
0.06,958,0.90002,0.5,0.800002,790.201,0.000319758,3.45367e-06,0.999678
0.06,959,0.900015,0.5,0.900015,624.851,9.02792e-05,1.53414e-06,0.999993
0.06,960,0.900015,0.6,-1.53467e-05,624.841,-8.18569e-05,-6.19055e-06,1
0.06,961,0.900019,0.6,0.0999986,790.167,-0.0002981,-1.63908e-05,0.999717
0.06,962,0.900036,0.600001,0.199997,792.525,-0.000295148,-1.73711e-05,0.999274
0.06,963,0.900041,0.600002,0.299998,792.754,-0.000103279,-8.91984e-06,0.998986
0.06,964,0.900044,0.600002,0.4,792.855,-2.66266e-05,-3.36881e-06,0.998904
0.06,965,0.900044,0.600002,0.5,792.855,2.66266e-05,3.36881e-06,0.998904
0.06,966,0.900041,0.600002,0.600002,792.754,0.000103279,8.91984e-06,0.998986
0.06,967,0.900036,0.600001,0.700003,792.525,0.000295148,1.73711e-05,0.999274
0.06,968,0.900019,0.6,0.800001,790.167,0.0002981,1.63908e-05,0.999717
0.06,969,0.900015,0.6,0.900015,624.841,8.18569e-05,6.19055e-06,1
0.06,970,0.900015,0.7,-1.49935e-05,624.815,-5.46872e-05,-1.77927e-05,1.00002
0.06,971,0.900018,0.700001,0.0999993,790.081,-0.000223447,-5.0057e-05,0.99981
0.06,972,0.900032,0.700002,0.199998,792.362,-0.000221282,-4.92129e-05,0.999497
0.06,973,0.900036,0.700003,0.299999,792.525,-7.43929e-05,-1.78836e-05,0.99929
0.06,974,0.900038,0.700003,0.4,792.597,-1.76603e-05,-4.41936e-06,0.999235
0.06,975,0.900038,0.700003,0.5,792.597,1.76603e-05,4.41936e-06,0.999235
0.06,976,0.900036,0.700003,0.600001,792.525,7.43929e-05,1.78836e-05,0.99929
0.06,977,0.900032,0.700002,0.700002,792.362,0.000221282,4.92129e-05,0.999497
0.06,978,0.900018,0.700001,0.800001,790.081,0.000223447,5.0057e-05,0.99981
0.06,979,0.900015,0.7,0.900015,624.815,5.46872e-05,1.77927e-05,1.00002
0.06,980,0.900015,0.799998,-1.49607e-05,622.779,-4.28301e-06,-4.36037e-05,1.00013
0.06,981,0.900014,0.799998,0.100002,787.849,-8.99058e-05,-5.18295e-05,1
0.06,982,0.900018,0.800001,0.199999,790.081,-9.24748e-05,-5.15733e-05,0.999809
0.06,983,0.900019,0.800001,0.3,790.167,-3.11968e-05,-1.77591e-05,0.999697
0.06,984,0.90002,0.800002,0.4,790.201,-7.3564e-06,-4.01975e-06,0.999668
0.06,985,0.90002,0.800002,0.5,790.201,7.3564e-06,4.01975e-06,0.999668
0.06,986,0.900019,0.800001,0.6,790.167,3.11968e-05,1.77591e-05,0.999697
0.06,987,0.900018,0.800001,0.700001,790.081,9.24748e-05,5.15733e-05,0.999809
0.06,988,0.900014,0.799998,0.799998,787.849,8.99058e-05,5.18295e-05,1
0.06,989,0.900015,0.799998,0.900015,622.779,4.28301e-06,4.36037e-05,1.00013
0.06,990,0.900017,0.900017,-1.7249e-05,491.234,3.37471e-05,3.37463e-05,1.00021
0.06,991,0.900015,0.900015,0.100002,622.779,-1.45789e-05,-1.45776e-05,1.00013
0.06,992,0.900015,0.900015,0.2,624.815,-2.14259e-05,-2.14246e-05,1.00004
0.06,993,0.900015,0.900015,0.3,624.841,-8.31933e-06,-8.31946e-06,0.999996
0.06,994,0.900015,0.900015,0.4,624.851,-2.11523e-06,-2.11564e-06,0.999982
0.06,995,0.900015,0.900015,0.5,624.851,2.11523e-06,2.11564e-06,0.999982
0.06,996,0.900015,0.900015,0.6,624.841,8.31933e-06,8.31946e-06,0.999996
0.06,997,0.900015,0.900015,0.7,624.815,2.14259e-05,2.14246e-05,1.00004
0.06,998,0.900015,0.900015,0.799998,622.779,1.45789e-05,1.45776e-05,1.00013
0.06,999,0.900017,0.900017,0.900017,491.234,-3.37471e-05,-3.37463e-05,1.00021
0.07,0,-2.33153e-05,-2.33153e-05,-2.33152e-05,491.178,-4.63384e-05,-4.63368e-05,1.00028
0.07,1,-2.0227e-05,-2.02273e-05,0.100003,622.73,1.76146e-05,1.76124e-05,1.00019
0.07,2,-2.02962e-05,-2.02961e-05,0.2,624.794,2.6997e-05,2.69946e-05,1.00008
0.07,3,-2.07914e-05,-2.07912e-05,0.3,624.825,1.09323e-05,1.09325e-05,1.00002
0.07,4,-2.09651e-05,-2.0965e-05,0.4,624.837,2.90126e-06,2.90194e-06,1
0.07,5,-2.09651e-05,-2.0965e-05,0.5,624.837,-2.90126e-06,-2.90194e-06,1
0.07,6,-2.07914e-05,-2.07912e-05,0.6,624.825,-1.09323e-05,-1.09325e-05,1.00002
0.07,7,-2.02962e-05,-2.02961e-05,0.7,624.794,-2.6997e-05,-2.69946e-05,1.00008
0.07,8,-2.0227e-05,-2.02273e-05,0.799997,622.73,-1.76146e-05,-1.76124e-05,1.00019
0.07,9,-2.33153e-05,-2.33153e-05,0.900023,491.178,4.63384e-05,4.63368e-05,1.00028
0.07,10,-2.02271e-05,0.100003,-2.02273e-05,622.73,1.95136e-06,5.68918e-05,1.00018
0.07,11,-1.93687e-05,0.100002,0.100002,787.815,0.000109434,6.33768e-05,1.00003
0.07,12,-2.37577e-05,0.099999,0.199999,790.087,0.000113291,6.32163e-05,0.999798
0.07,13,-2.566e-05,0.099998,0.299999,790.187,3.92722e-05,2.23226e-05,0.999667
0.07,14,-2.65723e-05,0.0999975,0.4,790.228,9.68647e-06,5.28146e-06,0.999631
0.07,15,-2.65723e-05,0.0999975,0.5,790.228,-9.68647e-06,-5.28146e-06,0.999631
0.07,16,-2.566e-05,0.099998,0.600001,790.187,-3.92722e-05,-2.23226e-05,0.999667
0.07,17,-2.37577e-05,0.099999,0.700001,790.087,-0.000113291,-6.32163e-05,0.999798
0.07,18,-1.93687e-05,0.100002,0.799998,787.815,-0.000109434,-6.33768e-05,1.00003
0.07,19,-2.02271e-05,0.100003,0.90002,622.73,-1.95136e-06,-5.68918e-05,1.00018
0.07,20,-2.02956e-05,0.2,-2.02963e-05,624.794,6.37122e-05,2.20073e-05,1.00004
0.07,21,-2.37577e-05,0.199999,0.099999,790.087,0.000271195,6.10462e-05,0.999789
0.07,22,-4.23934e-05,0.199997,0.199997,792.409,0.000269163,6.01453e-05,0.999427
0.07,23,-4.76276e-05,0.199996,0.299998,792.6,9.2527e-05,2.24722e-05,0.999186
0.07,24,-5.04163e-05,0.199995,0.4,792.684,2.28592e-05,5.74413e-06,0.999121
0.07,25,-5.04163e-05,0.199995,0.5,792.684,-2.28592e-05,-5.74413e-06,0.999121
0.07,26,-4.76276e-05,0.199996,0.600002,792.6,-9.2527e-05,-2.24722e-05,0.999186
0.07,27,-4.23934e-05,0.199997,0.700003,792.409,-0.000269163,-6.01453e-05,0.999427
0.07,28,-2.37577e-05,0.199999,0.800001,790.087,-0.000271195,-6.10462e-05,0.999789
0.07,29,-2.02956e-05,0.2,0.90002,624.794,-6.37122e-05,-2.20073e-05,1.00004
0.07,30,-2.07908e-05,0.3,-2.07917e-05,624.825,9.71855e-05,7.93306e-06,1.00001
0.07,31,-2.56599e-05,0.299999,0.099998,790.187,0.000361966,2.03932e-05,0.999681
0.07,32,-4.76275e-05,0.299998,0.199996,792.6,0.000359121,2.17812e-05,0.999167
0.07,33,-5.42461e-05,0.299998,0.299998,792.867,0.000128675,1.16054e-05,0.99883
0.07,34,-5.80103e-05,0.299997,0.4,792.985,3.44143e-05,4.42465e-06,0.998733
0.07,35,-5.80103e-05,0.299997,0.5,792.985,-3.44143e-05,-4.42465e-06,0.998733
0.07,36,-5.42461e-05,0.299998,0.600002,792.867,-0.000128675,-1.16054e-05,0.99883
0.07,37,-4.76275e-05,0.299998,0.700004,792.6,-0.000359121,-2.17812e-05,0.999167
0.07,38,-2.56599e-05,0.299999,0.800002,790.187,-0.000361966,-2.03932e-05,0.999681
0.07,39,-2.07908e-05,0.3,0.900021,624.825,-9.71855e-05,-7.93306e-06,1.00001
0.07,40,-2.09645e-05,0.4,-2.09655e-05,624.837,0.000107948,2.05565e-06,1
0.07,41,-2.65724e-05,0.4,0.0999975,790.228,0.000389036,4.47621e-06,0.999634
0.07,42,-5.04162e-05,0.4,0.199995,792.684,0.00038868,5.47442e-06,0.999058
0.07,43,-5.80103e-05,0.4,0.299997,792.985,0.000147483,4.49611e-06,0.998677
0.07,44,-6.26705e-05,0.4,0.4,793.115,4.29684e-05,2.15282e-06,0.998563
0.07,45,-6.26705e-05,0.4,0.5,793.115,-4.29684e-05,-2.15282e-06,0.998563
0.07,46,-5.80103e-05,0.4,0.600003,792.985,-0.000147483,-4.49611e-06,0.998677
0.07,47,-5.04162e-05,0.4,0.700005,792.684,-0.00038868,-5.47442e-06,0.999058
0.07,48,-2.65724e-05,0.4,0.800003,790.228,-0.000389036,-4.47621e-06,0.999634
0.07,49,-2.09645e-05,0.4,0.900021,624.837,-0.000107948,-2.05565e-06,1
0.07,50,-2.09645e-05,0.5,-2.09655e-05,624.837,0.000107948,-2.05565e-06,1
0.07,51,-2.65724e-05,0.5,0.0999975,790.228,0.000389036,-4.47621e-06,0.999634
0.07,52,-5.04162e-05,0.5,0.199995,792.684,0.00038868,-5.47442e-06,0.999058
0.07,53,-5.80103e-05,0.5,0.299997,792.985,0.000147483,-4.49611e-06,0.998677
0.07,54,-6.26705e-05,0.5,0.4,793.115,4.29684e-05,-2.15282e-06,0.998563
0.07,55,-6.26705e-05,0.5,0.5,793.115,-4.29684e-05,2.15282e-06,0.998563
0.07,56,-5.80103e-05,0.5,0.600003,792.985,-0.000147483,4.49611e-06,0.998677
0.07,57,-5.04162e-05,0.5,0.700005,792.684,-0.00038868,5.47442e-06,0.999058
0.07,58,-2.65724e-05,0.5,0.800003,790.228,-0.000389036,4.47621e-06,0.999634
0.07,59,-2.09645e-05,0.5,0.900021,624.837,-0.000107948,2.05565e-06,1
0.07,60,-2.07908e-05,0.6,-2.07917e-05,624.825,9.71855e-05,-7.93306e-06,1.00001
0.07,61,-2.56599e-05,0.600001,0.099998,790.187,0.000361966,-2.03932e-05,0.999681
0.07,62,-4.76275e-05,0.600002,0.199996,792.6,0.000359121,-2.17812e-05,0.999167
0.07,63,-5.42461e-05,0.600002,0.299998,792.867,0.000128675,-1.16054e-05,0.99883
0.07,64,-5.80103e-05,0.600003,0.4,792.985,3.44143e-05,-4.42465e-06,0.998733
0.07,65,-5.80103e-05,0.600003,0.5,792.985,-3.44143e-05,4.42465e-06,0.998733
0.07,66,-5.42461e-05,0.600002,0.600002,792.867,-0.000128675,1.16054e-05,0.99883
0.07,67,-4.76275e-05,0.600002,0.700004,792.6,-0.000359121,2.17812e-05,0.999167
0.07,68,-2.56599e-05,0.600001,0.800002,790.187,-0.000361966,2.03932e-05,0.999681
0.07,69,-2.07908e-05,0.6,0.900021,624.825,-9.71855e-05,7.93306e-06,1.00001
0.07,70,-2.02956e-05,0.7,-2.02963e-05,624.794,6.37122e-05,-2.20073e-05,1.00004
0.07,71,-2.37577e-05,0.700001,0.099999,790.087,0.000271195,-6.10462e-05,0.999789
0.07,72,-4.23934e-05,0.700003,0.199997,792.409,0.000269163,-6.01453e-05,0.999427
0.07,73,-4.76276e-05,0.700004,0.299998,792.6,9.2527e-05,-2.24722e-05,0.999186
0.07,74,-5.04163e-05,0.700005,0.4,792.684,2.28592e-05,-5.74413e-06,0.999121
0.07,75,-5.04163e-05,0.700005,0.5,792.684,-2.28592e-05,5.74413e-06,0.999121
0.07,76,-4.76276e-05,0.700004,0.600002,792.6,-9.2527e-05,2.24722e-05,0.999186
0.07,77,-4.23934e-05,0.700003,0.700003,792.409,-0.000269163,6.01453e-05,0.999427
0.07,78,-2.37577e-05,0.700001,0.800001,790.087,-0.000271195,6.10462e-05,0.999789
0.07,79,-2.02956e-05,0.7,0.90002,624.794,-6.37122e-05,2.20073e-05,1.00004
0.07,80,-2.02271e-05,0.799997,-2.02273e-05,622.73,1.95136e-06,-5.68918e-05,1.00018
0.07,81,-1.93687e-05,0.799998,0.100002,787.815,0.000109434,-6.33768e-05,1.00003
0.07,82,-2.37577e-05,0.800001,0.199999,790.087,0.000113291,-6.32163e-05,0.999798
0.07,83,-2.566e-05,0.800002,0.299999,790.187,3.92722e-05,-2.23226e-05,0.999667
0.07,84,-2.65723e-05,0.800003,0.4,790.228,9.68647e-06,-5.28146e-06,0.999631
0.07,85,-2.65723e-05,0.800003,0.5,790.228,-9.68647e-06,5.28146e-06,0.999631
0.07,86,-2.566e-05,0.800002,0.600001,790.187,-3.92722e-05,2.23226e-05,0.999667
0.07,87,-2.37577e-05,0.800001,0.700001,790.087,-0.000113291,6.32163e-05,0.999798
0.07,88,-1.93687e-05,0.799998,0.799998,787.815,-0.000109434,6.33768e-05,1.00003
0.07,89,-2.02271e-05,0.799997,0.90002,622.73,-1.95136e-06,5.68918e-05,1.00018
0.07,90,-2.33153e-05,0.900023,-2.33152e-05,491.178,-4.63384e-05,4.63368e-05,1.00028
0.07,91,-2.0227e-05,0.90002,0.100003,622.73,1.76146e-05,-1.76124e-05,1.00019
0.07,92,-2.02962e-05,0.90002,0.2,624.794,2.6997e-05,-2.69946e-05,1.00008
0.07,93,-2.07914e-05,0.900021,0.3,624.825,1.09323e-05,-1.09325e-05,1.00002
0.07,94,-2.09651e-05,0.900021,0.4,624.837,2.90126e-06,-2.90194e-06,1
0.07,95,-2.09651e-05,0.900021,0.5,624.837,-2.90126e-06,2.90194e-06,1
0.07,96,-2.07914e-05,0.900021,0.6,624.825,-1.09323e-05,1.09325e-05,1.00002
0.07,97,-2.02962e-05,0.90002,0.7,624.794,-2.6997e-05,2.69946e-05,1.00008
0.07,98,-2.0227e-05,0.90002,0.799997,622.73,-1.76146e-05,1.76124e-05,1.00019
0.07,99,-2.33153e-05,0.900023,0.900023,491.178,4.63384e-05,-4.63368e-05,1.00028
0.07,100,0.100003,-2.02277e-05,-2.02273e-05,622.73,5.68939e-05,1.94998e-06,1.00018
0.07,101,0.100002,-1.9369e-05,0.100002,787.815,6.33805e-05,0.000109429,1.00003
0.07,102,0.099999,-2.37574e-05,0.199999,790.087,6.32189e-05,0.000113287,0.999798
0.07,103,0.099998,-2.56595e-05,0.299999,790.187,2.23223e-05,3.92727e-05,0.999667
0.07,104,0.0999975,-2.65721e-05,0.4,790.228,5.28063e-06,9.68785e-06,0.999631
0.07,105,0.0999975,-2.65721e-05,0.5,790.228,-5.28063e-06,-9.68785e-06,0.999631
0.07,106,0.099998,-2.56595e-05,0.600001,790.187,-2.23223e-05,-3.92727e-05,0.999667
0.07,107,0.099999,-2.37574e-05,0.700001,790.087,-6.32189e-05,-0.000113287,0.999798
0.07,108,0.100002,-1.9369e-05,0.799998,787.815,-6.33805e-05,-0.000109429,1.00003
0.07,109,0.100003,-2.02277e-05,0.90002,622.73,-5.68939e-05,-1.94998e-06,1.00018
0.07,110,0.100002,0.100002,-1.93695e-05,787.815,0.000134114,0.000134108,1.00013
0.07,111,0.0999859,0.0999859,0.0999859,994.325,0.000263577,0.000263569,0.999973
0.07,112,0.099947,0.099947,0.199986,996.638,0.000257859,0.000257854,0.999711
0.07,113,0.0999347,0.0999347,0.299999,996.799,8.82478e-05,8.82484e-05,0.999555
0.07,114,0.0999313,0.0999313,0.399998,996.924,1.93643e-05,1.93659e-05,0.999509
0.07,115,0.0999313,0.0999313,0.500002,996.924,-1.93643e-05,-1.93659e-05,0.999509
0.07,116,0.0999347,0.0999347,0.600001,996.799,-8.82478e-05,-8.82484e-05,0.999555
0.07,117,0.099947,0.099947,0.700014,996.638,-0.000257859,-0.000257854,0.999711
0.07,118,0.0999859,0.0999859,0.800014,994.325,-0.000263577,-0.000263569,0.999973
0.07,119,0.100002,0.100002,0.900019,787.815,-0.000134114,-0.000134108,1.00013
0.07,120,0.099999,0.199999,-2.37594e-05,790.087,0.000266199,9.19474e-05,1.00005
0.07,121,0.099947,0.199986,0.099947,996.638,0.00061808,0.000251302,0.999965
0.07,122,0.099814,0.199951,0.199951,998.557,0.000610736,0.00025041,0.999815
0.07,123,0.0997711,0.199939,0.299998,998.679,0.000214217,9.12446e-05,0.999706
0.07,124,0.0997601,0.199936,0.399994,998.909,4.80426e-05,2.24226e-05,0.999661
0.07,125,0.0997601,0.199936,0.500006,998.909,-4.80426e-05,-2.24226e-05,0.999661
0.07,126,0.0997711,0.199939,0.600002,998.679,-0.000214217,-9.12446e-05,0.999706
0.07,127,0.099814,0.199951,0.700049,998.557,-0.000610736,-0.00025041,0.999815
0.07,128,0.099947,0.199986,0.800053,996.638,-0.00061808,-0.000251302,0.999965
0.07,129,0.099999,0.199999,0.900024,790.087,-0.000266199,-9.19474e-05,1.00005
0.07,130,0.099998,0.299999,-2.56623e-05,790.187,0.000343488,2.65152e-05,1.00003
0.07,131,0.0999347,0.299999,0.0999347,996.799,0.00082284,8.27819e-05,0.999882
0.07,132,0.0997711,0.299998,0.199939,998.679,0.000819476,8.92312e-05,0.999613
0.07,133,0.0997168,0.299996,0.299996,998.88,0.000300837,4.54467e-05,0.999425
0.07,134,0.0997005,0.299993,0.399992,999.184,7.40129e-05,1.80528e-05,0.999353
0.07,135,0.0997005,0.299993,0.500008,999.184,-7.40129e-05,-1.80528e-05,0.999353
0.07,136,0.0997168,0.299996,0.600004,998.88,-0.000300837,-4.54467e-05,0.999425
0.07,137,0.0997711,0.299998,0.700061,998.679,-0.000819476,-8.92312e-05,0.999613
0.07,138,0.0999347,0.299999,0.800065,996.799,-0.00082284,-8.27819e-05,0.999882
0.07,139,0.099998,0.299999,0.900026,790.187,-0.000343488,-2.65152e-05,1.00003
0.07,140,0.0999975,0.4,-2.65748e-05,790.228,0.0003653,6.62508e-06,1.00001
0.07,141,0.0999313,0.399998,0.0999313,996.924,0.000882396,1.72992e-05,0.999779
0.07,142,0.0997601,0.399994,0.199936,998.909,0.000886747,2.2302e-05,0.999367
0.07,143,0.0997005,0.399992,0.299993,999.184,0.000344727,1.8497e-05,0.999103
0.07,144,0.0996775,0.39999,0.39999,999.491,9.37875e-05,9.30361e-06,0.99902
0.07,145,0.0996775,0.39999,0.50001,999.491,-9.37875e-05,-9.30361e-06,0.99902
0.07,146,0.0997005,0.399992,0.600007,999.184,-0.000344727,-1.8497e-05,0.999103
0.07,147,0.0997601,0.399994,0.700064,998.909,-0.000886747,-2.2302e-05,0.999367
0.07,148,0.0999313,0.399998,0.800069,996.924,-0.000882396,-1.72992e-05,0.999779
0.07,149,0.0999975,0.4,0.900027,790.228,-0.0003653,-6.62508e-06,1.00001
0.07,150,0.0999975,0.5,-2.65748e-05,790.228,0.0003653,-6.62508e-06,1.00001
0.07,151,0.0999313,0.500002,0.0999313,996.924,0.000882396,-1.72992e-05,0.999779
0.07,152,0.0997601,0.500006,0.199936,998.909,0.000886747,-2.2302e-05,0.999367
0.07,153,0.0997005,0.500008,0.299993,999.184,0.000344727,-1.8497e-05,0.999103
0.07,154,0.0996775,0.50001,0.39999,999.491,9.37875e-05,-9.30361e-06,0.99902
0.07,155,0.0996775,0.50001,0.50001,999.491,-9.37875e-05,9.30361e-06,0.99902
0.07,156,0.0997005,0.500008,0.600007,999.184,-0.000344727,1.8497e-05,0.999103
0.07,157,0.0997601,0.500006,0.700064,998.909,-0.000886747,2.2302e-05,0.999367
0.07,158,0.0999313,0.500002,0.800069,996.924,-0.000882396,1.72992e-05,0.999779
0.07,159,0.0999975,0.5,0.900027,790.228,-0.0003653,6.62508e-06,1.00001
0.07,160,0.099998,0.600001,-2.56623e-05,790.187,0.000343488,-2.65152e-05,1.00003
0.07,161,0.0999347,0.600001,0.0999347,996.799,0.00082284,-8.27819e-05,0.999882
0.07,162,0.0997711,0.600002,0.199939,998.679,0.000819476,-8.92312e-05,0.999613
0.07,163,0.0997168,0.600004,0.299996,998.88,0.000300837,-4.54467e-05,0.999425
0.07,164,0.0997005,0.600007,0.399992,999.184,7.40129e-05,-1.80528e-05,0.999353
0.07,165,0.0997005,0.600007,0.500008,999.184,-7.40129e-05,1.80528e-05,0.999353
0.07,166,0.0997168,0.600004,0.600004,998.88,-0.000300837,4.54467e-05,0.999425
0.07,167,0.0997711,0.600002,0.700061,998.679,-0.000819476,8.92312e-05,0.999613
0.07,168,0.0999347,0.600001,0.800065,996.799,-0.00082284,8.27819e-05,0.999882
0.07,169,0.099998,0.600001,0.900026,790.187,-0.000343488,2.65152e-05,1.00003
0.07,170,0.099999,0.700001,-2.37594e-05,790.087,0.000266199,-9.19474e-05,1.00005
0.07,171,0.099947,0.700014,0.099947,996.638,0.00061808,-0.000251302,0.999965
0.07,172,0.099814,0.700049,0.199951,998.557,0.000610736,-0.00025041,0.999815
0.07,173,0.0997711,0.700061,0.299998,998.679,0.000214217,-9.12446e-05,0.999706
0.07,174,0.0997601,0.700064,0.399994,998.909,4.80426e-05,-2.24226e-05,0.999661
0.07,175,0.0997601,0.700064,0.500006,998.909,-4.80426e-05,2.24226e-05,0.999661
0.07,176,0.0997711,0.700061,0.600002,998.679,-0.000214217,9.12446e-05,0.999706
0.07,177,0.099814,0.700049,0.700049,998.557,-0.000610736,0.00025041,0.999815
0.07,178,0.099947,0.700014,0.800053,996.638,-0.00061808,0.000251302,0.999965
0.07,179,0.099999,0.700001,0.900024,790.087,-0.000266199,9.19474e-05,1.00005
0.07,180,0.100002,0.799998,-1.93695e-05,787.815,0.000134114,-0.000134108,1.00013
0.07,181,0.0999859,0.800014,0.0999859,994.325,0.000263577,-0.000263569,0.999973
0.07,182,0.099947,0.800053,0.199986,996.638,0.000257859,-0.000257854,0.999711
0.07,183,0.0999347,0.800065,0.299999,996.799,8.82478e-05,-8.82484e-05,0.999555
0.07,184,0.0999313,0.800069,0.399998,996.924,1.93643e-05,-1.93659e-05,0.999509
0.07,185,0.0999313,0.800069,0.500002,996.924,-1.93643e-05,1.93659e-05,0.999509
0.07,186,0.0999347,0.800065,0.600001,996.799,-8.82478e-05,8.82484e-05,0.999555
0.07,187,0.099947,0.800053,0.700014,996.638,-0.000257859,0.000257854,0.999711
0.07,188,0.0999859,0.800014,0.800014,994.325,-0.000263577,0.000263569,0.999973
0.07,189,0.100002,0.799998,0.900019,787.815,-0.000134114,0.000134108,1.00013
0.07,190,0.100003,0.90002,-2.02273e-05,622.73,5.68939e-05,-1.94998e-06,1.00018
0.07,191,0.100002,0.900019,0.100002,787.815,6.33805e-05,-0.000109429,1.00003
0.07,192,0.099999,0.900024,0.199999,790.087,6.32189e-05,-0.000113287,0.999798
0.07,193,0.099998,0.900026,0.299999,790.187,2.23223e-05,-3.92727e-05,0.999667
0.07,194,0.0999975,0.900027,0.4,790.228,5.28063e-06,-9.68785e-06,0.999631
0.07,195,0.0999975,0.900027,0.5,790.228,-5.28063e-06,9.68785e-06,0.999631
0.07,196,0.099998,0.900026,0.600001,790.187,-2.23223e-05,3.92727e-05,0.999667
0.07,197,0.099999,0.900024,0.700001,790.087,-6.32189e-05,0.000113287,0.999798
0.07,198,0.100002,0.900019,0.799998,787.815,-6.33805e-05,0.000109429,1.00003
0.07,199,0.100003,0.90002,0.90002,622.73,-5.68939e-05,1.94998e-06,1.00018
0.07,200,0.2,-2.0297e-05,-2.02962e-05,624.794,2.20087e-05,6.3707e-05,1.00004
0.07,201,0.199999,-2.37582e-05,0.099999,790.087,6.10496e-05,0.000271184,0.999789
0.07,202,0.199997,-4.23927e-05,0.199997,792.409,6.01475e-05,0.000269156,0.999427
0.07,203,0.199996,-4.76267e-05,0.299998,792.6,2.2472e-05,9.25278e-05,0.999186
0.07,204,0.199995,-5.04159e-05,0.4,792.684,5.74341e-06,2.28616e-05,0.999121
0.07,205,0.199995,-5.04159e-05,0.5,792.684,-5.74341e-06,-2.28616e-05,0.999121
0.07,206,0.199996,-4.76267e-05,0.600002,792.6,-2.2472e-05,-9.25278e-05,0.999186
0.07,207,0.199997,-4.23927e-05,0.700003,792.409,-6.01475e-05,-0.000269156,0.999427
0.07,208,0.199999,-2.37582e-05,0.800001,790.087,-6.10496e-05,-0.000271184,0.999789
0.07,209,0.2,-2.0297e-05,0.90002,624.794,-2.20087e-05,-6.3707e-05,1.00004
0.07,210,0.199999,0.099999,-2.37594e-05,790.087,9.19524e-05,0.000266187,1.00005
0.07,211,0.199986,0.099947,0.099947,996.638,0.00025131,0.000618066,0.999965
0.07,212,0.199951,0.099814,0.199951,998.557,0.000250415,0.000610727,0.999815
0.07,213,0.199939,0.0997711,0.299998,998.679,9.12442e-05,0.000214218,0.999706
0.07,214,0.199936,0.0997601,0.399994,998.909,2.24212e-05,4.80454e-05,0.999661
0.07,215,0.199936,0.0997601,0.500006,998.909,-2.24212e-05,-4.80454e-05,0.999661
0.07,216,0.199939,0.0997711,0.600002,998.679,-9.12442e-05,-0.000214218,0.999706
0.07,217,0.199951,0.099814,0.700049,998.557,-0.000250415,-0.000610727,0.999815
0.07,218,0.199986,0.099947,0.800053,996.638,-0.00025131,-0.000618066,0.999965
0.07,219,0.199999,0.099999,0.900024,790.087,-9.19524e-05,-0.000266187,1.00005
0.07,220,0.199997,0.199997,-4.23976e-05,792.409,0.000220297,0.000220286,1.00011
0.07,221,0.199951,0.199951,0.099814,998.557,0.000599492,0.000599479,1.00053
0.07,222,0.199819,0.199819,0.199819,998.989,0.000609496,0.000609488,1.00121
0.07,223,0.199774,0.199774,0.299985,998.631,0.000229488,0.000229489,1.00158
0.07,224,0.199761,0.199761,0.39998,998.999,5.83914e-05,5.83938e-05,1.00164
0.07,225,0.199761,0.199761,0.50002,998.999,-5.83914e-05,-5.83938e-05,1.00164
0.07,226,0.199774,0.199774,0.600015,998.631,-0.000229488,-0.000229489,1.00158
0.07,227,0.199819,0.199819,0.700181,998.989,-0.000609496,-0.000609488,1.00121
0.07,228,0.199951,0.199951,0.800186,998.557,-0.000599492,-0.000599479,1.00053
0.07,229,0.199997,0.199997,0.900042,792.409,-0.000220297,-0.000220286,1.00011
0.07,230,0.199996,0.299998,-4.76333e-05,792.6,0.000295249,6.51946e-05,1.00014
0.07,231,0.199939,0.299998,0.0997711,998.679,0.000807578,0.000207911,1.00059
0.07,232,0.199774,0.299985,0.199774,998.631,0.000832186,0.000228021,1.00139
0.07,233,0.199715,0.299979,0.299979,998.196,0.000331165,0.000118604,1.00182
0.07,234,0.199695,0.299967,0.399971,998.644,9.19176e-05,4.76018e-05,1.00191
0.07,235,0.199695,0.299967,0.500029,998.644,-9.19176e-05,-4.76018e-05,1.00191
0.07,236,0.199715,0.299979,0.600021,998.196,-0.000331165,-0.000118604,1.00182
0.07,237,0.199774,0.299985,0.700226,998.631,-0.000832186,-0.000228021,1.00139
0.07,238,0.199939,0.299998,0.800229,998.679,-0.000807578,-0.000207911,1.00059
0.07,239,0.199996,0.299998,0.900048,792.6,-0.000295249,-6.51946e-05,1.00014
0.07,240,0.199995,0.4,-5.04224e-05,792.684,0.000317956,1.63979e-05,1.0001
0.07,241,0.199936,0.399994,0.0997601,998.909,0.000874439,4.56146e-05,1.00042
0.07,242,0.199761,0.39998,0.199761,998.999,0.000911821,5.98672e-05,1.00099
0.07,243,0.199695,0.399971,0.299967,998.645,0.000386322,4.88125e-05,1.00133
0.07,244,0.199668,0.399962,0.399962,999.048,0.000117287,2.44233e-05,1.00143
0.07,245,0.199668,0.399962,0.500038,999.048,-0.000117287,-2.44233e-05,1.00143
0.07,246,0.199695,0.399971,0.600033,998.645,-0.000386322,-4.88125e-05,1.00133
0.07,247,0.199761,0.39998,0.700239,998.999,-0.000911821,-5.98672e-05,1.00099
0.07,248,0.199936,0.399994,0.80024,998.909,-0.000874439,-4.56146e-05,1.00042
0.07,249,0.199995,0.4,0.90005,792.684,-0.000317956,-1.63979e-05,1.0001
0.07,250,0.199995,0.5,-5.04224e-05,792.684,0.000317956,-1.63979e-05,1.0001
0.07,251,0.199936,0.500006,0.0997601,998.909,0.000874439,-4.56146e-05,1.00042
0.07,252,0.199761,0.50002,0.199761,998.999,0.000911821,-5.98672e-05,1.00099
0.07,253,0.199695,0.500029,0.299967,998.645,0.000386322,-4.88125e-05,1.00133
0.07,254,0.199668,0.500038,0.399962,999.048,0.000117287,-2.44233e-05,1.00143
0.07,255,0.199668,0.500038,0.500038,999.048,-0.000117287,2.44233e-05,1.00143
0.07,256,0.199695,0.500029,0.600033,998.645,-0.000386322,4.88125e-05,1.00133
0.07,257,0.199761,0.50002,0.700239,998.999,-0.000911821,5.98672e-05,1.00099
0.07,258,0.199936,0.500006,0.80024,998.909,-0.000874439,4.56146e-05,1.00042
0.07,259,0.199995,0.5,0.90005,792.684,-0.000317956,1.63979e-05,1.0001
0.07,260,0.199996,0.600002,-4.76333e-05,792.6,0.000295249,-6.51946e-05,1.00014
0.07,261,0.199939,0.600002,0.0997711,998.679,0.000807578,-0.000207911,1.00059
0.07,262,0.199774,0.600015,0.199774,998.631,0.000832186,-0.000228021,1.00139
0.07,263,0.199715,0.600021,0.299979,998.196,0.000331165,-0.000118604,1.00182
0.07,264,0.199695,0.600033,0.399971,998.644,9.19176e-05,-4.76018e-05,1.00191
0.07,265,0.199695,0.600033,0.500029,998.644,-9.19176e-05,4.76018e-05,1.00191
0.07,266,0.199715,0.600021,0.600021,998.196,-0.000331165,0.000118604,1.00182
0.07,267,0.199774,0.600015,0.700226,998.631,-0.000832186,0.000228021,1.00139
0.07,268,0.199939,0.600002,0.800229,998.679,-0.000807578,0.000207911,1.00059
0.07,269,0.199996,0.600002,0.900048,792.6,-0.000295249,6.51946e-05,1.00014
0.07,270,0.199997,0.700003,-4.23976e-05,792.409,0.000220297,-0.000220286,1.00011
0.07,271,0.199951,0.700049,0.099814,998.557,0.000599492,-0.000599479,1.00053
0.07,272,0.199819,0.700181,0.199819,998.989,0.000609496,-0.000609488,1.00121
0.07,273,0.199774,0.700226,0.299985,998.631,0.000229488,-0.000229489,1.00158
0.07,274,0.199761,0.700239,0.39998,998.999,5.83914e-05,-5.83938e-05,1.00164
0.07,275,0.199761,0.700239,0.50002,998.999,-5.83914e-05,5.83938e-05,1.00164
0.07,276,0.199774,0.700226,0.600015,998.631,-0.000229488,0.000229489,1.00158
0.07,277,0.199819,0.700181,0.700181,998.989,-0.000609496,0.000609488,1.00121
0.07,278,0.199951,0.700049,0.800186,998.557,-0.000599492,0.000599479,1.00053
0.07,279,0.199997,0.700003,0.900042,792.409,-0.000220297,0.000220286,1.00011
0.07,280,0.199999,0.800001,-2.37594e-05,790.087,9.19524e-05,-0.000266187,1.00005
0.07,281,0.199986,0.800053,0.099947,996.638,0.00025131,-0.000618066,0.999965
0.07,282,0.199951,0.800186,0.199951,998.557,0.000250415,-0.000610727,0.999815
0.07,283,0.199939,0.800229,0.299998,998.679,9.12442e-05,-0.000214218,0.999706
0.07,284,0.199936,0.80024,0.399994,998.909,2.24212e-05,-4.80454e-05,0.999661
0.07,285,0.199936,0.80024,0.500006,998.909,-2.24212e-05,4.80454e-05,0.999661
0.07,286,0.199939,0.800229,0.600002,998.679,-9.12442e-05,0.000214218,0.999706
0.07,287,0.199951,0.800186,0.700049,998.557,-0.000250415,0.000610727,0.999815
0.07,288,0.199986,0.800053,0.800053,996.638,-0.00025131,0.000618066,0.999965
0.07,289,0.199999,0.800001,0.900024,790.087,-9.19524e-05,0.000266187,1.00005
0.07,290,0.2,0.90002,-2.02962e-05,624.794,2.20087e-05,-6.3707e-05,1.00004
0.07,291,0.199999,0.900024,0.099999,790.087,6.10496e-05,-0.000271184,0.999789
0.07,292,0.199997,0.900042,0.199997,792.409,6.01475e-05,-0.000269156,0.999427
0.07,293,0.199996,0.900048,0.299998,792.6,2.2472e-05,-9.25278e-05,0.999186
0.07,294,0.199995,0.90005,0.4,792.684,5.74341e-06,-2.28616e-05,0.999121
0.07,295,0.199995,0.90005,0.5,792.684,-5.74341e-06,2.28616e-05,0.999121
0.07,296,0.199996,0.900048,0.600002,792.6,-2.2472e-05,9.25278e-05,0.999186
0.07,297,0.199997,0.900042,0.700003,792.409,-6.01475e-05,0.000269156,0.999427
0.07,298,0.199999,0.900024,0.800001,790.087,-6.10496e-05,0.000271184,0.999789
0.07,299,0.2,0.90002,0.90002,624.794,-2.20087e-05,6.3707e-05,1.00004
0.07,300,0.3,-2.07928e-05,-2.07917e-05,624.825,7.93356e-06,9.71782e-05,1.00001
0.07,301,0.299999,-2.56606e-05,0.099998,790.187,2.03949e-05,0.000361951,0.999681
0.07,302,0.299998,-4.76266e-05,0.199996,792.6,2.17825e-05,0.000359111,0.999167
0.07,303,0.299998,-5.42448e-05,0.299998,792.867,1.16054e-05,0.000128676,0.99883
0.07,304,0.299997,-5.80097e-05,0.4,792.985,4.42431e-06,3.44174e-05,0.998733
0.07,305,0.299997,-5.80097e-05,0.5,792.985,-4.42431e-06,-3.44174e-05,0.998733
0.07,306,0.299998,-5.42448e-05,0.600002,792.867,-1.16054e-05,-0.000128676,0.99883
0.07,307,0.299998,-4.76266e-05,0.700004,792.6,-2.17825e-05,-0.000359111,0.999167
0.07,308,0.299999,-2.56606e-05,0.800002,790.187,-2.03949e-05,-0.000361951,0.999681
0.07,309,0.3,-2.07928e-05,0.900021,624.825,-7.93356e-06,-9.71782e-05,1.00001
0.07,310,0.299999,0.099998,-2.56622e-05,790.187,2.65169e-05,0.000343472,1.00003
0.07,311,0.299999,0.0999347,0.0999347,996.799,8.27856e-05,0.000822821,0.999882
0.07,312,0.299998,0.0997711,0.199939,998.679,8.92338e-05,0.000819464,0.999613
0.07,313,0.299996,0.0997168,0.299996,998.88,4.54466e-05,0.000300838,0.999425
0.07,314,0.299993,0.0997005,0.399992,999.184,1.80521e-05,7.40166e-05,0.999353
0.07,315,0.299993,0.0997005,0.500008,999.184,-1.80521e-05,-7.40166e-05,0.999353
0.07,316,0.299996,0.0997168,0.600004,998.88,-4.54466e-05,-0.000300838,0.999425
0.07,317,0.299998,0.0997711,0.700061,998.679,-8.92338e-05,-0.000819464,0.999613
0.07,318,0.299999,0.0999347,0.800065,996.799,-8.27856e-05,-0.000822821,0.999882
0.07,319,0.299999,0.099998,0.900026,790.187,-2.65169e-05,-0.000343472,1.00003
0.07,320,0.299998,0.199996,-4.76333e-05,792.6,6.51984e-05,0.000295234,1.00014
0.07,321,0.299998,0.199939,0.0997711,998.679,0.000207918,0.00080756,1.00059
0.07,322,0.299985,0.199774,0.199774,998.631,0.000228026,0.000832174,1.00139
0.07,323,0.299979,0.199715,0.299979,998.196,0.000118604,0.000331166,1.00182
0.07,324,0.299967,0.199695,0.399971,998.644,4.76006e-05,9.19207e-05,1.00191
0.07,325,0.299967,0.199695,0.500029,998.644,-4.76006e-05,-9.19207e-05,1.00191
0.07,326,0.299979,0.199715,0.600021,998.196,-0.000118604,-0.000331166,1.00182
0.07,327,0.299985,0.199774,0.700226,998.631,-0.000228026,-0.000832174,1.00139
0.07,328,0.299998,0.199939,0.800229,998.679,-0.000207918,-0.00080756,1.00059
0.07,329,0.299998,0.199996,0.900048,792.6,-6.51984e-05,-0.000295234,1.00014
0.07,330,0.299998,0.299998,-5.42539e-05,792.867,9.13314e-05,9.13262e-05,1.00015
0.07,331,0.299996,0.299996,0.0997168,998.88,0.000293849,0.00029384,1.00066
0.07,332,0.299979,0.299979,0.199715,998.196,0.000329958,0.000329952,1.00159
0.07,333,0.299967,0.299967,0.299967,997.644,0.000182978,0.000182978,1.00211
0.07,334,0.299951,0.299951,0.399956,998.162,7.58322e-05,7.58336e-05,1.00224
0.07,335,0.299951,0.299951,0.500044,998.162,-7.58322e-05,-7.58336e-05,1.00224
0.07,336,0.299967,0.299967,0.600033,997.644,-0.000182978,-0.000182978,1.00211
0.07,337,0.299979,0.299979,0.700285,998.196,-0.000329958,-0.000329952,1.00159
0.07,338,0.299996,0.299996,0.800283,998.88,-0.000293849,-0.00029384,1.00066
0.07,339,0.299998,0.299998,0.900054,792.867,-9.13314e-05,-9.13262e-05,1.00015
0.07,340,0.299997,0.4,-5.80187e-05,792.985,0.000105364,2.57033e-05,1.00011
0.07,341,0.299993,0.399992,0.0997005,999.184,0.000336618,7.16109e-05,1.00044
0.07,342,0.299967,0.399971,0.199695,998.645,0.000385196,9.50648e-05,1.0011
0.07,343,0.299951,0.399956,0.299951,998.162,0.000226176,7.81007e-05,1.00153
0.07,344,0.299928,0.399942,0.399942,998.586,9.64532e-05,3.87015e-05,1.00171
0.07,345,0.299928,0.399942,0.500058,998.586,-9.64532e-05,-3.87015e-05,1.00171
0.07,346,0.299951,0.399956,0.600049,998.162,-0.000226176,-7.81007e-05,1.00153
0.07,347,0.299967,0.399971,0.700305,998.645,-0.000385196,-9.50648e-05,1.0011
0.07,348,0.299993,0.399992,0.8003,999.184,-0.000336618,-7.16109e-05,1.00044
0.07,349,0.299997,0.4,0.900058,792.985,-0.000105364,-2.57033e-05,1.00011
0.07,350,0.299997,0.5,-5.80187e-05,792.985,0.000105364,-2.57033e-05,1.00011
0.07,351,0.299993,0.500008,0.0997005,999.184,0.000336618,-7.16109e-05,1.00044
0.07,352,0.299967,0.500029,0.199695,998.645,0.000385196,-9.50648e-05,1.0011
0.07,353,0.299951,0.500044,0.299951,998.162,0.000226176,-7.81007e-05,1.00153
0.07,354,0.299928,0.500058,0.399942,998.586,9.64532e-05,-3.87015e-05,1.00171
0.07,355,0.299928,0.500058,0.500058,998.586,-9.64532e-05,3.87015e-05,1.00171
0.07,356,0.299951,0.500044,0.600049,998.162,-0.000226176,7.81007e-05,1.00153
0.07,357,0.299967,0.500029,0.700305,998.645,-0.000385196,9.50648e-05,1.0011
0.07,358,0.299993,0.500008,0.8003,999.184,-0.000336618,7.16109e-05,1.00044
0.07,359,0.299997,0.5,0.900058,792.985,-0.000105364,2.57033e-05,1.00011
0.07,360,0.299998,0.600002,-5.42539e-05,792.867,9.13314e-05,-9.13262e-05,1.00015
0.07,361,0.299996,0.600004,0.0997168,998.88,0.000293849,-0.00029384,1.00066
0.07,362,0.299979,0.600021,0.199715,998.196,0.000329958,-0.000329952,1.00159
0.07,363,0.299967,0.600033,0.299967,997.644,0.000182978,-0.000182978,1.00211
0.07,364,0.299951,0.600049,0.399956,998.162,7.58322e-05,-7.58336e-05,1.00224
0.07,365,0.299951,0.600049,0.500044,998.162,-7.58322e-05,7.58336e-05,1.00224
0.07,366,0.299967,0.600033,0.600033,997.644,-0.000182978,0.000182978,1.00211
0.07,367,0.299979,0.600021,0.700285,998.196,-0.000329958,0.000329952,1.00159
0.07,368,0.299996,0.600004,0.800283,998.88,-0.000293849,0.00029384,1.00066
0.07,369,0.299998,0.600002,0.900054,792.867,-9.13314e-05,9.13262e-05,1.00015
0.07,370,0.299998,0.700004,-4.76333e-05,792.6,6.51984e-05,-0.000295234,1.00014
0.07,371,0.299998,0.700061,0.0997711,998.679,0.000207918,-0.00080756,1.00059
0.07,372,0.299985,0.700226,0.199774,998.631,0.000228026,-0.000832174,1.00139
0.07,373,0.299979,0.700285,0.299979,998.196,0.000118604,-0.000331166,1.00182
0.07,374,0.299967,0.700305,0.399971,998.644,4.76006e-05,-9.19207e-05,1.00191
0.07,375,0.299967,0.700305,0.500029,998.644,-4.76006e-05,9.19207e-05,1.00191
0.07,376,0.299979,0.700285,0.600021,998.196,-0.000118604,0.000331166,1.00182
0.07,377,0.299985,0.700226,0.700226,998.631,-0.000228026,0.000832174,1.00139
0.07,378,0.299998,0.700061,0.800229,998.679,-0.000207918,0.00080756,1.00059
0.07,379,0.299998,0.700004,0.900048,792.6,-6.51984e-05,0.000295234,1.00014
0.07,380,0.299999,0.800002,-2.56622e-05,790.187,2.65169e-05,-0.000343472,1.00003
0.07,381,0.299999,0.800065,0.0999347,996.799,8.27856e-05,-0.000822821,0.999882
0.07,382,0.299998,0.800229,0.199939,998.679,8.92338e-05,-0.000819464,0.999613
0.07,383,0.299996,0.800283,0.299996,998.88,4.54466e-05,-0.000300838,0.999425
0.07,384,0.299993,0.8003,0.399992,999.184,1.80521e-05,-7.40166e-05,0.999353
0.07,385,0.299993,0.8003,0.500008,999.184,-1.80521e-05,7.40166e-05,0.999353
0.07,386,0.299996,0.800283,0.600004,998.88,-4.54466e-05,0.000300838,0.999425
0.07,387,0.299998,0.800229,0.700061,998.679,-8.92338e-05,0.000819464,0.999613
0.07,388,0.299999,0.800065,0.800065,996.799,-8.27856e-05,0.000822821,0.999882
0.07,389,0.299999,0.800002,0.900026,790.187,-2.65169e-05,0.000343472,1.00003
0.07,390,0.3,0.900021,-2.07917e-05,624.825,7.93356e-06,-9.71782e-05,1.00001
0.07,391,0.299999,0.900026,0.099998,790.187,2.03949e-05,-0.000361951,0.999681
0.07,392,0.299998,0.900048,0.199996,792.6,2.17825e-05,-0.000359111,0.999167
0.07,393,0.299998,0.900054,0.299998,792.867,1.16054e-05,-0.000128676,0.99883
0.07,394,0.299997,0.900058,0.4,792.985,4.42431e-06,-3.44174e-05,0.998733
0.07,395,0.299997,0.900058,0.5,792.985,-4.42431e-06,3.44174e-05,0.998733
0.07,396,0.299998,0.900054,0.600002,792.867,-1.16054e-05,0.000128676,0.99883
0.07,397,0.299998,0.900048,0.700004,792.6,-2.17825e-05,0.000359111,0.999167
0.07,398,0.299999,0.900026,0.800002,790.187,-2.03949e-05,0.000361951,0.999681
0.07,399,0.3,0.900021,0.900021,624.825,-7.93356e-06,9.71782e-05,1.00001
0.07,400,0.4,-2.09667e-05,-2.09655e-05,624.837,2.05569e-06,0.000107941,1
0.07,401,0.4,-2.65731e-05,0.0999975,790.228,4.47667e-06,0.00038902,0.999634
0.07,402,0.4,-5.04152e-05,0.199995,792.684,5.47477e-06,0.000388669,0.999058
0.07,403,0.4,-5.80089e-05,0.299997,792.985,4.49613e-06,0.000147484,0.998677
0.07,404,0.4,-6.26698e-05,0.4,793.115,2.15275e-06,4.29717e-05,0.998563
0.07,405,0.4,-6.26698e-05,0.5,793.115,-2.15275e-06,-4.29717e-05,0.998563
0.07,406,0.4,-5.80089e-05,0.600003,792.985,-4.49613e-06,-0.000147484,0.998677
0.07,407,0.4,-5.04152e-05,0.700005,792.684,-5.47477e-06,-0.000388669,0.999058
0.07,408,0.4,-2.65731e-05,0.800003,790.228,-4.47667e-06,-0.00038902,0.999634
0.07,409,0.4,-2.09667e-05,0.900021,624.837,-2.05569e-06,-0.000107941,1
0.07,410,0.4,0.0999975,-2.65748e-05,790.228,6.62532e-06,0.000365283,1.00001
0.07,411,0.399998,0.0999313,0.0999313,996.924,1.73001e-05,0.000882374,0.999779
0.07,412,0.399994,0.0997601,0.199936,998.909,2.23027e-05,0.000886734,0.999367
0.07,413,0.399992,0.0997005,0.299993,999.184,1.8497e-05,0.000344728,0.999103
0.07,414,0.39999,0.0996775,0.39999,999.491,9.30347e-06,9.37914e-05,0.99902
0.07,415,0.39999,0.0996775,0.50001,999.491,-9.30347e-06,-9.37914e-05,0.99902
0.07,416,0.399992,0.0997005,0.600007,999.184,-1.8497e-05,-0.000344728,0.999103
0.07,417,0.399994,0.0997601,0.700064,998.909,-2.23027e-05,-0.000886734,0.999367
0.07,418,0.399998,0.0999313,0.800069,996.924,-1.73001e-05,-0.000882374,0.999779
0.07,419,0.4,0.0999975,0.900027,790.228,-6.62532e-06,-0.000365283,1.00001
0.07,420,0.4,0.199995,-5.04224e-05,792.684,1.63985e-05,0.00031794,1.0001
0.07,421,0.399994,0.199936,0.0997601,998.909,4.56164e-05,0.00087442,1.00042
0.07,422,0.39998,0.199761,0.199761,998.999,5.98686e-05,0.000911809,1.00099
0.07,423,0.399971,0.199695,0.299967,998.645,4.88126e-05,0.000386323,1.00133
0.07,424,0.399962,0.199668,0.399962,999.048,2.44231e-05,0.00011729,1.00143
0.07,425,0.399962,0.199668,0.500038,999.048,-2.44231e-05,-0.00011729,1.00143
0.07,426,0.399971,0.199695,0.600033,998.645,-4.88126e-05,-0.000386323,1.00133
0.07,427,0.39998,0.199761,0.700239,998.999,-5.98686e-05,-0.000911809,1.00099
0.07,428,0.399994,0.199936,0.80024,998.909,-4.56164e-05,-0.00087442,1.00042
0.07,429,0.4,0.199995,0.90005,792.684,-1.63985e-05,-0.00031794,1.0001
0.07,430,0.4,0.299997,-5.80187e-05,792.985,2.57042e-05,0.000105359,1.00011
0.07,431,0.399992,0.299993,0.0997005,999.184,7.16133e-05,0.000336608,1.00044
0.07,432,0.399971,0.299967,0.199695,998.645,9.50667e-05,0.000385189,1.0011
0.07,433,0.399956,0.299951,0.299951,998.162,7.81009e-05,0.000226175,1.00153
0.07,434,0.399942,0.299928,0.399942,998.586,3.87012e-05,9.64547e-05,1.00171
0.07,435,0.399942,0.299928,0.500058,998.586,-3.87012e-05,-9.64547e-05,1.00171
0.07,436,0.399956,0.299951,0.600049,998.162,-7.81009e-05,-0.000226175,1.00153
0.07,437,0.399971,0.299967,0.700305,998.645,-9.50667e-05,-0.000385189,1.0011
0.07,438,0.399992,0.299993,0.8003,999.184,-7.16133e-05,-0.000336608,1.00044
0.07,439,0.4,0.299997,0.900058,792.985,-2.57042e-05,-0.000105359,1.00011
0.07,440,0.4,0.4,-6.26797e-05,793.115,3.26321e-05,3.26311e-05,1.00006
0.07,441,0.39999,0.39999,0.0996775,999.491,9.09365e-05,9.09338e-05,1.00025
0.07,442,0.399962,0.399962,0.199668,999.048,0.000120987,0.000120985,1.00066
0.07,443,0.399942,0.399942,0.299928,998.586,9.89493e-05,9.89489e-05,1.00103
0.07,444,0.399925,0.399925,0.399925,998.866,4.83851e-05,4.83854e-05,1.0013
0.07,445,0.399925,0.399925,0.500075,998.866,-4.83851e-05,-4.83854e-05,1.0013
0.07,446,0.399942,0.399942,0.600072,998.586,-9.89493e-05,-9.89489e-05,1.00103
0.07,447,0.399962,0.399962,0.700332,999.048,-0.000120987,-0.000120985,1.00066
0.07,448,0.39999,0.39999,0.800322,999.491,-9.09365e-05,-9.09338e-05,1.00025
0.07,449,0.4,0.4,0.900063,793.115,-3.26321e-05,-3.26311e-05,1.00006
0.07,450,0.4,0.5,-6.26797e-05,793.115,3.26321e-05,-3.26311e-05,1.00006
0.07,451,0.39999,0.50001,0.0996775,999.491,9.09365e-05,-9.09338e-05,1.00025
0.07,452,0.399962,0.500038,0.199668,999.048,0.000120987,-0.000120985,1.00066
0.07,453,0.399942,0.500058,0.299928,998.586,9.89493e-05,-9.89489e-05,1.00103
0.07,454,0.399925,0.500075,0.399925,998.866,4.83851e-05,-4.83854e-05,1.0013
0.07,455,0.399925,0.500075,0.500075,998.866,-4.83851e-05,4.83854e-05,1.0013
0.07,456,0.399942,0.500058,0.600072,998.586,-9.89493e-05,9.89489e-05,1.00103
0.07,457,0.399962,0.500038,0.700332,999.048,-0.000120987,0.000120985,1.00066
0.07,458,0.39999,0.50001,0.800322,999.491,-9.09365e-05,9.09338e-05,1.00025
0.07,459,0.4,0.5,0.900063,793.115,-3.26321e-05,3.26311e-05,1.00006
0.07,460,0.4,0.600003,-5.80187e-05,792.985,2.57042e-05,-0.000105359,1.00011
0.07,461,0.399992,0.600007,0.0997005,999.184,7.16133e-05,-0.000336608,1.00044
0.07,462,0.399971,0.600033,0.199695,998.645,9.50667e-05,-0.000385189,1.0011
0.07,463,0.399956,0.600049,0.299951,998.162,7.81009e-05,-0.000226175,1.00153
0.07,464,0.399942,0.600072,0.399942,998.586,3.87012e-05,-9.64547e-05,1.00171
0.07,465,0.399942,0.600072,0.500058,998.586,-3.87012e-05,9.64547e-05,1.00171
0.07,466,0.399956,0.600049,0.600049,998.162,-7.81009e-05,0.000226175,1.00153
0.07,467,0.399971,0.600033,0.700305,998.645,-9.50667e-05,0.000385189,1.0011
0.07,468,0.399992,0.600007,0.8003,999.184,-7.16133e-05,0.000336608,1.00044
0.07,469,0.4,0.600003,0.900058,792.985,-2.57042e-05,0.000105359,1.00011
0.07,470,0.4,0.700005,-5.04224e-05,792.684,1.63985e-05,-0.00031794,1.0001
0.07,471,0.399994,0.700064,0.0997601,998.909,4.56164e-05,-0.00087442,1.00042
0.07,472,0.39998,0.700239,0.199761,998.999,5.98686e-05,-0.000911809,1.00099
0.07,473,0.399971,0.700305,0.299967,998.645,4.88126e-05,-0.000386323,1.00133
0.07,474,0.399962,0.700332,0.399962,999.048,2.44231e-05,-0.00011729,1.00143
0.07,475,0.399962,0.700332,0.500038,999.048,-2.44231e-05,0.00011729,1.00143
0.07,476,0.399971,0.700305,0.600033,998.645,-4.88126e-05,0.000386323,1.00133
0.07,477,0.39998,0.700239,0.700239,998.999,-5.98686e-05,0.000911809,1.00099
0.07,478,0.399994,0.700064,0.80024,998.909,-4.56164e-05,0.00087442,1.00042
0.07,479,0.4,0.700005,0.90005,792.684,-1.63985e-05,0.00031794,1.0001
0.07,480,0.4,0.800003,-2.65748e-05,790.228,6.62532e-06,-0.000365283,1.00001
0.07,481,0.399998,0.800069,0.0999313,996.924,1.73001e-05,-0.000882374,0.999779
0.07,482,0.399994,0.80024,0.199936,998.909,2.23027e-05,-0.000886734,0.999367
0.07,483,0.399992,0.8003,0.299993,999.184,1.8497e-05,-0.000344728,0.999103
0.07,484,0.39999,0.800322,0.39999,999.491,9.30347e-06,-9.37914e-05,0.99902
0.07,485,0.39999,0.800322,0.50001,999.491,-9.30347e-06,9.37914e-05,0.99902
0.07,486,0.399992,0.8003,0.600007,999.184,-1.8497e-05,0.000344728,0.999103
0.07,487,0.399994,0.80024,0.700064,998.909,-2.23027e-05,0.000886734,0.999367
0.07,488,0.399998,0.800069,0.800069,996.924,-1.73001e-05,0.000882374,0.999779
0.07,489,0.4,0.800003,0.900027,790.228,-6.62532e-06,0.000365283,1.00001
0.07,490,0.4,0.900021,-2.09655e-05,624.837,2.05569e-06,-0.000107941,1
0.07,491,0.4,0.900027,0.0999975,790.228,4.47667e-06,-0.00038902,0.999634
0.07,492,0.4,0.90005,0.199995,792.684,5.47477e-06,-0.000388669,0.999058
0.07,493,0.4,0.900058,0.299997,792.985,4.49613e-06,-0.000147484,0.998677
0.07,494,0.4,0.900063,0.4,793.115,2.15275e-06,-4.29717e-05,0.998563
0.07,495,0.4,0.900063,0.5,793.115,-2.15275e-06,4.29717e-05,0.998563
0.07,496,0.4,0.900058,0.600003,792.985,-4.49613e-06,0.000147484,0.998677
0.07,497,0.4,0.90005,0.700005,792.684,-5.47477e-06,0.000388669,0.999058
0.07,498,0.4,0.900027,0.800003,790.228,-4.47667e-06,0.00038902,0.999634
0.07,499,0.4,0.900021,0.900021,624.837,-2.05569e-06,0.000107941,1
0.07,500,0.5,-2.09667e-05,-2.09655e-05,624.837,-2.05569e-06,0.000107941,1
0.07,501,0.5,-2.65731e-05,0.0999975,790.228,-4.47667e-06,0.00038902,0.999634
0.07,502,0.5,-5.04152e-05,0.199995,792.684,-5.47477e-06,0.000388669,0.999058
0.07,503,0.5,-5.80089e-05,0.299997,792.985,-4.49613e-06,0.000147484,0.998677
0.07,504,0.5,-6.26698e-05,0.4,793.115,-2.15275e-06,4.29717e-05,0.998563
0.07,505,0.5,-6.26698e-05,0.5,793.115,2.15275e-06,-4.29717e-05,0.998563
0.07,506,0.5,-5.80089e-05,0.600003,792.985,4.49613e-06,-0.000147484,0.998677
0.07,507,0.5,-5.04152e-05,0.700005,792.684,5.47477e-06,-0.000388669,0.999058
0.07,508,0.5,-2.65731e-05,0.800003,790.228,4.47667e-06,-0.00038902,0.999634
0.07,509,0.5,-2.09667e-05,0.900021,624.837,2.05569e-06,-0.000107941,1
0.07,510,0.5,0.0999975,-2.65748e-05,790.228,-6.62532e-06,0.000365283,1.00001
0.07,511,0.500002,0.0999313,0.0999313,996.924,-1.73001e-05,0.000882374,0.999779
0.07,512,0.500006,0.0997601,0.199936,998.909,-2.23027e-05,0.000886734,0.999367
0.07,513,0.500008,0.0997005,0.299993,999.184,-1.8497e-05,0.000344728,0.999103
0.07,514,0.50001,0.0996775,0.39999,999.491,-9.30347e-06,9.37914e-05,0.99902
0.07,515,0.50001,0.0996775,0.50001,999.491,9.30347e-06,-9.37914e-05,0.99902
0.07,516,0.500008,0.0997005,0.600007,999.184,1.8497e-05,-0.000344728,0.999103
0.07,517,0.500006,0.0997601,0.700064,998.909,2.23027e-05,-0.000886734,0.999367
0.07,518,0.500002,0.0999313,0.800069,996.924,1.73001e-05,-0.000882374,0.999779
0.07,519,0.5,0.0999975,0.900027,790.228,6.62532e-06,-0.000365283,1.00001
0.07,520,0.5,0.199995,-5.04224e-05,792.684,-1.63985e-05,0.00031794,1.0001
0.07,521,0.500006,0.199936,0.0997601,998.909,-4.56164e-05,0.00087442,1.00042
0.07,522,0.50002,0.199761,0.199761,998.999,-5.98686e-05,0.000911809,1.00099
0.07,523,0.500029,0.199695,0.299967,998.645,-4.88126e-05,0.000386323,1.00133
0.07,524,0.500038,0.199668,0.399962,999.048,-2.44231e-05,0.00011729,1.00143
0.07,525,0.500038,0.199668,0.500038,999.048,2.44231e-05,-0.00011729,1.00143
0.07,526,0.500029,0.199695,0.600033,998.645,4.88126e-05,-0.000386323,1.00133
0.07,527,0.50002,0.199761,0.700239,998.999,5.98686e-05,-0.000911809,1.00099
0.07,528,0.500006,0.199936,0.80024,998.909,4.56164e-05,-0.00087442,1.00042
0.07,529,0.5,0.199995,0.90005,792.684,1.63985e-05,-0.00031794,1.0001
0.07,530,0.5,0.299997,-5.80187e-05,792.985,-2.57042e-05,0.000105359,1.00011
0.07,531,0.500008,0.299993,0.0997005,999.184,-7.16133e-05,0.000336608,1.00044
0.07,532,0.500029,0.299967,0.199695,998.645,-9.50667e-05,0.000385189,1.0011
0.07,533,0.500044,0.299951,0.299951,998.162,-7.81009e-05,0.000226175,1.00153
0.07,534,0.500058,0.299928,0.399942,998.586,-3.87012e-05,9.64547e-05,1.00171
0.07,535,0.500058,0.299928,0.500058,998.586,3.87012e-05,-9.64547e-05,1.00171
0.07,536,0.500044,0.299951,0.600049,998.162,7.81009e-05,-0.000226175,1.00153
0.07,537,0.500029,0.299967,0.700305,998.645,9.50667e-05,-0.000385189,1.0011
0.07,538,0.500008,0.299993,0.8003,999.184,7.16133e-05,-0.000336608,1.00044
0.07,539,0.5,0.299997,0.900058,792.985,2.57042e-05,-0.000105359,1.00011
0.07,540,0.5,0.4,-6.26797e-05,793.115,-3.26321e-05,3.26311e-05,1.00006
0.07,541,0.50001,0.39999,0.0996775,999.491,-9.09365e-05,9.09338e-05,1.00025
0.07,542,0.500038,0.399962,0.199668,999.048,-0.000120987,0.000120985,1.00066
0.07,543,0.500058,0.399942,0.299928,998.586,-9.89493e-05,9.89489e-05,1.00103
0.07,544,0.500075,0.399925,0.399925,998.866,-4.83851e-05,4.83854e-05,1.0013
0.07,545,0.500075,0.399925,0.500075,998.866,4.83851e-05,-4.83854e-05,1.0013
0.07,546,0.500058,0.399942,0.600072,998.586,9.89493e-05,-9.89489e-05,1.00103
0.07,547,0.500038,0.399962,0.700332,999.048,0.000120987,-0.000120985,1.00066
0.07,548,0.50001,0.39999,0.800322,999.491,9.09365e-05,-9.09338e-05,1.00025
0.07,549,0.5,0.4,0.900063,793.115,3.26321e-05,-3.26311e-05,1.00006
0.07,550,0.5,0.5,-6.26797e-05,793.115,-3.26321e-05,-3.26311e-05,1.00006
0.07,551,0.50001,0.50001,0.0996775,999.491,-9.09365e-05,-9.09338e-05,1.00025
0.07,552,0.500038,0.500038,0.199668,999.048,-0.000120987,-0.000120985,1.00066
0.07,553,0.500058,0.500058,0.299928,998.586,-9.89493e-05,-9.89489e-05,1.00103
0.07,554,0.500075,0.500075,0.399925,998.866,-4.83851e-05,-4.83854e-05,1.0013
0.07,555,0.500075,0.500075,0.500075,998.866,4.83851e-05,4.83854e-05,1.0013
0.07,556,0.500058,0.500058,0.600072,998.586,9.89493e-05,9.89489e-05,1.00103
0.07,557,0.500038,0.500038,0.700332,999.048,0.000120987,0.000120985,1.00066
0.07,558,0.50001,0.50001,0.800322,999.491,9.09365e-05,9.09338e-05,1.00025
0.07,559,0.5,0.5,0.900063,793.115,3.26321e-05,3.26311e-05,1.00006
0.07,560,0.5,0.600003,-5.80187e-05,792.985,-2.57042e-05,-0.000105359,1.00011
0.07,561,0.500008,0.600007,0.0997005,999.184,-7.16133e-05,-0.000336608,1.00044
0.07,562,0.500029,0.600033,0.199695,998.645,-9.50667e-05,-0.000385189,1.0011
0.07,563,0.500044,0.600049,0.299951,998.162,-7.81009e-05,-0.000226175,1.00153
0.07,564,0.500058,0.600072,0.399942,998.586,-3.87012e-05,-9.64547e-05,1.00171
0.07,565,0.500058,0.600072,0.500058,998.586,3.87012e-05,9.64547e-05,1.00171
0.07,566,0.500044,0.600049,0.600049,998.162,7.81009e-05,0.000226175,1.00153
0.07,567,0.500029,0.600033,0.700305,998.645,9.50667e-05,0.000385189,1.0011
0.07,568,0.500008,0.600007,0.8003,999.184,7.16133e-05,0.000336608,1.00044
0.07,569,0.5,0.600003,0.900058,792.985,2.57042e-05,0.000105359,1.00011
0.07,570,0.5,0.700005,-5.04224e-05,792.684,-1.63985e-05,-0.00031794,1.0001
0.07,571,0.500006,0.700064,0.0997601,998.909,-4.56164e-05,-0.00087442,1.00042
0.07,572,0.50002,0.700239,0.199761,998.999,-5.98686e-05,-0.000911809,1.00099
0.07,573,0.500029,0.700305,0.299967,998.645,-4.88126e-05,-0.000386323,1.00133
0.07,574,0.500038,0.700332,0.399962,999.048,-2.44231e-05,-0.00011729,1.00143
0.07,575,0.500038,0.700332,0.500038,999.048,2.44231e-05,0.00011729,1.00143
0.07,576,0.500029,0.700305,0.600033,998.645,4.88126e-05,0.000386323,1.00133
0.07,577,0.50002,0.700239,0.700239,998.999,5.98686e-05,0.000911809,1.00099
0.07,578,0.500006,0.700064,0.80024,998.909,4.56164e-05,0.00087442,1.00042
0.07,579,0.5,0.700005,0.90005,792.684,1.63985e-05,0.00031794,1.0001
0.07,580,0.5,0.800003,-2.65748e-05,790.228,-6.62532e-06,-0.000365283,1.00001
0.07,581,0.500002,0.800069,0.0999313,996.924,-1.73001e-05,-0.000882374,0.999779
0.07,582,0.500006,0.80024,0.199936,998.909,-2.23027e-05,-0.000886734,0.999367
0.07,583,0.500008,0.8003,0.299993,999.184,-1.8497e-05,-0.000344728,0.999103
0.07,584,0.50001,0.800322,0.39999,999.491,-9.30347e-06,-9.37914e-05,0.99902
0.07,585,0.50001,0.800322,0.50001,999.491,9.30347e-06,9.37914e-05,0.99902
0.07,586,0.500008,0.8003,0.600007,999.184,1.8497e-05,0.000344728,0.999103
0.07,587,0.500006,0.80024,0.700064,998.909,2.23027e-05,0.000886734,0.999367
0.07,588,0.500002,0.800069,0.800069,996.924,1.73001e-05,0.000882374,0.999779
0.07,589,0.5,0.800003,0.900027,790.228,6.62532e-06,0.000365283,1.00001
0.07,590,0.5,0.900021,-2.09655e-05,624.837,-2.05569e-06,-0.000107941,1
0.07,591,0.5,0.900027,0.0999975,790.228,-4.47667e-06,-0.00038902,0.999634
0.07,592,0.5,0.90005,0.199995,792.684,-5.47477e-06,-0.000388669,0.999058
0.07,593,0.5,0.900058,0.299997,792.985,-4.49613e-06,-0.000147484,0.998677
0.07,594,0.5,0.900063,0.4,793.115,-2.15275e-06,-4.29717e-05,0.998563
0.07,595,0.5,0.900063,0.5,793.115,2.15275e-06,4.29717e-05,0.998563
0.07,596,0.5,0.900058,0.600003,792.985,4.49613e-06,0.000147484,0.998677
0.07,597,0.5,0.90005,0.700005,792.684,5.47477e-06,0.000388669,0.999058
0.07,598,0.5,0.900027,0.800003,790.228,4.47667e-06,0.00038902,0.999634
0.07,599,0.5,0.900021,0.900021,624.837,2.05569e-06,0.000107941,1
0.07,600,0.6,-2.07928e-05,-2.07917e-05,624.825,-7.93356e-06,9.71782e-05,1.00001
0.07,601,0.600001,-2.56606e-05,0.099998,790.187,-2.03949e-05,0.000361951,0.999681
0.07,602,0.600002,-4.76266e-05,0.199996,792.6,-2.17825e-05,0.000359111,0.999167
0.07,603,0.600002,-5.42448e-05,0.299998,792.867,-1.16054e-05,0.000128676,0.99883
0.07,604,0.600003,-5.80097e-05,0.4,792.985,-4.42431e-06,3.44174e-05,0.998733
0.07,605,0.600003,-5.80097e-05,0.5,792.985,4.42431e-06,-3.44174e-05,0.998733
0.07,606,0.600002,-5.42448e-05,0.600002,792.867,1.16054e-05,-0.000128676,0.99883
0.07,607,0.600002,-4.76266e-05,0.700004,792.6,2.17825e-05,-0.000359111,0.999167
0.07,608,0.600001,-2.56606e-05,0.800002,790.187,2.03949e-05,-0.000361951,0.999681
0.07,609,0.6,-2.07928e-05,0.900021,624.825,7.93356e-06,-9.71782e-05,1.00001
0.07,610,0.600001,0.099998,-2.56622e-05,790.187,-2.65169e-05,0.000343472,1.00003
0.07,611,0.600001,0.0999347,0.0999347,996.799,-8.27856e-05,0.000822821,0.999882
0.07,612,0.600002,0.0997711,0.199939,998.679,-8.92338e-05,0.000819464,0.999613
0.07,613,0.600004,0.0997168,0.299996,998.88,-4.54466e-05,0.000300838,0.999425
0.07,614,0.600007,0.0997005,0.399992,999.184,-1.80521e-05,7.40166e-05,0.999353
0.07,615,0.600007,0.0997005,0.500008,999.184,1.80521e-05,-7.40166e-05,0.999353
0.07,616,0.600004,0.0997168,0.600004,998.88,4.54466e-05,-0.000300838,0.999425
0.07,617,0.600002,0.0997711,0.700061,998.679,8.92338e-05,-0.000819464,0.999613
0.07,618,0.600001,0.0999347,0.800065,996.799,8.27856e-05,-0.000822821,0.999882
0.07,619,0.600001,0.099998,0.900026,790.187,2.65169e-05,-0.000343472,1.00003
0.07,620,0.600002,0.199996,-4.76333e-05,792.6,-6.51984e-05,0.000295234,1.00014
0.07,621,0.600002,0.199939,0.0997711,998.679,-0.000207918,0.00080756,1.00059
0.07,622,0.600015,0.199774,0.199774,998.631,-0.000228026,0.000832174,1.00139
0.07,623,0.600021,0.199715,0.299979,998.196,-0.000118604,0.000331166,1.00182
0.07,624,0.600033,0.199695,0.399971,998.644,-4.76006e-05,9.19207e-05,1.00191
0.07,625,0.600033,0.199695,0.500029,998.644,4.76006e-05,-9.19207e-05,1.00191
0.07,626,0.600021,0.199715,0.600021,998.196,0.000118604,-0.000331166,1.00182
0.07,627,0.600015,0.199774,0.700226,998.631,0.000228026,-0.000832174,1.00139
0.07,628,0.600002,0.199939,0.800229,998.679,0.000207918,-0.00080756,1.00059
0.07,629,0.600002,0.199996,0.900048,792.6,6.51984e-05,-0.000295234,1.00014
0.07,630,0.600002,0.299998,-5.42539e-05,792.867,-9.13314e-05,9.13262e-05,1.00015
0.07,631,0.600004,0.299996,0.0997168,998.88,-0.000293849,0.00029384,1.00066
0.07,632,0.600021,0.299979,0.199715,998.196,-0.000329958,0.000329952,1.00159
0.07,633,0.600033,0.299967,0.299967,997.644,-0.000182978,0.000182978,1.00211
0.07,634,0.600049,0.299951,0.399956,998.162,-7.58322e-05,7.58336e-05,1.00224
0.07,635,0.600049,0.299951,0.500044,998.162,7.58322e-05,-7.58336e-05,1.00224
0.07,636,0.600033,0.299967,0.600033,997.644,0.000182978,-0.000182978,1.00211
0.07,637,0.600021,0.299979,0.700285,998.196,0.000329958,-0.000329952,1.00159
0.07,638,0.600004,0.299996,0.800283,998.88,0.000293849,-0.00029384,1.00066
0.07,639,0.600002,0.299998,0.900054,792.867,9.13314e-05,-9.13262e-05,1.00015
0.07,640,0.600003,0.4,-5.80187e-05,792.985,-0.000105364,2.57033e-05,1.00011
0.07,641,0.600007,0.399992,0.0997005,999.184,-0.000336618,7.16109e-05,1.00044
0.07,642,0.600033,0.399971,0.199695,998.645,-0.000385196,9.50648e-05,1.0011
0.07,643,0.600049,0.399956,0.299951,998.162,-0.000226176,7.81007e-05,1.00153
0.07,644,0.600072,0.399942,0.399942,998.586,-9.64532e-05,3.87015e-05,1.00171
0.07,645,0.600072,0.399942,0.500058,998.586,9.64532e-05,-3.87015e-05,1.00171
0.07,646,0.600049,0.399956,0.600049,998.162,0.000226176,-7.81007e-05,1.00153
0.07,647,0.600033,0.399971,0.700305,998.645,0.000385196,-9.50648e-05,1.0011
0.07,648,0.600007,0.399992,0.8003,999.184,0.000336618,-7.16109e-05,1.00044
0.07,649,0.600003,0.4,0.900058,792.985,0.000105364,-2.57033e-05,1.00011
0.07,650,0.600003,0.5,-5.80187e-05,792.985,-0.000105364,-2.57033e-05,1.00011
0.07,651,0.600007,0.500008,0.0997005,999.184,-0.000336618,-7.16109e-05,1.00044
0.07,652,0.600033,0.500029,0.199695,998.645,-0.000385196,-9.50648e-05,1.0011
0.07,653,0.600049,0.500044,0.299951,998.162,-0.000226176,-7.81007e-05,1.00153
0.07,654,0.600072,0.500058,0.399942,998.586,-9.64532e-05,-3.87015e-05,1.00171
0.07,655,0.600072,0.500058,0.500058,998.586,9.64532e-05,3.87015e-05,1.00171
0.07,656,0.600049,0.500044,0.600049,998.162,0.000226176,7.81007e-05,1.00153
0.07,657,0.600033,0.500029,0.700305,998.645,0.000385196,9.50648e-05,1.0011
0.07,658,0.600007,0.500008,0.8003,999.184,0.000336618,7.16109e-05,1.00044
0.07,659,0.600003,0.5,0.900058,792.985,0.000105364,2.57033e-05,1.00011
0.07,660,0.600002,0.600002,-5.42539e-05,792.867,-9.13314e-05,-9.13262e-05,1.00015
0.07,661,0.600004,0.600004,0.0997168,998.88,-0.000293849,-0.00029384,1.00066
0.07,662,0.600021,0.600021,0.199715,998.196,-0.000329958,-0.000329952,1.00159
0.07,663,0.600033,0.600033,0.299967,997.644,-0.000182978,-0.000182978,1.00211
0.07,664,0.600049,0.600049,0.399956,998.162,-7.58322e-05,-7.58336e-05,1.00224
0.07,665,0.600049,0.600049,0.500044,998.162,7.58322e-05,7.58336e-05,1.00224
0.07,666,0.600033,0.600033,0.600033,997.644,0.000182978,0.000182978,1.00211
0.07,667,0.600021,0.600021,0.700285,998.196,0.000329958,0.000329952,1.00159
0.07,668,0.600004,0.600004,0.800283,998.88,0.000293849,0.00029384,1.00066
0.07,669,0.600002,0.600002,0.900054,792.867,9.13314e-05,9.13262e-05,1.00015
0.07,670,0.600002,0.700004,-4.76333e-05,792.6,-6.51984e-05,-0.000295234,1.00014
0.07,671,0.600002,0.700061,0.0997711,998.679,-0.000207918,-0.00080756,1.00059
0.07,672,0.600015,0.700226,0.199774,998.631,-0.000228026,-0.000832174,1.00139
0.07,673,0.600021,0.700285,0.299979,998.196,-0.000118604,-0.000331166,1.00182
0.07,674,0.600033,0.700305,0.399971,998.644,-4.76006e-05,-9.19207e-05,1.00191
0.07,675,0.600033,0.700305,0.500029,998.644,4.76006e-05,9.19207e-05,1.00191
0.07,676,0.600021,0.700285,0.600021,998.196,0.000118604,0.000331166,1.00182
0.07,677,0.600015,0.700226,0.700226,998.631,0.000228026,0.000832174,1.00139
0.07,678,0.600002,0.700061,0.800229,998.679,0.000207918,0.00080756,1.00059
0.07,679,0.600002,0.700004,0.900048,792.6,6.51984e-05,0.000295234,1.00014
0.07,680,0.600001,0.800002,-2.56622e-05,790.187,-2.65169e-05,-0.000343472,1.00003
0.07,681,0.600001,0.800065,0.0999347,996.799,-8.27856e-05,-0.000822821,0.999882
0.07,682,0.600002,0.800229,0.199939,998.679,-8.92338e-05,-0.000819464,0.999613
0.07,683,0.600004,0.800283,0.299996,998.88,-4.54466e-05,-0.000300838,0.999425
0.07,684,0.600007,0.8003,0.399992,999.184,-1.80521e-05,-7.40166e-05,0.999353
0.07,685,0.600007,0.8003,0.500008,999.184,1.80521e-05,7.40166e-05,0.999353
0.07,686,0.600004,0.800283,0.600004,998.88,4.54466e-05,0.000300838,0.999425
0.07,687,0.600002,0.800229,0.700061,998.679,8.92338e-05,0.000819464,0.999613
0.07,688,0.600001,0.800065,0.800065,996.799,8.27856e-05,0.000822821,0.999882
0.07,689,0.600001,0.800002,0.900026,790.187,2.65169e-05,0.000343472,1.00003
0.07,690,0.6,0.900021,-2.07917e-05,624.825,-7.93356e-06,-9.71782e-05,1.00001
0.07,691,0.600001,0.900026,0.099998,790.187,-2.03949e-05,-0.000361951,0.999681
0.07,692,0.600002,0.900048,0.199996,792.6,-2.17825e-05,-0.000359111,0.999167
0.07,693,0.600002,0.900054,0.299998,792.867,-1.16054e-05,-0.000128676,0.99883
0.07,694,0.600003,0.900058,0.4,792.985,-4.42431e-06,-3.44174e-05,0.998733
0.07,695,0.600003,0.900058,0.5,792.985,4.42431e-06,3.44174e-05,0.998733
0.07,696,0.600002,0.900054,0.600002,792.867,1.16054e-05,0.000128676,0.99883
0.07,697,0.600002,0.900048,0.700004,792.6,2.17825e-05,0.000359111,0.999167
0.07,698,0.600001,0.900026,0.800002,790.187,2.03949e-05,0.000361951,0.999681
0.07,699,0.6,0.900021,0.900021,624.825,7.93356e-06,9.71782e-05,1.00001
0.07,700,0.7,-2.0297e-05,-2.02962e-05,624.794,-2.20087e-05,6.3707e-05,1.00004
0.07,701,0.700001,-2.37582e-05,0.099999,790.087,-6.10496e-05,0.000271184,0.999789
0.07,702,0.700003,-4.23927e-05,0.199997,792.409,-6.01475e-05,0.000269156,0.999427
0.07,703,0.700004,-4.76267e-05,0.299998,792.6,-2.2472e-05,9.25278e-05,0.999186
0.07,704,0.700005,-5.04159e-05,0.4,792.684,-5.74341e-06,2.28616e-05,0.999121
0.07,705,0.700005,-5.04159e-05,0.5,792.684,5.74341e-06,-2.28616e-05,0.999121
0.07,706,0.700004,-4.76267e-05,0.600002,792.6,2.2472e-05,-9.25278e-05,0.999186
0.07,707,0.700003,-4.23927e-05,0.700003,792.409,6.01475e-05,-0.000269156,0.999427
0.07,708,0.700001,-2.37582e-05,0.800001,790.087,6.10496e-05,-0.000271184,0.999789
0.07,709,0.7,-2.0297e-05,0.90002,624.794,2.20087e-05,-6.3707e-05,1.00004
0.07,710,0.700001,0.099999,-2.37594e-05,790.087,-9.19524e-05,0.000266187,1.00005
0.07,711,0.700014,0.099947,0.099947,996.638,-0.00025131,0.000618066,0.999965
0.07,712,0.700049,0.099814,0.199951,998.557,-0.000250415,0.000610727,0.999815
0.07,713,0.700061,0.0997711,0.299998,998.679,-9.12442e-05,0.000214218,0.999706
0.07,714,0.700064,0.0997601,0.399994,998.909,-2.24212e-05,4.80454e-05,0.999661
0.07,715,0.700064,0.0997601,0.500006,998.909,2.24212e-05,-4.80454e-05,0.999661
0.07,716,0.700061,0.0997711,0.600002,998.679,9.12442e-05,-0.000214218,0.999706
0.07,717,0.700049,0.099814,0.700049,998.557,0.000250415,-0.000610727,0.999815
0.07,718,0.700014,0.099947,0.800053,996.638,0.00025131,-0.000618066,0.999965
0.07,719,0.700001,0.099999,0.900024,790.087,9.19524e-05,-0.000266187,1.00005
0.07,720,0.700003,0.199997,-4.23976e-05,792.409,-0.000220297,0.000220286,1.00011
0.07,721,0.700049,0.199951,0.099814,998.557,-0.000599492,0.000599479,1.00053
0.07,722,0.700181,0.199819,0.199819,998.989,-0.000609496,0.000609488,1.00121
0.07,723,0.700226,0.199774,0.299985,998.631,-0.000229488,0.000229489,1.00158
0.07,724,0.700239,0.199761,0.39998,998.999,-5.83914e-05,5.83938e-05,1.00164
0.07,725,0.700239,0.199761,0.50002,998.999,5.83914e-05,-5.83938e-05,1.00164
0.07,726,0.700226,0.199774,0.600015,998.631,0.000229488,-0.000229489,1.00158
0.07,727,0.700181,0.199819,0.700181,998.989,0.000609496,-0.000609488,1.00121
0.07,728,0.700049,0.199951,0.800186,998.557,0.000599492,-0.000599479,1.00053
0.07,729,0.700003,0.199997,0.900042,792.409,0.000220297,-0.000220286,1.00011
0.07,730,0.700004,0.299998,-4.76333e-05,792.6,-0.000295249,6.51946e-05,1.00014
0.07,731,0.700061,0.299998,0.0997711,998.679,-0.000807578,0.000207911,1.00059
0.07,732,0.700226,0.299985,0.199774,998.631,-0.000832186,0.000228021,1.00139
0.07,733,0.700285,0.299979,0.299979,998.196,-0.000331165,0.000118604,1.00182
0.07,734,0.700305,0.299967,0.399971,998.644,-9.19176e-05,4.76018e-05,1.00191
0.07,735,0.700305,0.299967,0.500029,998.644,9.19176e-05,-4.76018e-05,1.00191
0.07,736,0.700285,0.299979,0.600021,998.196,0.000331165,-0.000118604,1.00182
0.07,737,0.700226,0.299985,0.700226,998.631,0.000832186,-0.000228021,1.00139
0.07,738,0.700061,0.299998,0.800229,998.679,0.000807578,-0.000207911,1.00059
0.07,739,0.700004,0.299998,0.900048,792.6,0.000295249,-6.51946e-05,1.00014
0.07,740,0.700005,0.4,-5.04224e-05,792.684,-0.000317956,1.63979e-05,1.0001
0.07,741,0.700064,0.399994,0.0997601,998.909,-0.000874439,4.56146e-05,1.00042
0.07,742,0.700239,0.39998,0.199761,998.999,-0.000911821,5.98672e-05,1.00099
0.07,743,0.700305,0.399971,0.299967,998.645,-0.000386322,4.88125e-05,1.00133
0.07,744,0.700332,0.399962,0.399962,999.048,-0.000117287,2.44233e-05,1.00143
0.07,745,0.700332,0.399962,0.500038,999.048,0.000117287,-2.44233e-05,1.00143
0.07,746,0.700305,0.399971,0.600033,998.645,0.000386322,-4.88125e-05,1.00133
0.07,747,0.700239,0.39998,0.700239,998.999,0.000911821,-5.98672e-05,1.00099
0.07,748,0.700064,0.399994,0.80024,998.909,0.000874439,-4.56146e-05,1.00042
0.07,749,0.700005,0.4,0.90005,792.684,0.000317956,-1.63979e-05,1.0001
0.07,750,0.700005,0.5,-5.04224e-05,792.684,-0.000317956,-1.63979e-05,1.0001
0.07,751,0.700064,0.500006,0.0997601,998.909,-0.000874439,-4.56146e-05,1.00042
0.07,752,0.700239,0.50002,0.199761,998.999,-0.000911821,-5.98672e-05,1.00099
0.07,753,0.700305,0.500029,0.299967,998.645,-0.000386322,-4.88125e-05,1.00133
0.07,754,0.700332,0.500038,0.399962,999.048,-0.000117287,-2.44233e-05,1.00143
0.07,755,0.700332,0.500038,0.500038,999.048,0.000117287,2.44233e-05,1.00143
0.07,756,0.700305,0.500029,0.600033,998.645,0.000386322,4.88125e-05,1.00133
0.07,757,0.700239,0.50002,0.700239,998.999,0.000911821,5.98672e-05,1.00099
0.07,758,0.700064,0.500006,0.80024,998.909,0.000874439,4.56146e-05,1.00042
0.07,759,0.700005,0.5,0.90005,792.684,0.000317956,1.63979e-05,1.0001
0.07,760,0.700004,0.600002,-4.76333e-05,792.6,-0.000295249,-6.51946e-05,1.00014
0.07,761,0.700061,0.600002,0.0997711,998.679,-0.000807578,-0.000207911,1.00059
0.07,762,0.700226,0.600015,0.199774,998.631,-0.000832186,-0.000228021,1.00139
0.07,763,0.700285,0.600021,0.299979,998.196,-0.000331165,-0.000118604,1.00182
0.07,764,0.700305,0.600033,0.399971,998.644,-9.19176e-05,-4.76018e-05,1.00191
0.07,765,0.700305,0.600033,0.500029,998.644,9.19176e-05,4.76018e-05,1.00191
0.07,766,0.700285,0.600021,0.600021,998.196,0.000331165,0.000118604,1.00182
0.07,767,0.700226,0.600015,0.700226,998.631,0.000832186,0.000228021,1.00139
0.07,768,0.700061,0.600002,0.800229,998.679,0.000807578,0.000207911,1.00059
0.07,769,0.700004,0.600002,0.900048,792.6,0.000295249,6.51946e-05,1.00014
0.07,770,0.700003,0.700003,-4.23976e-05,792.409,-0.000220297,-0.000220286,1.00011
0.07,771,0.700049,0.700049,0.099814,998.557,-0.000599492,-0.000599479,1.00053
0.07,772,0.700181,0.700181,0.199819,998.989,-0.000609496,-0.000609488,1.00121
0.07,773,0.700226,0.700226,0.299985,998.631,-0.000229488,-0.000229489,1.00158
0.07,774,0.700239,0.700239,0.39998,998.999,-5.83914e-05,-5.83938e-05,1.00164
0.07,775,0.700239,0.700239,0.50002,998.999,5.83914e-05,5.83938e-05,1.00164
0.07,776,0.700226,0.700226,0.600015,998.631,0.000229488,0.000229489,1.00158
0.07,777,0.700181,0.700181,0.700181,998.989,0.000609496,0.000609488,1.00121
0.07,778,0.700049,0.700049,0.800186,998.557,0.000599492,0.000599479,1.00053
0.07,779,0.700003,0.700003,0.900042,792.409,0.000220297,0.000220286,1.00011
0.07,780,0.700001,0.800001,-2.37594e-05,790.087,-9.19524e-05,-0.000266187,1.00005
0.07,781,0.700014,0.800053,0.099947,996.638,-0.00025131,-0.000618066,0.999965
0.07,782,0.700049,0.800186,0.199951,998.557,-0.000250415,-0.000610727,0.999815
0.07,783,0.700061,0.800229,0.299998,998.679,-9.12442e-05,-0.000214218,0.999706
0.07,784,0.700064,0.80024,0.399994,998.909,-2.24212e-05,-4.80454e-05,0.999661
0.07,785,0.700064,0.80024,0.500006,998.909,2.24212e-05,4.80454e-05,0.999661
0.07,786,0.700061,0.800229,0.600002,998.679,9.12442e-05,0.000214218,0.999706
0.07,787,0.700049,0.800186,0.700049,998.557,0.000250415,0.000610727,0.999815
0.07,788,0.700014,0.800053,0.800053,996.638,0.00025131,0.000618066,0.999965
0.07,789,0.700001,0.800001,0.900024,790.087,9.19524e-05,0.000266187,1.00005
0.07,790,0.7,0.90002,-2.02962e-05,624.794,-2.20087e-05,-6.3707e-05,1.00004
0.07,791,0.700001,0.900024,0.099999,790.087,-6.10496e-05,-0.000271184,0.999789
0.07,792,0.700003,0.900042,0.199997,792.409,-6.01475e-05,-0.000269156,0.999427
0.07,793,0.700004,0.900048,0.299998,792.6,-2.2472e-05,-9.25278e-05,0.999186
0.07,794,0.700005,0.90005,0.4,792.684,-5.74341e-06,-2.28616e-05,0.999121
0.07,795,0.700005,0.90005,0.5,792.684,5.74341e-06,2.28616e-05,0.999121
0.07,796,0.700004,0.900048,0.600002,792.6,2.2472e-05,9.25278e-05,0.999186
0.07,797,0.700003,0.900042,0.700003,792.409,6.01475e-05,0.000269156,0.999427
0.07,798,0.700001,0.900024,0.800001,790.087,6.10496e-05,0.000271184,0.999789
0.07,799,0.7,0.90002,0.90002,624.794,2.20087e-05,6.3707e-05,1.00004
0.07,800,0.799997,-2.02277e-05,-2.02273e-05,622.73,-5.68939e-05,1.94998e-06,1.00018
0.07,801,0.799998,-1.9369e-05,0.100002,787.815,-6.33805e-05,0.000109429,1.00003
0.07,802,0.800001,-2.37574e-05,0.199999,790.087,-6.32189e-05,0.000113287,0.999798
0.07,803,0.800002,-2.56595e-05,0.299999,790.187,-2.23223e-05,3.92727e-05,0.999667
0.07,804,0.800003,-2.65721e-05,0.4,790.228,-5.28063e-06,9.68785e-06,0.999631
0.07,805,0.800003,-2.65721e-05,0.5,790.228,5.28063e-06,-9.68785e-06,0.999631
0.07,806,0.800002,-2.56595e-05,0.600001,790.187,2.23223e-05,-3.92727e-05,0.999667
0.07,807,0.800001,-2.37574e-05,0.700001,790.087,6.32189e-05,-0.000113287,0.999798
0.07,808,0.799998,-1.9369e-05,0.799998,787.815,6.33805e-05,-0.000109429,1.00003
0.07,809,0.799997,-2.02277e-05,0.90002,622.73,5.68939e-05,-1.94998e-06,1.00018
0.07,810,0.799998,0.100002,-1.93695e-05,787.815,-0.000134114,0.000134108,1.00013
0.07,811,0.800014,0.0999859,0.0999859,994.325,-0.000263577,0.000263569,0.999973
0.07,812,0.800053,0.099947,0.199986,996.638,-0.000257859,0.000257854,0.999711
0.07,813,0.800065,0.0999347,0.299999,996.799,-8.82478e-05,8.82484e-05,0.999555
0.07,814,0.800069,0.0999313,0.399998,996.924,-1.93643e-05,1.93659e-05,0.999509
0.07,815,0.800069,0.0999313,0.500002,996.924,1.93643e-05,-1.93659e-05,0.999509
0.07,816,0.800065,0.0999347,0.600001,996.799,8.82478e-05,-8.82484e-05,0.999555
0.07,817,0.800053,0.099947,0.700014,996.638,0.000257859,-0.000257854,0.999711
0.07,818,0.800014,0.0999859,0.800014,994.325,0.000263577,-0.000263569,0.999973
0.07,819,0.799998,0.100002,0.900019,787.815,0.000134114,-0.000134108,1.00013
0.07,820,0.800001,0.199999,-2.37594e-05,790.087,-0.000266199,9.19474e-05,1.00005
0.07,821,0.800053,0.199986,0.099947,996.638,-0.00061808,0.000251302,0.999965
0.07,822,0.800186,0.199951,0.199951,998.557,-0.000610736,0.00025041,0.999815
0.07,823,0.800229,0.199939,0.299998,998.679,-0.000214217,9.12446e-05,0.999706
0.07,824,0.80024,0.199936,0.399994,998.909,-4.80426e-05,2.24226e-05,0.999661
0.07,825,0.80024,0.199936,0.500006,998.909,4.80426e-05,-2.24226e-05,0.999661
0.07,826,0.800229,0.199939,0.600002,998.679,0.000214217,-9.12446e-05,0.999706
0.07,827,0.800186,0.199951,0.700049,998.557,0.000610736,-0.00025041,0.999815
0.07,828,0.800053,0.199986,0.800053,996.638,0.00061808,-0.000251302,0.999965
0.07,829,0.800001,0.199999,0.900024,790.087,0.000266199,-9.19474e-05,1.00005
0.07,830,0.800002,0.299999,-2.56623e-05,790.187,-0.000343488,2.65152e-05,1.00003
0.07,831,0.800065,0.299999,0.0999347,996.799,-0.00082284,8.27819e-05,0.999882
0.07,832,0.800229,0.299998,0.199939,998.679,-0.000819476,8.92312e-05,0.999613
0.07,833,0.800283,0.299996,0.299996,998.88,-0.000300837,4.54467e-05,0.999425
0.07,834,0.8003,0.299993,0.399992,999.184,-7.40129e-05,1.80528e-05,0.999353
0.07,835,0.8003,0.299993,0.500008,999.184,7.40129e-05,-1.80528e-05,0.999353
0.07,836,0.800283,0.299996,0.600004,998.88,0.000300837,-4.54467e-05,0.999425
0.07,837,0.800229,0.299998,0.700061,998.679,0.000819476,-8.92312e-05,0.999613
0.07,838,0.800065,0.299999,0.800065,996.799,0.00082284,-8.27819e-05,0.999882
0.07,839,0.800002,0.299999,0.900026,790.187,0.000343488,-2.65152e-05,1.00003
0.07,840,0.800003,0.4,-2.65748e-05,790.228,-0.0003653,6.62508e-06,1.00001
0.07,841,0.800069,0.399998,0.0999313,996.924,-0.000882396,1.72992e-05,0.999779
0.07,842,0.80024,0.399994,0.199936,998.909,-0.000886747,2.2302e-05,0.999367
0.07,843,0.8003,0.399992,0.299993,999.184,-0.000344727,1.8497e-05,0.999103
0.07,844,0.800322,0.39999,0.39999,999.491,-9.37875e-05,9.30361e-06,0.99902
0.07,845,0.800322,0.39999,0.50001,999.491,9.37875e-05,-9.30361e-06,0.99902
0.07,846,0.8003,0.399992,0.600007,999.184,0.000344727,-1.8497e-05,0.999103
0.07,847,0.80024,0.399994,0.700064,998.909,0.000886747,-2.2302e-05,0.999367
0.07,848,0.800069,0.399998,0.800069,996.924,0.000882396,-1.72992e-05,0.999779
0.07,849,0.800003,0.4,0.900027,790.228,0.0003653,-6.62508e-06,1.00001
0.07,850,0.800003,0.5,-2.65748e-05,790.228,-0.0003653,-6.62508e-06,1.00001
0.07,851,0.800069,0.500002,0.0999313,996.924,-0.000882396,-1.72992e-05,0.999779
0.07,852,0.80024,0.500006,0.199936,998.909,-0.000886747,-2.2302e-05,0.999367
0.07,853,0.8003,0.500008,0.299993,999.184,-0.000344727,-1.8497e-05,0.999103
0.07,854,0.800322,0.50001,0.39999,999.491,-9.37875e-05,-9.30361e-06,0.99902
0.07,855,0.800322,0.50001,0.50001,999.491,9.37875e-05,9.30361e-06,0.99902
0.07,856,0.8003,0.500008,0.600007,999.184,0.000344727,1.8497e-05,0.999103
0.07,857,0.80024,0.500006,0.700064,998.909,0.000886747,2.2302e-05,0.999367
0.07,858,0.800069,0.500002,0.800069,996.924,0.000882396,1.72992e-05,0.999779
0.07,859,0.800003,0.5,0.900027,790.228,0.0003653,6.62508e-06,1.00001
0.07,860,0.800002,0.600001,-2.56623e-05,790.187,-0.000343488,-2.65152e-05,1.00003
0.07,861,0.800065,0.600001,0.0999347,996.799,-0.00082284,-8.27819e-05,0.999882
0.07,862,0.800229,0.600002,0.199939,998.679,-0.000819476,-8.92312e-05,0.999613
0.07,863,0.800283,0.600004,0.299996,998.88,-0.000300837,-4.54467e-05,0.999425
0.07,864,0.8003,0.600007,0.399992,999.184,-7.40129e-05,-1.80528e-05,0.999353
0.07,865,0.8003,0.600007,0.500008,999.184,7.40129e-05,1.80528e-05,0.999353
0.07,866,0.800283,0.600004,0.600004,998.88,0.000300837,4.54467e-05,0.999425
0.07,867,0.800229,0.600002,0.700061,998.679,0.000819476,8.92312e-05,0.999613
0.07,868,0.800065,0.600001,0.800065,996.799,0.00082284,8.27819e-05,0.999882
0.07,869,0.800002,0.600001,0.900026,790.187,0.000343488,2.65152e-05,1.00003
0.07,870,0.800001,0.700001,-2.37594e-05,790.087,-0.000266199,-9.19474e-05,1.00005
0.07,871,0.800053,0.700014,0.099947,996.638,-0.00061808,-0.000251302,0.999965
0.07,872,0.800186,0.700049,0.199951,998.557,-0.000610736,-0.00025041,0.999815
0.07,873,0.800229,0.700061,0.299998,998.679,-0.000214217,-9.12446e-05,0.999706
0.07,874,0.80024,0.700064,0.399994,998.909,-4.80426e-05,-2.24226e-05,0.999661
0.07,875,0.80024,0.700064,0.500006,998.909,4.80426e-05,2.24226e-05,0.999661
0.07,876,0.800229,0.700061,0.600002,998.679,0.000214217,9.12446e-05,0.999706
0.07,877,0.800186,0.700049,0.700049,998.557,0.000610736,0.00025041,0.999815
0.07,878,0.800053,0.700014,0.800053,996.638,0.00061808,0.000251302,0.999965
0.07,879,0.800001,0.700001,0.900024,790.087,0.000266199,9.19474e-05,1.00005
0.07,880,0.799998,0.799998,-1.93695e-05,787.815,-0.000134114,-0.000134108,1.00013
0.07,881,0.800014,0.800014,0.0999859,994.325,-0.000263577,-0.000263569,0.999973
0.07,882,0.800053,0.800053,0.199986,996.638,-0.000257859,-0.000257854,0.999711
0.07,883,0.800065,0.800065,0.299999,996.799,-8.82478e-05,-8.82484e-05,0.999555
0.07,884,0.800069,0.800069,0.399998,996.924,-1.93643e-05,-1.93659e-05,0.999509
0.07,885,0.800069,0.800069,0.500002,996.924,1.93643e-05,1.93659e-05,0.999509
0.07,886,0.800065,0.800065,0.600001,996.799,8.82478e-05,8.82484e-05,0.999555
0.07,887,0.800053,0.800053,0.700014,996.638,0.000257859,0.000257854,0.999711
0.07,888,0.800014,0.800014,0.800014,994.325,0.000263577,0.000263569,0.999973
0.07,889,0.799998,0.799998,0.900019,787.815,0.000134114,0.000134108,1.00013
0.07,890,0.799997,0.90002,-2.02273e-05,622.73,-5.68939e-05,-1.94998e-06,1.00018
0.07,891,0.799998,0.900019,0.100002,787.815,-6.33805e-05,-0.000109429,1.00003
0.07,892,0.800001,0.900024,0.199999,790.087,-6.32189e-05,-0.000113287,0.999798
0.07,893,0.800002,0.900026,0.299999,790.187,-2.23223e-05,-3.92727e-05,0.999667
0.07,894,0.800003,0.900027,0.4,790.228,-5.28063e-06,-9.68785e-06,0.999631
0.07,895,0.800003,0.900027,0.5,790.228,5.28063e-06,9.68785e-06,0.999631
0.07,896,0.800002,0.900026,0.600001,790.187,2.23223e-05,3.92727e-05,0.999667
0.07,897,0.800001,0.900024,0.700001,790.087,6.32189e-05,0.000113287,0.999798
0.07,898,0.799998,0.900019,0.799998,787.815,6.33805e-05,0.000109429,1.00003
0.07,899,0.799997,0.90002,0.90002,622.73,5.68939e-05,1.94998e-06,1.00018
0.07,900,0.900023,-2.33153e-05,-2.33152e-05,491.178,4.63384e-05,-4.63368e-05,1.00028
0.07,901,0.90002,-2.02273e-05,0.100003,622.73,-1.76146e-05,1.76124e-05,1.00019
0.07,902,0.90002,-2.02961e-05,0.2,624.794,-2.6997e-05,2.69946e-05,1.00008
0.07,903,0.900021,-2.07912e-05,0.3,624.825,-1.09323e-05,1.09325e-05,1.00002
0.07,904,0.900021,-2.0965e-05,0.4,624.837,-2.90126e-06,2.90194e-06,1
0.07,905,0.900021,-2.0965e-05,0.5,624.837,2.90126e-06,-2.90194e-06,1
0.07,906,0.900021,-2.07912e-05,0.6,624.825,1.09323e-05,-1.09325e-05,1.00002
0.07,907,0.90002,-2.02961e-05,0.7,624.794,2.6997e-05,-2.69946e-05,1.00008
0.07,908,0.90002,-2.02273e-05,0.799997,622.73,1.76146e-05,-1.76124e-05,1.00019
0.07,909,0.900023,-2.33153e-05,0.900023,491.178,-4.63384e-05,4.63368e-05,1.00028
0.07,910,0.90002,0.100003,-2.02273e-05,622.73,-1.95136e-06,5.68918e-05,1.00018
0.07,911,0.900019,0.100002,0.100002,787.815,-0.000109434,6.33768e-05,1.00003
0.07,912,0.900024,0.099999,0.199999,790.087,-0.000113291,6.32163e-05,0.999798
0.07,913,0.900026,0.099998,0.299999,790.187,-3.92722e-05,2.23226e-05,0.999667
0.07,914,0.900027,0.0999975,0.4,790.228,-9.68647e-06,5.28146e-06,0.999631
0.07,915,0.900027,0.0999975,0.5,790.228,9.68647e-06,-5.28146e-06,0.999631
0.07,916,0.900026,0.099998,0.600001,790.187,3.92722e-05,-2.23226e-05,0.999667
0.07,917,0.900024,0.099999,0.700001,790.087,0.000113291,-6.32163e-05,0.999798
0.07,918,0.900019,0.100002,0.799998,787.815,0.000109434,-6.33768e-05,1.00003
0.07,919,0.90002,0.100003,0.90002,622.73,1.95136e-06,-5.68918e-05,1.00018
0.07,920,0.90002,0.2,-2.02963e-05,624.794,-6.37122e-05,2.20073e-05,1.00004
0.07,921,0.900024,0.199999,0.099999,790.087,-0.000271195,6.10462e-05,0.999789
0.07,922,0.900042,0.199997,0.199997,792.409,-0.000269163,6.01453e-05,0.999427
0.07,923,0.900048,0.199996,0.299998,792.6,-9.2527e-05,2.24722e-05,0.999186
0.07,924,0.90005,0.199995,0.4,792.684,-2.28592e-05,5.74413e-06,0.999121
0.07,925,0.90005,0.199995,0.5,792.684,2.28592e-05,-5.74413e-06,0.999121
0.07,926,0.900048,0.199996,0.600002,792.6,9.2527e-05,-2.24722e-05,0.999186
0.07,927,0.900042,0.199997,0.700003,792.409,0.000269163,-6.01453e-05,0.999427
0.07,928,0.900024,0.199999,0.800001,790.087,0.000271195,-6.10462e-05,0.999789
0.07,929,0.90002,0.2,0.90002,624.794,6.37122e-05,-2.20073e-05,1.00004
0.07,930,0.900021,0.3,-2.07917e-05,624.825,-9.71855e-05,7.93306e-06,1.00001
0.07,931,0.900026,0.299999,0.099998,790.187,-0.000361966,2.03932e-05,0.999681
0.07,932,0.900048,0.299998,0.199996,792.6,-0.000359121,2.17812e-05,0.999167
0.07,933,0.900054,0.299998,0.299998,792.867,-0.000128675,1.16054e-05,0.99883
0.07,934,0.900058,0.299997,0.4,792.985,-3.44143e-05,4.42465e-06,0.998733
0.07,935,0.900058,0.299997,0.5,792.985,3.44143e-05,-4.42465e-06,0.998733
0.07,936,0.900054,0.299998,0.600002,792.867,0.000128675,-1.16054e-05,0.99883
0.07,937,0.900048,0.299998,0.700004,792.6,0.000359121,-2.17812e-05,0.999167
0.07,938,0.900026,0.299999,0.800002,790.187,0.000361966,-2.03932e-05,0.999681
0.07,939,0.900021,0.3,0.900021,624.825,9.71855e-05,-7.93306e-06,1.00001
0.07,940,0.900021,0.4,-2.09655e-05,624.837,-0.000107948,2.05565e-06,1
0.07,941,0.900027,0.4,0.0999975,790.228,-0.000389036,4.47621e-06,0.999634
0.07,942,0.90005,0.4,0.199995,792.684,-0.00038868,5.47442e-06,0.999058
0.07,943,0.900058,0.4,0.299997,792.985,-0.000147483,4.49611e-06,0.998677
0.07,944,0.900063,0.4,0.4,793.115,-4.29684e-05,2.15282e-06,0.998563
0.07,945,0.900063,0.4,0.5,793.115,4.29684e-05,-2.15282e-06,0.998563
0.07,946,0.900058,0.4,0.600003,792.985,0.000147483,-4.49611e-06,0.998677
0.07,947,0.90005,0.4,0.700005,792.684,0.00038868,-5.47442e-06,0.999058
0.07,948,0.900027,0.4,0.800003,790.228,0.000389036,-4.47621e-06,0.999634
0.07,949,0.900021,0.4,0.900021,624.837,0.000107948,-2.05565e-06,1
0.07,950,0.900021,0.5,-2.09655e-05,624.837,-0.000107948,-2.05565e-06,1
0.07,951,0.900027,0.5,0.0999975,790.228,-0.000389036,-4.47621e-06,0.999634
0.07,952,0.90005,0.5,0.199995,792.684,-0.00038868,-5.47442e-06,0.999058
0.07,953,0.900058,0.5,0.299997,792.985,-0.000147483,-4.49611e-06,0.998677
0.07,954,0.900063,0.5,0.4,793.115,-4.29684e-05,-2.15282e-06,0.998563
0.07,955,0.900063,0.5,0.5,793.115,4.29684e-05,2.15282e-06,0.998563
0.07,956,0.900058,0.5,0.600003,792.985,0.000147483,4.49611e-06,0.998677
0.07,957,0.90005,0.5,0.700005,792.684,0.00038868,5.47442e-06,0.999058
0.07,958,0.900027,0.5,0.800003,790.228,0.000389036,4.47621e-06,0.999634
0.07,959,0.900021,0.5,0.900021,624.837,0.000107948,2.05565e-06,1
0.07,960,0.900021,0.6,-2.07917e-05,624.825,-9.71855e-05,-7.93306e-06,1.00001
0.07,961,0.900026,0.600001,0.099998,790.187,-0.000361966,-2.03932e-05,0.999681
0.07,962,0.900048,0.600002,0.199996,792.6,-0.000359121,-2.17812e-05,0.999167
0.07,963,0.900054,0.600002,0.299998,792.867,-0.000128675,-1.16054e-05,0.99883
0.07,964,0.900058,0.600003,0.4,792.985,-3.44143e-05,-4.42465e-06,0.998733
0.07,965,0.900058,0.600003,0.5,792.985,3.44143e-05,4.42465e-06,0.998733
0.07,966,0.900054,0.600002,0.600002,792.867,0.000128675,1.16054e-05,0.99883
0.07,967,0.900048,0.600002,0.700004,792.6,0.000359121,2.17812e-05,0.999167
0.07,968,0.900026,0.600001,0.800002,790.187,0.000361966,2.03932e-05,0.999681
0.07,969,0.900021,0.6,0.900021,624.825,9.71855e-05,7.93306e-06,1.00001
0.07,970,0.90002,0.7,-2.02963e-05,624.794,-6.37122e-05,-2.20073e-05,1.00004
0.07,971,0.900024,0.700001,0.099999,790.087,-0.000271195,-6.10462e-05,0.999789
0.07,972,0.900042,0.700003,0.199997,792.409,-0.000269163,-6.01453e-05,0.999427
0.07,973,0.900048,0.700004,0.299998,792.6,-9.2527e-05,-2.24722e-05,0.999186
0.07,974,0.90005,0.700005,0.4,792.684,-2.28592e-05,-5.74413e-06,0.999121
0.07,975,0.90005,0.700005,0.5,792.684,2.28592e-05,5.74413e-06,0.999121
0.07,976,0.900048,0.700004,0.600002,792.6,9.2527e-05,2.24722e-05,0.999186
0.07,977,0.900042,0.700003,0.700003,792.409,0.000269163,6.01453e-05,0.999427
0.07,978,0.900024,0.700001,0.800001,790.087,0.000271195,6.10462e-05,0.999789
0.07,979,0.90002,0.7,0.90002,624.794,6.37122e-05,2.20073e-05,1.00004
0.07,980,0.90002,0.799997,-2.02273e-05,622.73,-1.95136e-06,-5.68918e-05,1.00018
0.07,981,0.900019,0.799998,0.100002,787.815,-0.000109434,-6.33768e-05,1.00003
0.07,982,0.900024,0.800001,0.199999,790.087,-0.000113291,-6.32163e-05,0.999798
0.07,983,0.900026,0.800002,0.299999,790.187,-3.92722e-05,-2.23226e-05,0.999667
0.07,984,0.900027,0.800003,0.4,790.228,-9.68647e-06,-5.28146e-06,0.999631
0.07,985,0.900027,0.800003,0.5,790.228,9.68647e-06,5.28146e-06,0.999631
0.07,986,0.900026,0.800002,0.600001,790.187,3.92722e-05,2.23226e-05,0.999667
0.07,987,0.900024,0.800001,0.700001,790.087,0.000113291,6.32163e-05,0.999798
0.07,988,0.900019,0.799998,0.799998,787.815,0.000109434,6.33768e-05,1.00003
0.07,989,0.90002,0.799997,0.90002,622.73,1.95136e-06,5.68918e-05,1.00018
0.07,990,0.900023,0.900023,-2.33152e-05,491.178,4.63384e-05,4.63368e-05,1.00028
0.07,991,0.90002,0.90002,0.100003,622.73,-1.76146e-05,-1.76124e-05,1.00019
0.07,992,0.90002,0.90002,0.2,624.794,-2.6997e-05,-2.69946e-05,1.00008
0.07,993,0.900021,0.900021,0.3,624.825,-1.09323e-05,-1.09325e-05,1.00002
0.07,994,0.900021,0.900021,0.4,624.837,-2.90126e-06,-2.90194e-06,1
0.07,995,0.900021,0.900021,0.5,624.837,2.90126e-06,2.90194e-06,1
0.07,996,0.900021,0.900021,0.6,624.825,1.09323e-05,1.09325e-05,1.00002
0.07,997,0.90002,0.90002,0.7,624.794,2.6997e-05,2.69946e-05,1.00008
0.07,998,0.90002,0.90002,0.799997,622.73,1.76146e-05,1.76124e-05,1.00019
0.07,999,0.900023,0.900023,0.900023,491.178,-4.63384e-05,-4.63368e-05,1.00028
0.08,0,-3.02943e-05,-3.02941e-05,-3.0294e-05,491.114,-6.10279e-05,-6.10252e-05,1.00037
0.08,1,-2.62823e-05,-2.62826e-05,0.100004,622.673,2.05204e-05,2.05169e-05,1.00025
0.08,2,-2.63804e-05,-2.63803e-05,0.2,624.767,3.28588e-05,3.28551e-05,1.00012
0.08,3,-2.70371e-05,-2.70368e-05,0.3,624.804,1.38031e-05,1.38034e-05,1.00005
0.08,4,-2.72772e-05,-2.72771e-05,0.4,624.817,3.77801e-06,3.77907e-06,1.00003
0.08,5,-2.72772e-05,-2.72771e-05,0.5,624.817,-3.77801e-06,-3.77907e-06,1.00003
0.08,6,-2.70371e-05,-2.70368e-05,0.6,624.804,-1.38031e-05,-1.38034e-05,1.00005
0.08,7,-2.63804e-05,-2.63803e-05,0.7,624.767,-3.28588e-05,-3.28551e-05,1.00012
0.08,8,-2.62823e-05,-2.62826e-05,0.799996,622.673,-2.05204e-05,-2.05169e-05,1.00025
0.08,9,-3.02943e-05,-3.02941e-05,0.90003,491.114,6.10279e-05,6.10252e-05,1.00037
0.08,10,-2.62824e-05,0.100004,-2.62827e-05,622.673,-1.67823e-06,7.16548e-05,1.00024
0.08,11,-2.52159e-05,0.100003,0.100003,787.771,0.000129114,7.51871e-05,1.00006
0.08,12,-3.07817e-05,0.0999987,0.199999,790.086,0.000134615,7.52203e-05,0.999797
0.08,13,-3.33106e-05,0.0999973,0.299999,790.2,4.77958e-05,2.71501e-05,0.999646
0.08,14,-3.45261e-05,0.0999966,0.4,790.247,1.21698e-05,6.62904e-06,0.999606
0.08,15,-3.45261e-05,0.0999966,0.5,790.247,-1.21698e-05,-6.62904e-06,0.999606
0.08,16,-3.33106e-05,0.0999973,0.600001,790.2,-4.77958e-05,-2.71501e-05,0.999646
0.08,17,-3.07817e-05,0.0999987,0.700001,790.086,-0.000134615,-7.52203e-05,0.999797
0.08,18,-2.52159e-05,0.100003,0.799997,787.771,-0.000129114,-7.51871e-05,1.00006
0.08,19,-2.62824e-05,0.100004,0.900026,622.673,1.67823e-06,-7.16548e-05,1.00024
0.08,20,-2.63795e-05,0.2,-2.63805e-05,624.767,7.17633e-05,2.641e-05,1.00006
0.08,21,-3.07815e-05,0.199999,0.0999987,790.086,0.000319331,7.22807e-05,0.999774
0.08,22,-5.38687e-05,0.199996,0.199996,792.449,0.000317808,7.13833e-05,0.999368
0.08,23,-6.06713e-05,0.199995,0.299998,792.664,0.000111385,2.73117e-05,0.999095
0.08,24,-6.42956e-05,0.199994,0.4,792.76,2.82872e-05,7.13626e-06,0.999021
0.08,25,-6.42956e-05,0.199994,0.5,792.76,-2.82872e-05,-7.13626e-06,0.999021
0.08,26,-6.06713e-05,0.199995,0.600002,792.664,-0.000111385,-2.73117e-05,0.999095
0.08,27,-5.38687e-05,0.199996,0.700004,792.449,-0.000317808,-7.13833e-05,0.999368
0.08,28,-3.07815e-05,0.199999,0.800001,790.086,-0.000319331,-7.22807e-05,0.999774
0.08,29,-2.63795e-05,0.2,0.900026,624.767,-7.17633e-05,-2.641e-05,1.00006
0.08,30,-2.7036e-05,0.3,-2.70374e-05,624.804,0.000111753,9.81007e-06,1.00003
0.08,31,-3.33105e-05,0.299999,0.0999973,790.2,0.000426477,2.4574e-05,0.999651
0.08,32,-6.06711e-05,0.299998,0.199995,792.664,0.000424155,2.64255e-05,0.999073
0.08,33,-6.93294e-05,0.299997,0.299997,792.967,0.000155032,1.44693e-05,0.998691
0.08,34,-7.42301e-05,0.299997,0.4,793.101,4.24905e-05,5.5191e-06,0.99858
0.08,35,-7.42301e-05,0.299997,0.5,793.101,-4.24905e-05,-5.5191e-06,0.99858
0.08,36,-6.93294e-05,0.299997,0.600003,792.967,-0.000155032,-1.44693e-05,0.998691
0.08,37,-6.06711e-05,0.299998,0.700005,792.664,-0.000424155,-2.64255e-05,0.999073
0.08,38,-3.33105e-05,0.299999,0.800003,790.2,-0.000426477,-2.4574e-05,0.999651
0.08,39,-2.7036e-05,0.3,0.900027,624.804,-0.000111753,-9.81007e-06,1.00003
0.08,40,-2.72762e-05,0.4,-2.72777e-05,624.817,0.000124982,2.62156e-06,1.00002
0.08,41,-3.45261e-05,0.4,0.0999966,790.247,0.000459117,5.54655e-06,0.999598
0.08,42,-6.42953e-05,0.4,0.199994,792.76,0.000459835,6.79577e-06,0.998948
0.08,43,-7.42301e-05,0.4,0.299997,793.101,0.000178143,5.62808e-06,0.998516
0.08,44,-8.02979e-05,0.399999,0.399999,793.249,5.30714e-05,2.68036e-06,0.998386
0.08,45,-8.02979e-05,0.399999,0.500001,793.249,-5.30714e-05,-2.68036e-06,0.998386
0.08,46,-7.42301e-05,0.4,0.600003,793.101,-0.000178143,-5.62808e-06,0.998516
0.08,47,-6.42953e-05,0.4,0.700006,792.76,-0.000459835,-6.79577e-06,0.998948
0.08,48,-3.45261e-05,0.4,0.800003,790.247,-0.000459117,-5.54655e-06,0.999598
0.08,49,-2.72762e-05,0.4,0.900027,624.817,-0.000124982,-2.62156e-06,1.00002
0.08,50,-2.72762e-05,0.5,-2.72777e-05,624.817,0.000124982,-2.62156e-06,1.00002
0.08,51,-3.45261e-05,0.5,0.0999966,790.247,0.000459117,-5.54655e-06,0.999598
0.08,52,-6.42953e-05,0.5,0.199994,792.76,0.000459835,-6.79577e-06,0.998948
0.08,53,-7.42301e-05,0.5,0.299997,793.101,0.000178143,-5.62808e-06,0.998516
0.08,54,-8.02979e-05,0.500001,0.399999,793.249,5.30714e-05,-2.68036e-06,0.998386
0.08,55,-8.02979e-05,0.500001,0.500001,793.249,-5.30714e-05,2.68036e-06,0.998386
0.08,56,-7.42301e-05,0.5,0.600003,793.101,-0.000178143,5.62808e-06,0.998516
0.08,57,-6.42953e-05,0.5,0.700006,792.76,-0.000459835,6.79577e-06,0.998948
0.08,58,-3.45261e-05,0.5,0.800003,790.247,-0.000459117,5.54655e-06,0.999598
0.08,59,-2.72762e-05,0.5,0.900027,624.817,-0.000124982,2.62156e-06,1.00002
0.08,60,-2.7036e-05,0.6,-2.70374e-05,624.804,0.000111753,-9.81007e-06,1.00003
0.08,61,-3.33105e-05,0.600001,0.0999973,790.2,0.000426477,-2.4574e-05,0.999651
0.08,62,-6.06711e-05,0.600002,0.199995,792.664,0.000424155,-2.64255e-05,0.999073
0.08,63,-6.93294e-05,0.600003,0.299997,792.967,0.000155032,-1.44693e-05,0.998691
0.08,64,-7.42301e-05,0.600003,0.4,793.101,4.24905e-05,-5.5191e-06,0.99858
0.08,65,-7.42301e-05,0.600003,0.5,793.101,-4.24905e-05,5.5191e-06,0.99858
0.08,66,-6.93294e-05,0.600003,0.600003,792.967,-0.000155032,1.44693e-05,0.998691
0.08,67,-6.06711e-05,0.600002,0.700005,792.664,-0.000424155,2.64255e-05,0.999073
0.08,68,-3.33105e-05,0.600001,0.800003,790.2,-0.000426477,2.4574e-05,0.999651
0.08,69,-2.7036e-05,0.6,0.900027,624.804,-0.000111753,9.81007e-06,1.00003
0.08,70,-2.63795e-05,0.7,-2.63805e-05,624.767,7.17633e-05,-2.641e-05,1.00006
0.08,71,-3.07815e-05,0.700001,0.0999987,790.086,0.000319331,-7.22807e-05,0.999774
0.08,72,-5.38687e-05,0.700004,0.199996,792.449,0.000317808,-7.13833e-05,0.999368
0.08,73,-6.06713e-05,0.700005,0.299998,792.664,0.000111385,-2.73117e-05,0.999095
0.08,74,-6.42956e-05,0.700006,0.4,792.76,2.82872e-05,-7.13626e-06,0.999021
0.08,75,-6.42956e-05,0.700006,0.5,792.76,-2.82872e-05,7.13626e-06,0.999021
0.08,76,-6.06713e-05,0.700005,0.600002,792.664,-0.000111385,2.73117e-05,0.999095
0.08,77,-5.38687e-05,0.700004,0.700004,792.449,-0.000317808,7.13833e-05,0.999368
0.08,78,-3.07815e-05,0.700001,0.800001,790.086,-0.000319331,7.22807e-05,0.999774
0.08,79,-2.63795e-05,0.7,0.900026,624.767,-7.17633e-05,2.641e-05,1.00006
0.08,80,-2.62824e-05,0.799996,-2.62827e-05,622.673,-1.67823e-06,-7.16548e-05,1.00024
0.08,81,-2.52159e-05,0.799997,0.100003,787.771,0.000129114,-7.51871e-05,1.00006
0.08,82,-3.07817e-05,0.800001,0.199999,790.086,0.000134615,-7.52203e-05,0.999797
0.08,83,-3.33106e-05,0.800003,0.299999,790.2,4.77958e-05,-2.71501e-05,0.999646
0.08,84,-3.45261e-05,0.800003,0.4,790.247,1.21698e-05,-6.62904e-06,0.999606
0.08,85,-3.45261e-05,0.800003,0.5,790.247,-1.21698e-05,6.62904e-06,0.999606
0.08,86,-3.33106e-05,0.800003,0.600001,790.2,-4.77958e-05,2.71501e-05,0.999646
0.08,87,-3.07817e-05,0.800001,0.700001,790.086,-0.000134615,7.52203e-05,0.999797
0.08,88,-2.52159e-05,0.799997,0.799997,787.771,-0.000129114,7.51871e-05,1.00006
0.08,89,-2.62824e-05,0.799996,0.900026,622.673,1.67823e-06,7.16548e-05,1.00024
0.08,90,-3.02943e-05,0.90003,-3.0294e-05,491.114,-6.10279e-05,6.10252e-05,1.00037
0.08,91,-2.62823e-05,0.900026,0.100004,622.673,2.05204e-05,-2.05169e-05,1.00025
0.08,92,-2.63804e-05,0.900026,0.2,624.767,3.28588e-05,-3.28551e-05,1.00012
0.08,93,-2.70371e-05,0.900027,0.3,624.804,1.38031e-05,-1.38034e-05,1.00005
0.08,94,-2.72772e-05,0.900027,0.4,624.817,3.77801e-06,-3.77907e-06,1.00003
0.08,95,-2.72772e-05,0.900027,0.5,624.817,-3.77801e-06,3.77907e-06,1.00003
0.08,96,-2.70371e-05,0.900027,0.6,624.804,-1.38031e-05,1.38034e-05,1.00005
0.08,97,-2.63804e-05,0.900026,0.7,624.767,-3.28588e-05,3.28551e-05,1.00012
0.08,98,-2.62823e-05,0.900026,0.799996,622.673,-2.05204e-05,2.05169e-05,1.00025
0.08,99,-3.02943e-05,0.90003,0.90003,491.114,6.10279e-05,-6.10252e-05,1.00037
0.08,100,0.100004,-2.62832e-05,-2.62827e-05,622.673,7.16581e-05,-1.68034e-06,1.00024
0.08,101,0.100003,-2.52164e-05,0.100003,787.771,7.51931e-05,0.000129105,1.00006
0.08,102,0.0999987,-3.07812e-05,0.199999,790.086,7.52244e-05,0.000134608,0.999797
0.08,103,0.0999973,-3.33098e-05,0.299999,790.2,2.71496e-05,4.77965e-05,0.999646
0.08,104,0.0999966,-3.45257e-05,0.4,790.247,6.62776e-06,1.2172e-05,0.999606
0.08,105,0.0999966,-3.45257e-05,0.5,790.247,-6.62776e-06,-1.2172e-05,0.999606
0.08,106,0.0999973,-3.33098e-05,0.600001,790.2,-2.71496e-05,-4.77965e-05,0.999646
0.08,107,0.0999987,-3.07812e-05,0.700001,790.086,-7.52244e-05,-0.000134608,0.999797
0.08,108,0.100003,-2.52164e-05,0.799997,787.771,-7.51931e-05,-0.000129105,1.00006
0.08,109,0.100004,-2.62832e-05,0.900026,622.673,-7.16581e-05,1.68034e-06,1.00024
0.08,110,0.100003,0.100003,-2.52172e-05,787.771,0.000160819,0.000160809,1.00017
0.08,111,0.0999835,0.0999835,0.0999835,994.292,0.000306621,0.000306608,0.999995
0.08,112,0.0999384,0.0999384,0.199984,996.636,0.000299891,0.000299883,0.999695
0.08,113,0.0999241,0.0999241,0.299999,996.821,0.000103772,0.000103772,0.999516
0.08,114,0.0999199,0.0999199,0.399998,996.964,2.33672e-05,2.33697e-05,0.999464
0.08,115,0.0999199,0.0999199,0.500002,996.964,-2.33672e-05,-2.33697e-05,0.999464
0.08,116,0.0999241,0.0999241,0.600001,996.821,-0.000103772,-0.000103772,0.999516
0.08,117,0.0999384,0.0999384,0.700016,996.636,-0.000299891,-0.000299883,0.999695
0.08,118,0.0999835,0.0999835,0.800017,994.292,-0.000306621,-0.000306608,0.999995
0.08,119,0.100003,0.100003,0.900025,787.771,-0.000160819,-0.000160809,1.00017
0.08,120,0.0999987,0.199999,-3.07842e-05,790.086,0.000312374,0.000106372,1.00007
0.08,121,0.0999384,0.199984,0.0999384,996.636,0.000715716,0.000291446,0.999975
0.08,122,0.0997858,0.199944,0.199944,998.526,0.000707269,0.000291029,0.999805
0.08,123,0.0997365,0.19993,0.299997,998.667,0.000250304,0.000107381,0.999678
0.08,124,0.0997235,0.199926,0.399993,998.931,5.73282e-05,2.6891e-05,0.999627
0.08,125,0.0997235,0.199926,0.500007,998.931,-5.73282e-05,-2.6891e-05,0.999627
0.08,126,0.0997365,0.19993,0.600003,998.667,-0.000250304,-0.000107381,0.999678
0.08,127,0.0997858,0.199944,0.700056,998.526,-0.000707269,-0.000291029,0.999805
0.08,128,0.0999384,0.199984,0.800062,996.636,-0.000715716,-0.000291446,0.999975
0.08,129,0.0999987,0.199999,0.900031,790.086,-0.000312374,-0.000106372,1.00007
0.08,130,0.0999973,0.299999,-3.3314e-05,790.2,0.000401592,3.06677e-05,1.00005
0.08,131,0.0999241,0.299999,0.0999241,996.821,0.000952409,9.64072e-05,0.999879
0.08,132,0.0997365,0.299997,0.19993,998.667,0.000949237,0.000104769,0.99957
0.08,133,0.0996741,0.299995,0.299995,998.9,0.000352159,5.45567e-05,0.999353
0.08,134,0.0996547,0.299992,0.39999,999.247,8.8381e-05,2.1875e-05,0.99927
0.08,135,0.0996547,0.299992,0.50001,999.247,-8.8381e-05,-2.1875e-05,0.99927
0.08,136,0.0996741,0.299995,0.600005,998.9,-0.000352159,-5.45567e-05,0.999353
0.08,137,0.0997365,0.299997,0.70007,998.667,-0.000949237,-0.000104769,0.99957
0.08,138,0.0999241,0.299999,0.800076,996.821,-0.000952409,-9.64072e-05,0.999879
0.08,139,0.0999973,0.299999,0.900033,790.2,-0.000401592,-3.06677e-05,1.00005
0.08,140,0.0999966,0.4,-3.45299e-05,790.247,0.000427197,7.99524e-06,1.00003
0.08,141,0.0999199,0.399998,0.0999199,996.964,0.0010221,2.06474e-05,0.999762
0.08,142,0.0997235,0.399993,0.199926,998.931,0.00102829,2.68076e-05,0.99929
0.08,143,0.0996547,0.39999,0.299992,999.247,0.000404738,2.25267e-05,0.998986
0.08,144,0.0996273,0.399988,0.399988,999.597,0.000112347,1.13571e-05,0.99889
0.08,145,0.0996273,0.399988,0.500012,999.597,-0.000112347,-1.13571e-05,0.99889
0.08,146,0.0996547,0.39999,0.600008,999.247,-0.000404738,-2.25267e-05,0.998986
0.08,147,0.0997235,0.399993,0.700074,998.931,-0.00102829,-2.68076e-05,0.99929
0.08,148,0.0999199,0.399998,0.80008,996.964,-0.0010221,-2.06474e-05,0.999762
0.08,149,0.0999966,0.4,0.900035,790.247,-0.000427197,-7.99524e-06,1.00003
0.08,150,0.0999966,0.5,-3.45299e-05,790.247,0.000427197,-7.99524e-06,1.00003
0.08,151,0.0999199,0.500002,0.0999199,996.964,0.0010221,-2.06474e-05,0.999762
0.08,152,0.0997235,0.500007,0.199926,998.931,0.00102829,-2.68076e-05,0.99929
0.08,153,0.0996547,0.50001,0.299992,999.247,0.000404738,-2.25267e-05,0.998986
0.08,154,0.0996273,0.500012,0.399988,999.597,0.000112347,-1.13571e-05,0.99889
0.08,155,0.0996273,0.500012,0.500012,999.597,-0.000112347,1.13571e-05,0.99889
0.08,156,0.0996547,0.50001,0.600008,999.247,-0.000404738,2.25267e-05,0.998986
0.08,157,0.0997235,0.500007,0.700074,998.931,-0.00102829,2.68076e-05,0.99929
0.08,158,0.0999199,0.500002,0.80008,996.964,-0.0010221,2.06474e-05,0.999762
0.08,159,0.0999966,0.5,0.900035,790.247,-0.000427197,7.99524e-06,1.00003
0.08,160,0.0999973,0.600001,-3.3314e-05,790.2,0.000401592,-3.06677e-05,1.00005
0.08,161,0.0999241,0.600001,0.0999241,996.821,0.000952409,-9.64072e-05,0.999879
0.08,162,0.0997365,0.600003,0.19993,998.667,0.000949237,-0.000104769,0.99957
0.08,163,0.0996741,0.600005,0.299995,998.9,0.000352159,-5.45567e-05,0.999353
0.08,164,0.0996547,0.600008,0.39999,999.247,8.8381e-05,-2.1875e-05,0.99927
0.08,165,0.0996547,0.600008,0.50001,999.247,-8.8381e-05,2.1875e-05,0.99927
0.08,166,0.0996741,0.600005,0.600005,998.9,-0.000352159,5.45567e-05,0.999353
0.08,167,0.0997365,0.600003,0.70007,998.667,-0.000949237,0.000104769,0.99957
0.08,168,0.0999241,0.600001,0.800076,996.821,-0.000952409,9.64072e-05,0.999879
0.08,169,0.0999973,0.600001,0.900033,790.2,-0.000401592,3.06677e-05,1.00005
0.08,170,0.0999987,0.700001,-3.07842e-05,790.086,0.000312374,-0.000106372,1.00007
0.08,171,0.0999384,0.700016,0.0999384,996.636,0.000715716,-0.000291446,0.999975
0.08,172,0.0997858,0.700056,0.199944,998.526,0.000707269,-0.000291029,0.999805
0.08,173,0.0997365,0.70007,0.299997,998.667,0.000250304,-0.000107381,0.999678
0.08,174,0.0997235,0.700074,0.399993,998.931,5.73282e-05,-2.6891e-05,0.999627
0.08,175,0.0997235,0.700074,0.500007,998.931,-5.73282e-05,2.6891e-05,0.999627
0.08,176,0.0997365,0.70007,0.600003,998.667,-0.000250304,0.000107381,0.999678
0.08,177,0.0997858,0.700056,0.700056,998.526,-0.000707269,0.000291029,0.999805
0.08,178,0.0999384,0.700016,0.800062,996.636,-0.000715716,0.000291446,0.999975
0.08,179,0.0999987,0.700001,0.900031,790.086,-0.000312374,0.000106372,1.00007
0.08,180,0.100003,0.799997,-2.52172e-05,787.771,0.000160819,-0.000160809,1.00017
0.08,181,0.0999835,0.800017,0.0999835,994.292,0.000306621,-0.000306608,0.999995
0.08,182,0.0999384,0.800062,0.199984,996.636,0.000299891,-0.000299883,0.999695
0.08,183,0.0999241,0.800076,0.299999,996.821,0.000103772,-0.000103772,0.999516
0.08,184,0.0999199,0.80008,0.399998,996.964,2.33672e-05,-2.33697e-05,0.999464
0.08,185,0.0999199,0.80008,0.500002,996.964,-2.33672e-05,2.33697e-05,0.999464
0.08,186,0.0999241,0.800076,0.600001,996.821,-0.000103772,0.000103772,0.999516
0.08,187,0.0999384,0.800062,0.700016,996.636,-0.000299891,0.000299883,0.999695
0.08,188,0.0999835,0.800017,0.800017,994.292,-0.000306621,0.000306608,0.999995
0.08,189,0.100003,0.799997,0.900025,787.771,-0.000160819,0.000160809,1.00017
0.08,190,0.100004,0.900026,-2.62827e-05,622.673,7.16581e-05,1.68034e-06,1.00024
0.08,191,0.100003,0.900025,0.100003,787.771,7.51931e-05,-0.000129105,1.00006
0.08,192,0.0999987,0.900031,0.199999,790.086,7.52244e-05,-0.000134608,0.999797
0.08,193,0.0999973,0.900033,0.299999,790.2,2.71496e-05,-4.77965e-05,0.999646
0.08,194,0.0999966,0.900035,0.4,790.247,6.62776e-06,-1.2172e-05,0.999606
0.08,195,0.0999966,0.900035,0.5,790.247,-6.62776e-06,1.2172e-05,0.999606
0.08,196,0.0999973,0.900033,0.600001,790.2,-2.71496e-05,4.77965e-05,0.999646
0.08,197,0.0999987,0.900031,0.700001,790.086,-7.52244e-05,0.000134608,0.999797
0.08,198,0.100003,0.900025,0.799997,787.771,-7.51931e-05,0.000129105,1.00006
0.08,199,0.100004,0.900026,0.900026,622.673,-7.16581e-05,-1.68034e-06,1.00024
0.08,200,0.2,-2.63817e-05,-2.63805e-05,624.767,2.64123e-05,7.17551e-05,1.00006
0.08,201,0.199999,-3.07824e-05,0.0999987,790.086,7.22863e-05,0.000319314,0.999774
0.08,202,0.199996,-5.38676e-05,0.199996,792.449,7.13868e-05,0.000317796,0.999368
0.08,203,0.199995,-6.06698e-05,0.299998,792.664,2.73114e-05,0.000111386,0.999095
0.08,204,0.199994,-6.42948e-05,0.4,792.76,7.13517e-06,2.82908e-05,0.999021
0.08,205,0.199994,-6.42948e-05,0.5,792.76,-7.13517e-06,-2.82908e-05,0.999021
0.08,206,0.199995,-6.06698e-05,0.600002,792.664,-2.73114e-05,-0.000111386,0.999095
0.08,207,0.199996,-5.38676e-05,0.700004,792.449,-7.13868e-05,-0.000317796,0.999368
0.08,208,0.199999,-3.07824e-05,0.800001,790.086,-7.22863e-05,-0.000319314,0.999774
0.08,209,0.2,-2.63817e-05,0.900026,624.767,-2.64123e-05,-7.17551e-05,1.00006
0.08,210,0.199999,0.0999987,-3.07842e-05,790.086,0.00010638,0.000312354,1.00007
0.08,211,0.199984,0.0999384,0.0999384,996.636,0.000291457,0.000715693,0.999975
0.08,212,0.199944,0.0997858,0.199944,998.526,0.000291036,0.000707255,0.999805
0.08,213,0.19993,0.0997366,0.299997,998.667,0.000107381,0.000250305,0.999678
0.08,214,0.199926,0.0997235,0.399993,998.931,2.68889e-05,5.73324e-05,0.999627
0.08,215,0.199926,0.0997235,0.500007,998.931,-2.68889e-05,-5.73324e-05,0.999627
0.08,216,0.19993,0.0997366,0.600003,998.667,-0.000107381,-0.000250305,0.999678
0.08,217,0.199944,0.0997858,0.700056,998.526,-0.000291036,-0.000707255,0.999805
0.08,218,0.199984,0.0999384,0.800062,996.636,-0.000291457,-0.000715693,0.999975
0.08,219,0.199999,0.0999987,0.900031,790.086,-0.00010638,-0.000312354,1.00007
0.08,220,0.199996,0.199996,-5.38751e-05,792.449,0.000253632,0.000253615,1.00013
0.08,221,0.199944,0.199944,0.0997858,998.526,0.000693825,0.000693804,1.00061
0.08,222,0.19979,0.19979,0.19979,998.711,0.000707981,0.000707968,1.0014
0.08,223,0.199738,0.199738,0.299983,998.3,0.000269472,0.000269473,1.00182
0.08,224,0.199723,0.199723,0.399976,998.722,6.97136e-05,6.97173e-05,1.00189
0.08,225,0.199723,0.199723,0.500024,998.722,-6.97136e-05,-6.97173e-05,1.00189
0.08,226,0.199738,0.199738,0.600017,998.3,-0.000269472,-0.000269473,1.00182
0.08,227,0.19979,0.19979,0.70021,998.711,-0.000707981,-0.000707968,1.0014
0.08,228,0.199944,0.199944,0.800214,998.526,-0.000693825,-0.000693804,1.00061
0.08,229,0.199996,0.199996,0.900054,792.449,-0.000253632,-0.000253615,1.00013
0.08,230,0.199995,0.299998,-6.068e-05,792.664,0.000339932,7.4775e-05,1.00016
0.08,231,0.19993,0.299997,0.0997366,998.667,0.000935232,0.000241768,1.00069
0.08,232,0.199738,0.299983,0.199738,998.3,0.000968414,0.000267652,1.0016
0.08,233,0.199669,0.299974,0.299974,997.798,0.000390296,0.000142083,1.0021
0.08,234,0.199646,0.299961,0.399965,998.308,0.00011007,5.76063e-05,1.00219
0.08,235,0.199646,0.299961,0.500035,998.308,-0.00011007,-5.76063e-05,1.00219
0.08,236,0.199669,0.299974,0.600026,997.798,-0.000390296,-0.000142083,1.0021
0.08,237,0.199738,0.299983,0.700262,998.3,-0.000968414,-0.000267652,1.0016
0.08,238,0.19993,0.299997,0.800263,998.667,-0.000935232,-0.000241768,1.00069
0.08,239,0.199995,0.299998,0.900061,792.664,-0.000339932,-7.4775e-05,1.00016
0.08,240,0.199994,0.4,-6.43049e-05,792.76,0.000366414,1.9623e-05,1.00012
0.08,241,0.199926,0.399993,0.0997235,998.931,0.00101377,5.42599e-05,1.00049
0.08,242,0.199723,0.399976,0.199723,998.722,0.00106275,7.18872e-05,1.00115
0.08,243,0.199646,0.399965,0.299961,998.308,0.00045689,5.94048e-05,1.00153
0.08,244,0.199612,0.399954,0.399954,998.758,0.000141039,2.98365e-05,1.00166
0.08,245,0.199612,0.399954,0.500046,998.758,-0.000141039,-2.98365e-05,1.00166
0.08,246,0.199646,0.399965,0.600039,998.308,-0.00045689,-5.94048e-05,1.00153
0.08,247,0.199723,0.399976,0.700277,998.722,-0.00106275,-7.18872e-05,1.00115
0.08,248,0.199926,0.399993,0.800276,998.931,-0.00101377,-5.42599e-05,1.00049
0.08,249,0.199994,0.4,0.900064,792.76,-0.000366414,-1.9623e-05,1.00012
0.08,250,0.199994,0.5,-6.43049e-05,792.76,0.000366414,-1.9623e-05,1.00012
0.08,251,0.199926,0.500007,0.0997235,998.931,0.00101377,-5.42599e-05,1.00049
0.08,252,0.199723,0.500024,0.199723,998.722,0.00106275,-7.18872e-05,1.00115
0.08,253,0.199646,0.500035,0.299961,998.308,0.00045689,-5.94048e-05,1.00153
0.08,254,0.199612,0.500046,0.399954,998.758,0.000141039,-2.98365e-05,1.00166
0.08,255,0.199612,0.500046,0.500046,998.758,-0.000141039,2.98365e-05,1.00166
0.08,256,0.199646,0.500035,0.600039,998.308,-0.00045689,5.94048e-05,1.00153
0.08,257,0.199723,0.500024,0.700277,998.722,-0.00106275,7.18872e-05,1.00115
0.08,258,0.199926,0.500007,0.800276,998.931,-0.00101377,5.42599e-05,1.00049
0.08,259,0.199994,0.5,0.900064,792.76,-0.000366414,1.9623e-05,1.00012
0.08,260,0.199995,0.600002,-6.068e-05,792.664,0.000339932,-7.4775e-05,1.00016
0.08,261,0.19993,0.600003,0.0997366,998.667,0.000935232,-0.000241768,1.00069
0.08,262,0.199738,0.600017,0.199738,998.3,0.000968414,-0.000267652,1.0016
0.08,263,0.199669,0.600026,0.299974,997.798,0.000390296,-0.000142083,1.0021
0.08,264,0.199646,0.600039,0.399965,998.308,0.00011007,-5.76063e-05,1.00219
0.08,265,0.199646,0.600039,0.500035,998.308,-0.00011007,5.76063e-05,1.00219
0.08,266,0.199669,0.600026,0.600026,997.798,-0.000390296,0.000142083,1.0021
0.08,267,0.199738,0.600017,0.700262,998.3,-0.000968414,0.000267652,1.0016
0.08,268,0.19993,0.600003,0.800263,998.667,-0.000935232,0.000241768,1.00069
0.08,269,0.199995,0.600002,0.900061,792.664,-0.000339932,7.4775e-05,1.00016
0.08,270,0.199996,0.700004,-5.38751e-05,792.449,0.000253632,-0.000253615,1.00013
0.08,271,0.199944,0.700056,0.0997858,998.526,0.000693825,-0.000693804,1.00061
0.08,272,0.19979,0.70021,0.19979,998.711,0.000707981,-0.000707968,1.0014
0.08,273,0.199738,0.700262,0.299983,998.3,0.000269472,-0.000269473,1.00182
0.08,274,0.199723,0.700277,0.399976,998.722,6.97136e-05,-6.97173e-05,1.00189
0.08,275,0.199723,0.700277,0.500024,998.722,-6.97136e-05,6.97173e-05,1.00189
0.08,276,0.199738,0.700262,0.600017,998.3,-0.000269472,0.000269473,1.00182
0.08,277,0.19979,0.70021,0.70021,998.711,-0.000707981,0.000707968,1.0014
0.08,278,0.199944,0.700056,0.800214,998.526,-0.000693825,0.000693804,1.00061
0.08,279,0.199996,0.700004,0.900054,792.449,-0.000253632,0.000253615,1.00013
0.08,280,0.199999,0.800001,-3.07842e-05,790.086,0.00010638,-0.000312354,1.00007
0.08,281,0.199984,0.800062,0.0999384,996.636,0.000291457,-0.000715693,0.999975
0.08,282,0.199944,0.800214,0.199944,998.526,0.000291036,-0.000707255,0.999805
0.08,283,0.19993,0.800263,0.299997,998.667,0.000107381,-0.000250305,0.999678
0.08,284,0.199926,0.800276,0.399993,998.931,2.68889e-05,-5.73324e-05,0.999627
0.08,285,0.199926,0.800276,0.500007,998.931,-2.68889e-05,5.73324e-05,0.999627
0.08,286,0.19993,0.800263,0.600003,998.667,-0.000107381,0.000250305,0.999678
0.08,287,0.199944,0.800214,0.700056,998.526,-0.000291036,0.000707255,0.999805
0.08,288,0.199984,0.800062,0.800062,996.636,-0.000291457,0.000715693,0.999975
0.08,289,0.199999,0.800001,0.900031,790.086,-0.00010638,0.000312354,1.00007
0.08,290,0.2,0.900026,-2.63805e-05,624.767,2.64123e-05,-7.17551e-05,1.00006
0.08,291,0.199999,0.900031,0.0999987,790.086,7.22863e-05,-0.000319314,0.999774
0.08,292,0.199996,0.900054,0.199996,792.449,7.13868e-05,-0.000317796,0.999368
0.08,293,0.199995,0.900061,0.299998,792.664,2.73114e-05,-0.000111386,0.999095
0.08,294,0.199994,0.900064,0.4,792.76,7.13517e-06,-2.82908e-05,0.999021
0.08,295,0.199994,0.900064,0.5,792.76,-7.13517e-06,2.82908e-05,0.999021
0.08,296,0.199995,0.900061,0.600002,792.664,-2.73114e-05,0.000111386,0.999095
0.08,297,0.199996,0.900054,0.700004,792.449,-7.13868e-05,0.000317796,0.999368
0.08,298,0.199999,0.900031,0.800001,790.086,-7.22863e-05,0.000319314,0.999774
0.08,299,0.2,0.900026,0.900026,624.767,-2.64123e-05,7.17551e-05,1.00006
0.08,300,0.3,-2.70391e-05,-2.70374e-05,624.804,9.81089e-06,0.000111741,1.00003
0.08,301,0.299999,-3.33116e-05,0.0999973,790.2,2.45768e-05,0.000426453,0.999651
0.08,302,0.299998,-6.06696e-05,0.199995,792.664,2.64275e-05,0.000424139,0.999073
0.08,303,0.299997,-6.93273e-05,0.299997,792.967,1.44693e-05,0.000155033,0.998691
0.08,304,0.299997,-7.4229e-05,0.4,793.101,5.51859e-06,4.24953e-05,0.99858
0.08,305,0.299997,-7.4229e-05,0.5,793.101,-5.51859e-06,-4.24953e-05,0.99858
0.08,306,0.299997,-6.93273e-05,0.600003,792.967,-1.44693e-05,-0.000155033,0.998691
0.08,307,0.299998,-6.06696e-05,0.700005,792.664,-2.64275e-05,-0.000424139,0.999073
0.08,308,0.299999,-3.33116e-05,0.800003,790.2,-2.45768e-05,-0.000426453,0.999651
0.08,309,0.3,-2.70391e-05,0.900027,624.804,-9.81089e-06,-0.000111741,1.00003
0.08,310,0.299999,0.0999973,-3.3314e-05,790.2,3.06703e-05,0.000401566,1.00005
0.08,311,0.299999,0.0999241,0.0999241,996.821,9.64131e-05,0.000952379,0.999879
0.08,312,0.299997,0.0997366,0.19993,998.667,0.000104773,0.000949218,0.99957
0.08,313,0.299995,0.0996741,0.299995,998.9,5.45568e-05,0.00035216,0.999353
0.08,314,0.299992,0.0996547,0.39999,999.247,2.18741e-05,8.83865e-05,0.99927
0.08,315,0.299992,0.0996547,0.50001,999.247,-2.18741e-05,-8.83865e-05,0.99927
0.08,316,0.299995,0.0996741,0.600005,998.9,-5.45568e-05,-0.00035216,0.999353
0.08,317,0.299997,0.0997366,0.70007,998.667,-0.000104773,-0.000949218,0.99957
0.08,318,0.299999,0.0999241,0.800076,996.821,-9.64131e-05,-0.000952379,0.999879
0.08,319,0.299999,0.0999973,0.900033,790.2,-3.06703e-05,-0.000401566,1.00005
0.08,320,0.299998,0.199995,-6.068e-05,792.664,7.4781e-05,0.000339908,1.00016
0.08,321,0.299997,0.19993,0.0997366,998.667,0.000241779,0.000935204,1.00069
0.08,322,0.299983,0.199738,0.199738,998.3,0.00026766,0.000968396,1.0016
0.08,323,0.299974,0.199669,0.299974,997.798,0.000142083,0.000390296,1.0021
0.08,324,0.299961,0.199646,0.399965,998.308,5.76047e-05,0.000110075,1.00219
0.08,325,0.299961,0.199646,0.500035,998.308,-5.76047e-05,-0.000110075,1.00219
0.08,326,0.299974,0.199669,0.600026,997.798,-0.000142083,-0.000390296,1.0021
0.08,327,0.299983,0.199738,0.700262,998.3,-0.00026766,-0.000968396,1.0016
0.08,328,0.299997,0.19993,0.800263,998.667,-0.000241779,-0.000935204,1.00069
0.08,329,0.299998,0.199995,0.900061,792.664,-7.4781e-05,-0.000339908,1.00016
0.08,330,0.299997,0.299997,-6.93412e-05,792.967,0.000104965,0.000104957,1.00018
0.08,331,0.299995,0.299995,0.0996741,998.9,0.000342717,0.000342702,1.00076
0.08,332,0.299974,0.299974,0.199669,997.798,0.000389033,0.000389022,1.00184
0.08,333,0.299961,0.299961,0.299961,997.15,0.000220404,0.000220404,1.00245
0.08,334,0.299941,0.299941,0.399947,997.731,9.21783e-05,9.21803e-05,1.00259
0.08,335,0.299941,0.299941,0.500053,997.731,-9.21783e-05,-9.21803e-05,1.00259
0.08,336,0.299961,0.299961,0.600039,997.15,-0.000220404,-0.000220404,1.00245
0.08,337,0.299974,0.299974,0.700331,997.798,-0.000389033,-0.000389022,1.00184
0.08,338,0.299995,0.299995,0.800326,998.9,-0.000342717,-0.000342702,1.00076
0.08,339,0.299997,0.299997,0.900069,792.967,-0.000104965,-0.000104957,1.00018
0.08,340,0.299997,0.4,-7.42429e-05,793.101,0.000121567,3.07932e-05,1.00013
0.08,341,0.299992,0.39999,0.0996548,999.247,0.000393875,8.54928e-05,1.00052
0.08,342,0.299961,0.399965,0.199646,998.308,0.000455811,0.00011471,1.00128
0.08,343,0.299941,0.399947,0.299941,997.731,0.000273675,9.55778e-05,1.00179
0.08,344,0.299913,0.39993,0.39993,998.188,0.000117895,4.75518e-05,1.00201
0.08,345,0.299913,0.39993,0.50007,998.188,-0.000117895,-4.75518e-05,1.00201
0.08,346,0.299941,0.399947,0.600059,997.731,-0.000273675,-9.55778e-05,1.00179
0.08,347,0.299961,0.399965,0.700354,998.308,-0.000455811,-0.00011471,1.00128
0.08,348,0.299992,0.39999,0.800345,999.247,-0.000393875,-8.54928e-05,1.00052
0.08,349,0.299997,0.4,0.900074,793.101,-0.000121567,-3.07932e-05,1.00013
0.08,350,0.299997,0.5,-7.42429e-05,793.101,0.000121567,-3.07932e-05,1.00013
0.08,351,0.299992,0.50001,0.0996548,999.247,0.000393875,-8.54928e-05,1.00052
0.08,352,0.299961,0.500035,0.199646,998.308,0.000455811,-0.00011471,1.00128
0.08,353,0.299941,0.500053,0.299941,997.731,0.000273675,-9.55778e-05,1.00179
0.08,354,0.299913,0.50007,0.39993,998.188,0.000117895,-4.75518e-05,1.00201
0.08,355,0.299913,0.50007,0.50007,998.188,-0.000117895,4.75518e-05,1.00201
0.08,356,0.299941,0.500053,0.600059,997.731,-0.000273675,9.55778e-05,1.00179
0.08,357,0.299961,0.500035,0.700354,998.308,-0.000455811,0.00011471,1.00128
0.08,358,0.299992,0.50001,0.800345,999.247,-0.000393875,8.54928e-05,1.00052
0.08,359,0.299997,0.5,0.900074,793.101,-0.000121567,3.07932e-05,1.00013
0.08,360,0.299997,0.600003,-6.93412e-05,792.967,0.000104965,-0.000104957,1.00018
0.08,361,0.299995,0.600005,0.0996741,998.9,0.000342717,-0.000342702,1.00076
0.08,362,0.299974,0.600026,0.199669,997.798,0.000389033,-0.000389022,1.00184
0.08,363,0.299961,0.600039,0.299961,997.15,0.000220404,-0.000220404,1.00245
0.08,364,0.299941,0.600059,0.399947,997.731,9.21783e-05,-9.21803e-05,1.00259
0.08,365,0.299941,0.600059,0.500053,997.731,-9.21783e-05,9.21803e-05,1.00259
0.08,366,0.299961,0.600039,0.600039,997.15,-0.000220404,0.000220404,1.00245
0.08,367,0.299974,0.600026,0.700331,997.798,-0.000389033,0.000389022,1.00184
0.08,368,0.299995,0.600005,0.800326,998.9,-0.000342717,0.000342702,1.00076
0.08,369,0.299997,0.600003,0.900069,792.967,-0.000104965,0.000104957,1.00018
0.08,370,0.299998,0.700005,-6.068e-05,792.664,7.4781e-05,-0.000339908,1.00016
0.08,371,0.299997,0.70007,0.0997366,998.667,0.000241779,-0.000935204,1.00069
0.08,372,0.299983,0.700262,0.199738,998.3,0.00026766,-0.000968396,1.0016
0.08,373,0.299974,0.700331,0.299974,997.798,0.000142083,-0.000390296,1.0021
0.08,374,0.299961,0.700354,0.399965,998.308,5.76047e-05,-0.000110075,1.00219
0.08,375,0.299961,0.700354,0.500035,998.308,-5.76047e-05,0.000110075,1.00219
0.08,376,0.299974,0.700331,0.600026,997.798,-0.000142083,0.000390296,1.0021
0.08,377,0.299983,0.700262,0.700262,998.3,-0.00026766,0.000968396,1.0016
0.08,378,0.299997,0.70007,0.800263,998.667,-0.000241779,0.000935204,1.00069
0.08,379,0.299998,0.700005,0.900061,792.664,-7.4781e-05,0.000339908,1.00016
0.08,380,0.299999,0.800003,-3.3314e-05,790.2,3.06703e-05,-0.000401566,1.00005
0.08,381,0.299999,0.800076,0.0999241,996.821,9.64131e-05,-0.000952379,0.999879
0.08,382,0.299997,0.800263,0.19993,998.667,0.000104773,-0.000949218,0.99957
0.08,383,0.299995,0.800326,0.299995,998.9,5.45568e-05,-0.00035216,0.999353
0.08,384,0.299992,0.800345,0.39999,999.247,2.18741e-05,-8.83865e-05,0.99927
0.08,385,0.299992,0.800345,0.50001,999.247,-2.18741e-05,8.83865e-05,0.99927
0.08,386,0.299995,0.800326,0.600005,998.9,-5.45568e-05,0.00035216,0.999353
0.08,387,0.299997,0.800263,0.70007,998.667,-0.000104773,0.000949218,0.99957
0.08,388,0.299999,0.800076,0.800076,996.821,-9.64131e-05,0.000952379,0.999879
0.08,389,0.299999,0.800003,0.900033,790.2,-3.06703e-05,0.000401566,1.00005
0.08,390,0.3,0.900027,-2.70374e-05,624.804,9.81089e-06,-0.000111741,1.00003
0.08,391,0.299999,0.900033,0.0999973,790.2,2.45768e-05,-0.000426453,0.999651
0.08,392,0.299998,0.900061,0.199995,792.664,2.64275e-05,-0.000424139,0.999073
0.08,393,0.299997,0.900069,0.299997,792.967,1.44693e-05,-0.000155033,0.998691
0.08,394,0.299997,0.900074,0.4,793.101,5.51859e-06,-4.24953e-05,0.99858
0.08,395,0.299997,0.900074,0.5,793.101,-5.51859e-06,4.24953e-05,0.99858
0.08,396,0.299997,0.900069,0.600003,792.967,-1.44693e-05,0.000155033,0.998691
0.08,397,0.299998,0.900061,0.700005,792.664,-2.64275e-05,0.000424139,0.999073
0.08,398,0.299999,0.900033,0.800003,790.2,-2.45768e-05,0.000426453,0.999651
0.08,399,0.3,0.900027,0.900027,624.804,-9.81089e-06,0.000111741,1.00003
0.08,400,0.4,-2.72795e-05,-2.72777e-05,624.817,2.62164e-06,0.00012497,1.00002
0.08,401,0.4,-3.45273e-05,0.0999966,790.247,5.54728e-06,0.000459091,0.999598
0.08,402,0.4,-6.42937e-05,0.199994,792.76,6.79634e-06,0.000459818,0.998948
0.08,403,0.4,-7.42278e-05,0.299997,793.101,5.62813e-06,0.000178145,0.998516
0.08,404,0.399999,-8.02968e-05,0.399999,793.249,2.68026e-06,5.30765e-05,0.998386
0.08,405,0.399999,-8.02968e-05,0.500001,793.249,-2.68026e-06,-5.30765e-05,0.998386
0.08,406,0.4,-7.42278e-05,0.600003,793.101,-5.62813e-06,-0.000178145,0.998516
0.08,407,0.4,-6.42937e-05,0.700006,792.76,-6.79634e-06,-0.000459818,0.998948
0.08,408,0.4,-3.45273e-05,0.800003,790.247,-5.54728e-06,-0.000459091,0.999598
0.08,409,0.4,-2.72795e-05,0.900027,624.817,-2.62164e-06,-0.00012497,1.00002
0.08,410,0.4,0.0999966,-3.45299e-05,790.247,7.99562e-06,0.000427169,1.00003
0.08,411,0.399998,0.0999199,0.0999199,996.964,2.06489e-05,0.00102207,0.999762
0.08,412,0.399993,0.0997235,0.199926,998.931,2.68088e-05,0.00102826,0.99929
0.08,413,0.39999,0.0996547,0.299992,999.247,2.25268e-05,0.00040474,0.998986
0.08,414,0.399988,0.0996273,0.399988,999.597,1.13569e-05,0.000112353,0.99889
0.08,415,0.399988,0.0996273,0.500012,999.597,-1.13569e-05,-0.000112353,0.99889
0.08,416,0.39999,0.0996547,0.600008,999.247,-2.25268e-05,-0.00040474,0.998986
0.08,417,0.399993,0.0997235,0.700074,998.931,-2.68088e-05,-0.00102826,0.99929
0.08,418,0.399998,0.0999199,0.80008,996.964,-2.06489e-05,-0.00102207,0.999762
0.08,419,0.4,0.0999966,0.900035,790.247,-7.99562e-06,-0.000427169,1.00003
0.08,420,0.4,0.199994,-6.43049e-05,792.76,1.96239e-05,0.000366388,1.00012
0.08,421,0.399993,0.199926,0.0997235,998.931,5.42627e-05,0.00101374,1.00049
0.08,422,0.399976,0.199723,0.199723,998.722,7.18894e-05,0.00106273,1.00115
0.08,423,0.399965,0.199646,0.299961,998.308,5.94051e-05,0.00045689,1.00153
0.08,424,0.399954,0.199612,0.399954,998.758,2.98362e-05,0.000141044,1.00166
0.08,425,0.399954,0.199612,0.500046,998.758,-2.98362e-05,-0.000141044,1.00166
0.08,426,0.399965,0.199646,0.600039,998.308,-5.94051e-05,-0.00045689,1.00153
0.08,427,0.399976,0.199723,0.700277,998.722,-7.18894e-05,-0.00106273,1.00115
0.08,428,0.399993,0.199926,0.800276,998.931,-5.42627e-05,-0.00101374,1.00049
0.08,429,0.4,0.199994,0.900064,792.76,-1.96239e-05,-0.000366388,1.00012
0.08,430,0.4,0.299997,-7.42429e-05,793.101,3.07946e-05,0.000121558,1.00013
0.08,431,0.39999,0.299992,0.0996548,999.247,8.54966e-05,0.000393859,1.00052
0.08,432,0.399965,0.299961,0.199646,998.308,0.000114713,0.000455799,1.00128
0.08,433,0.399947,0.299941,0.299941,997.731,9.55784e-05,0.000273674,1.00179
0.08,434,0.39993,0.299913,0.39993,998.188,4.75515e-05,0.000117897,1.00201
0.08,435,0.39993,0.299913,0.50007,998.188,-4.75515e-05,-0.000117897,1.00201
0.08,436,0.399947,0.299941,0.600059,997.731,-9.55784e-05,-0.000273674,1.00179
0.08,437,0.399965,0.299961,0.700354,998.308,-0.000114713,-0.000455799,1.00128
0.08,438,0.39999,0.299992,0.800345,999.247,-8.54966e-05,-0.000393859,1.00052
0.08,439,0.4,0.299997,0.900074,793.101,-3.07946e-05,-0.000121558,1.00013
0.08,440,0.399999,0.399999,-8.03119e-05,793.249,3.9149e-05,3.91473e-05,1.00008
0.08,441,0.399988,0.399988,0.0996273,999.597,0.000108957,0.000108952,1.0003
0.08,442,0.399954,0.399954,0.199612,998.758,0.000146512,0.000146509,1.00079
0.08,443,0.39993,0.39993,0.299913,998.188,0.000121655,0.000121654,1.00124
0.08,444,0.399909,0.399909,0.399909,998.457,5.98351e-05,5.98354e-05,1.00157
0.08,445,0.399909,0.399909,0.500091,998.457,-5.98351e-05,-5.98354e-05,1.00157
0.08,446,0.39993,0.39993,0.600087,998.188,-0.000121655,-0.000121654,1.00124
0.08,447,0.399954,0.399954,0.700388,998.758,-0.000146512,-0.000146509,1.00079
0.08,448,0.399988,0.399988,0.800373,999.597,-0.000108957,-0.000108952,1.0003
0.08,449,0.399999,0.399999,0.90008,793.249,-3.9149e-05,-3.91473e-05,1.00008
0.08,450,0.399999,0.500001,-8.03119e-05,793.249,3.9149e-05,-3.91473e-05,1.00008
0.08,451,0.399988,0.500012,0.0996273,999.597,0.000108957,-0.000108952,1.0003
0.08,452,0.399954,0.500046,0.199612,998.758,0.000146512,-0.000146509,1.00079
0.08,453,0.39993,0.50007,0.299913,998.188,0.000121655,-0.000121654,1.00124
0.08,454,0.399909,0.500091,0.399909,998.457,5.98351e-05,-5.98354e-05,1.00157
0.08,455,0.399909,0.500091,0.500091,998.457,-5.98351e-05,5.98354e-05,1.00157
0.08,456,0.39993,0.50007,0.600087,998.188,-0.000121655,0.000121654,1.00124
0.08,457,0.399954,0.500046,0.700388,998.758,-0.000146512,0.000146509,1.00079
0.08,458,0.399988,0.500012,0.800373,999.597,-0.000108957,0.000108952,1.0003
0.08,459,0.399999,0.500001,0.90008,793.249,-3.9149e-05,3.91473e-05,1.00008
0.08,460,0.4,0.600003,-7.42429e-05,793.101,3.07946e-05,-0.000121558,1.00013
0.08,461,0.39999,0.600008,0.0996548,999.247,8.54966e-05,-0.000393859,1.00052
0.08,462,0.399965,0.600039,0.199646,998.308,0.000114713,-0.000455799,1.00128
0.08,463,0.399947,0.600059,0.299941,997.731,9.55784e-05,-0.000273674,1.00179
0.08,464,0.39993,0.600087,0.39993,998.188,4.75515e-05,-0.000117897,1.00201
0.08,465,0.39993,0.600087,0.50007,998.188,-4.75515e-05,0.000117897,1.00201
0.08,466,0.399947,0.600059,0.600059,997.731,-9.55784e-05,0.000273674,1.00179
0.08,467,0.399965,0.600039,0.700354,998.308,-0.000114713,0.000455799,1.00128
0.08,468,0.39999,0.600008,0.800345,999.247,-8.54966e-05,0.000393859,1.00052
0.08,469,0.4,0.600003,0.900074,793.101,-3.07946e-05,0.000121558,1.00013
0.08,470,0.4,0.700006,-6.43049e-05,792.76,1.96239e-05,-0.000366388,1.00012
0.08,471,0.399993,0.700074,0.0997235,998.931,5.42627e-05,-0.00101374,1.00049
0.08,472,0.399976,0.700277,0.199723,998.722,7.18894e-05,-0.00106273,1.00115
0.08,473,0.399965,0.700354,0.299961,998.308,5.94051e-05,-0.00045689,1.00153
0.08,474,0.399954,0.700388,0.399954,998.758,2.98362e-05,-0.000141044,1.00166
0.08,475,0.399954,0.700388,0.500046,998.758,-2.98362e-05,0.000141044,1.00166
0.08,476,0.399965,0.700354,0.600039,998.308,-5.94051e-05,0.00045689,1.00153
0.08,477,0.399976,0.700277,0.700277,998.722,-7.18894e-05,0.00106273,1.00115
0.08,478,0.399993,0.700074,0.800276,998.931,-5.42627e-05,0.00101374,1.00049
0.08,479,0.4,0.700006,0.900064,792.76,-1.96239e-05,0.000366388,1.00012
0.08,480,0.4,0.800003,-3.45299e-05,790.247,7.99562e-06,-0.000427169,1.00003
0.08,481,0.399998,0.80008,0.0999199,996.964,2.06489e-05,-0.00102207,0.999762
0.08,482,0.399993,0.800276,0.199926,998.931,2.68088e-05,-0.00102826,0.99929
0.08,483,0.39999,0.800345,0.299992,999.247,2.25268e-05,-0.00040474,0.998986
0.08,484,0.399988,0.800373,0.399988,999.597,1.13569e-05,-0.000112353,0.99889
0.08,485,0.399988,0.800373,0.500012,999.597,-1.13569e-05,0.000112353,0.99889
0.08,486,0.39999,0.800345,0.600008,999.247,-2.25268e-05,0.00040474,0.998986
0.08,487,0.399993,0.800276,0.700074,998.931,-2.68088e-05,0.00102826,0.99929
0.08,488,0.399998,0.80008,0.80008,996.964,-2.06489e-05,0.00102207,0.999762
0.08,489,0.4,0.800003,0.900035,790.247,-7.99562e-06,0.000427169,1.00003
0.08,490,0.4,0.900027,-2.72777e-05,624.817,2.62164e-06,-0.00012497,1.00002
0.08,491,0.4,0.900035,0.0999966,790.247,5.54728e-06,-0.000459091,0.999598
0.08,492,0.4,0.900064,0.199994,792.76,6.79634e-06,-0.000459818,0.998948
0.08,493,0.4,0.900074,0.299997,793.101,5.62813e-06,-0.000178145,0.998516
0.08,494,0.399999,0.90008,0.399999,793.249,2.68026e-06,-5.30765e-05,0.998386
0.08,495,0.399999,0.90008,0.500001,793.249,-2.68026e-06,5.30765e-05,0.998386
0.08,496,0.4,0.900074,0.600003,793.101,-5.62813e-06,0.000178145,0.998516
0.08,497,0.4,0.900064,0.700006,792.76,-6.79634e-06,0.000459818,0.998948
0.08,498,0.4,0.900035,0.800003,790.247,-5.54728e-06,0.000459091,0.999598
0.08,499,0.4,0.900027,0.900027,624.817,-2.62164e-06,0.00012497,1.00002
0.08,500,0.5,-2.72795e-05,-2.72777e-05,624.817,-2.62164e-06,0.00012497,1.00002
0.08,501,0.5,-3.45273e-05,0.0999966,790.247,-5.54728e-06,0.000459091,0.999598
0.08,502,0.5,-6.42937e-05,0.199994,792.76,-6.79634e-06,0.000459818,0.998948
0.08,503,0.5,-7.42278e-05,0.299997,793.101,-5.62813e-06,0.000178145,0.998516
0.08,504,0.500001,-8.02968e-05,0.399999,793.249,-2.68026e-06,5.30765e-05,0.998386
0.08,505,0.500001,-8.02968e-05,0.500001,793.249,2.68026e-06,-5.30765e-05,0.998386
0.08,506,0.5,-7.42278e-05,0.600003,793.101,5.62813e-06,-0.000178145,0.998516
0.08,507,0.5,-6.42937e-05,0.700006,792.76,6.79634e-06,-0.000459818,0.998948
0.08,508,0.5,-3.45273e-05,0.800003,790.247,5.54728e-06,-0.000459091,0.999598
0.08,509,0.5,-2.72795e-05,0.900027,624.817,2.62164e-06,-0.00012497,1.00002
0.08,510,0.5,0.0999966,-3.45299e-05,790.247,-7.99562e-06,0.000427169,1.00003
0.08,511,0.500002,0.0999199,0.0999199,996.964,-2.06489e-05,0.00102207,0.999762
0.08,512,0.500007,0.0997235,0.199926,998.931,-2.68088e-05,0.00102826,0.99929
0.08,513,0.50001,0.0996547,0.299992,999.247,-2.25268e-05,0.00040474,0.998986
0.08,514,0.500012,0.0996273,0.399988,999.597,-1.13569e-05,0.000112353,0.99889
0.08,515,0.500012,0.0996273,0.500012,999.597,1.13569e-05,-0.000112353,0.99889
0.08,516,0.50001,0.0996547,0.600008,999.247,2.25268e-05,-0.00040474,0.998986
0.08,517,0.500007,0.0997235,0.700074,998.931,2.68088e-05,-0.00102826,0.99929
0.08,518,0.500002,0.0999199,0.80008,996.964,2.06489e-05,-0.00102207,0.999762
0.08,519,0.5,0.0999966,0.900035,790.247,7.99562e-06,-0.000427169,1.00003
0.08,520,0.5,0.199994,-6.43049e-05,792.76,-1.96239e-05,0.000366388,1.00012
0.08,521,0.500007,0.199926,0.0997235,998.931,-5.42627e-05,0.00101374,1.00049
0.08,522,0.500024,0.199723,0.199723,998.722,-7.18894e-05,0.00106273,1.00115
0.08,523,0.500035,0.199646,0.299961,998.308,-5.94051e-05,0.00045689,1.00153
0.08,524,0.500046,0.199612,0.399954,998.758,-2.98362e-05,0.000141044,1.00166
0.08,525,0.500046,0.199612,0.500046,998.758,2.98362e-05,-0.000141044,1.00166
0.08,526,0.500035,0.199646,0.600039,998.308,5.94051e-05,-0.00045689,1.00153
0.08,527,0.500024,0.199723,0.700277,998.722,7.18894e-05,-0.00106273,1.00115
0.08,528,0.500007,0.199926,0.800276,998.931,5.42627e-05,-0.00101374,1.00049
0.08,529,0.5,0.199994,0.900064,792.76,1.96239e-05,-0.000366388,1.00012
0.08,530,0.5,0.299997,-7.42429e-05,793.101,-3.07946e-05,0.000121558,1.00013
0.08,531,0.50001,0.299992,0.0996548,999.247,-8.54966e-05,0.000393859,1.00052
0.08,532,0.500035,0.299961,0.199646,998.308,-0.000114713,0.000455799,1.00128
0.08,533,0.500053,0.299941,0.299941,997.731,-9.55784e-05,0.000273674,1.00179
0.08,534,0.50007,0.299913,0.39993,998.188,-4.75515e-05,0.000117897,1.00201
0.08,535,0.50007,0.299913,0.50007,998.188,4.75515e-05,-0.000117897,1.00201
0.08,536,0.500053,0.299941,0.600059,997.731,9.55784e-05,-0.000273674,1.00179
0.08,537,0.500035,0.299961,0.700354,998.308,0.000114713,-0.000455799,1.00128
0.08,538,0.50001,0.299992,0.800345,999.247,8.54966e-05,-0.000393859,1.00052
0.08,539,0.5,0.299997,0.900074,793.101,3.07946e-05,-0.000121558,1.00013
0.08,540,0.500001,0.399999,-8.03119e-05,793.249,-3.9149e-05,3.91473e-05,1.00008
0.08,541,0.500012,0.399988,0.0996273,999.597,-0.000108957,0.000108952,1.0003
0.08,542,0.500046,0.399954,0.199612,998.758,-0.000146512,0.000146509,1.00079
0.08,543,0.50007,0.39993,0.299913,998.188,-0.000121655,0.000121654,1.00124
0.08,544,0.500091,0.399909,0.399909,998.457,-5.98351e-05,5.98354e-05,1.00157
0.08,545,0.500091,0.399909,0.500091,998.457,5.98351e-05,-5.98354e-05,1.00157
0.08,546,0.50007,0.39993,0.600087,998.188,0.000121655,-0.000121654,1.00124
0.08,547,0.500046,0.399954,0.700388,998.758,0.000146512,-0.000146509,1.00079
0.08,548,0.500012,0.399988,0.800373,999.597,0.000108957,-0.000108952,1.0003
0.08,549,0.500001,0.399999,0.90008,793.249,3.9149e-05,-3.91473e-05,1.00008
0.08,550,0.500001,0.500001,-8.03119e-05,793.249,-3.9149e-05,-3.91473e-05,1.00008
0.08,551,0.500012,0.500012,0.0996273,999.597,-0.000108957,-0.000108952,1.0003
0.08,552,0.500046,0.500046,0.199612,998.758,-0.000146512,-0.000146509,1.00079
0.08,553,0.50007,0.50007,0.299913,998.188,-0.000121655,-0.000121654,1.00124
0.08,554,0.500091,0.500091,0.399909,998.457,-5.98351e-05,-5.98354e-05,1.00157
0.08,555,0.500091,0.500091,0.500091,998.457,5.98351e-05,5.98354e-05,1.00157
0.08,556,0.50007,0.50007,0.600087,998.188,0.000121655,0.000121654,1.00124
0.08,557,0.500046,0.500046,0.700388,998.758,0.000146512,0.000146509,1.00079
0.08,558,0.500012,0.500012,0.800373,999.597,0.000108957,0.000108952,1.0003
0.08,559,0.500001,0.500001,0.90008,793.249,3.9149e-05,3.91473e-05,1.00008
0.08,560,0.5,0.600003,-7.42429e-05,793.101,-3.07946e-05,-0.000121558,1.00013
0.08,561,0.50001,0.600008,0.0996548,999.247,-8.54966e-05,-0.000393859,1.00052
0.08,562,0.500035,0.600039,0.199646,998.308,-0.000114713,-0.000455799,1.00128
0.08,563,0.500053,0.600059,0.299941,997.731,-9.55784e-05,-0.000273674,1.00179
0.08,564,0.50007,0.600087,0.39993,998.188,-4.75515e-05,-0.000117897,1.00201
0.08,565,0.50007,0.600087,0.50007,998.188,4.75515e-05,0.000117897,1.00201
0.08,566,0.500053,0.600059,0.600059,997.731,9.55784e-05,0.000273674,1.00179
0.08,567,0.500035,0.600039,0.700354,998.308,0.000114713,0.000455799,1.00128
0.08,568,0.50001,0.600008,0.800345,999.247,8.54966e-05,0.000393859,1.00052
0.08,569,0.5,0.600003,0.900074,793.101,3.07946e-05,0.000121558,1.00013
0.08,570,0.5,0.700006,-6.43049e-05,792.76,-1.96239e-05,-0.000366388,1.00012
0.08,571,0.500007,0.700074,0.0997235,998.931,-5.42627e-05,-0.00101374,1.00049
0.08,572,0.500024,0.700277,0.199723,998.722,-7.18894e-05,-0.00106273,1.00115
0.08,573,0.500035,0.700354,0.299961,998.308,-5.94051e-05,-0.00045689,1.00153
0.08,574,0.500046,0.700388,0.399954,998.758,-2.98362e-05,-0.000141044,1.00166
0.08,575,0.500046,0.700388,0.500046,998.758,2.98362e-05,0.000141044,1.00166
0.08,576,0.500035,0.700354,0.600039,998.308,5.94051e-05,0.00045689,1.00153
0.08,577,0.500024,0.700277,0.700277,998.722,7.18894e-05,0.00106273,1.00115
0.08,578,0.500007,0.700074,0.800276,998.931,5.42627e-05,0.00101374,1.00049
0.08,579,0.5,0.700006,0.900064,792.76,1.96239e-05,0.000366388,1.00012
0.08,580,0.5,0.800003,-3.45299e-05,790.247,-7.99562e-06,-0.000427169,1.00003
0.08,581,0.500002,0.80008,0.0999199,996.964,-2.06489e-05,-0.00102207,0.999762
0.08,582,0.500007,0.800276,0.199926,998.931,-2.68088e-05,-0.00102826,0.99929
0.08,583,0.50001,0.800345,0.299992,999.247,-2.25268e-05,-0.00040474,0.998986
0.08,584,0.500012,0.800373,0.399988,999.597,-1.13569e-05,-0.000112353,0.99889
0.08,585,0.500012,0.800373,0.500012,999.597,1.13569e-05,0.000112353,0.99889
0.08,586,0.50001,0.800345,0.600008,999.247,2.25268e-05,0.00040474,0.998986
0.08,587,0.500007,0.800276,0.700074,998.931,2.68088e-05,0.00102826,0.99929
0.08,588,0.500002,0.80008,0.80008,996.964,2.06489e-05,0.00102207,0.999762
0.08,589,0.5,0.800003,0.900035,790.247,7.99562e-06,0.000427169,1.00003
0.08,590,0.5,0.900027,-2.72777e-05,624.817,-2.62164e-06,-0.00012497,1.00002
0.08,591,0.5,0.900035,0.0999966,790.247,-5.54728e-06,-0.000459091,0.999598
0.08,592,0.5,0.900064,0.199994,792.76,-6.79634e-06,-0.000459818,0.998948
0.08,593,0.5,0.900074,0.299997,793.101,-5.62813e-06,-0.000178145,0.998516
0.08,594,0.500001,0.90008,0.399999,793.249,-2.68026e-06,-5.30765e-05,0.998386
0.08,595,0.500001,0.90008,0.500001,793.249,2.68026e-06,5.30765e-05,0.998386
0.08,596,0.5,0.900074,0.600003,793.101,5.62813e-06,0.000178145,0.998516
0.08,597,0.5,0.900064,0.700006,792.76,6.79634e-06,0.000459818,0.998948
0.08,598,0.5,0.900035,0.800003,790.247,5.54728e-06,0.000459091,0.999598
0.08,599,0.5,0.900027,0.900027,624.817,2.62164e-06,0.00012497,1.00002
0.08,600,0.6,-2.70391e-05,-2.70374e-05,624.804,-9.81089e-06,0.000111741,1.00003
0.08,601,0.600001,-3.33116e-05,0.0999973,790.2,-2.45768e-05,0.000426453,0.999651
0.08,602,0.600002,-6.06696e-05,0.199995,792.664,-2.64275e-05,0.000424139,0.999073
0.08,603,0.600003,-6.93273e-05,0.299997,792.967,-1.44693e-05,0.000155033,0.998691
0.08,604,0.600003,-7.4229e-05,0.4,793.101,-5.51859e-06,4.24953e-05,0.99858
0.08,605,0.600003,-7.4229e-05,0.5,793.101,5.51859e-06,-4.24953e-05,0.99858
0.08,606,0.600003,-6.93273e-05,0.600003,792.967,1.44693e-05,-0.000155033,0.998691
0.08,607,0.600002,-6.06696e-05,0.700005,792.664,2.64275e-05,-0.000424139,0.999073
0.08,608,0.600001,-3.33116e-05,0.800003,790.2,2.45768e-05,-0.000426453,0.999651
0.08,609,0.6,-2.70391e-05,0.900027,624.804,9.81089e-06,-0.000111741,1.00003
0.08,610,0.600001,0.0999973,-3.3314e-05,790.2,-3.06703e-05,0.000401566,1.00005
0.08,611,0.600001,0.0999241,0.0999241,996.821,-9.64131e-05,0.000952379,0.999879
0.08,612,0.600003,0.0997366,0.19993,998.667,-0.000104773,0.000949218,0.99957
0.08,613,0.600005,0.0996741,0.299995,998.9,-5.45568e-05,0.00035216,0.999353
0.08,614,0.600008,0.0996547,0.39999,999.247,-2.18741e-05,8.83865e-05,0.99927
0.08,615,0.600008,0.0996547,0.50001,999.247,2.18741e-05,-8.83865e-05,0.99927
0.08,616,0.600005,0.0996741,0.600005,998.9,5.45568e-05,-0.00035216,0.999353
0.08,617,0.600003,0.0997366,0.70007,998.667,0.000104773,-0.000949218,0.99957
0.08,618,0.600001,0.0999241,0.800076,996.821,9.64131e-05,-0.000952379,0.999879
0.08,619,0.600001,0.0999973,0.900033,790.2,3.06703e-05,-0.000401566,1.00005
0.08,620,0.600002,0.199995,-6.068e-05,792.664,-7.4781e-05,0.000339908,1.00016
0.08,621,0.600003,0.19993,0.0997366,998.667,-0.000241779,0.000935204,1.00069
0.08,622,0.600017,0.199738,0.199738,998.3,-0.00026766,0.000968396,1.0016
0.08,623,0.600026,0.199669,0.299974,997.798,-0.000142083,0.000390296,1.0021
0.08,624,0.600039,0.199646,0.399965,998.308,-5.76047e-05,0.000110075,1.00219
0.08,625,0.600039,0.199646,0.500035,998.308,5.76047e-05,-0.000110075,1.00219
0.08,626,0.600026,0.199669,0.600026,997.798,0.000142083,-0.000390296,1.0021
0.08,627,0.600017,0.199738,0.700262,998.3,0.00026766,-0.000968396,1.0016
0.08,628,0.600003,0.19993,0.800263,998.667,0.000241779,-0.000935204,1.00069
0.08,629,0.600002,0.199995,0.900061,792.664,7.4781e-05,-0.000339908,1.00016
0.08,630,0.600003,0.299997,-6.93412e-05,792.967,-0.000104965,0.000104957,1.00018
0.08,631,0.600005,0.299995,0.0996741,998.9,-0.000342717,0.000342702,1.00076
0.08,632,0.600026,0.299974,0.199669,997.798,-0.000389033,0.000389022,1.00184
0.08,633,0.600039,0.299961,0.299961,997.15,-0.000220404,0.000220404,1.00245
0.08,634,0.600059,0.299941,0.399947,997.731,-9.21783e-05,9.21803e-05,1.00259
0.08,635,0.600059,0.299941,0.500053,997.731,9.21783e-05,-9.21803e-05,1.00259
0.08,636,0.600039,0.299961,0.600039,997.15,0.000220404,-0.000220404,1.00245
0.08,637,0.600026,0.299974,0.700331,997.798,0.000389033,-0.000389022,1.00184
0.08,638,0.600005,0.299995,0.800326,998.9,0.000342717,-0.000342702,1.00076
0.08,639,0.600003,0.299997,0.900069,792.967,0.000104965,-0.000104957,1.00018
0.08,640,0.600003,0.4,-7.42429e-05,793.101,-0.000121567,3.07932e-05,1.00013
0.08,641,0.600008,0.39999,0.0996548,999.247,-0.000393875,8.54928e-05,1.00052
0.08,642,0.600039,0.399965,0.199646,998.308,-0.000455811,0.00011471,1.00128
0.08,643,0.600059,0.399947,0.299941,997.731,-0.000273675,9.55778e-05,1.00179
0.08,644,0.600087,0.39993,0.39993,998.188,-0.000117895,4.75518e-05,1.00201
0.08,645,0.600087,0.39993,0.50007,998.188,0.000117895,-4.75518e-05,1.00201
0.08,646,0.600059,0.399947,0.600059,997.731,0.000273675,-9.55778e-05,1.00179
0.08,647,0.600039,0.399965,0.700354,998.308,0.000455811,-0.00011471,1.00128
0.08,648,0.600008,0.39999,0.800345,999.247,0.000393875,-8.54928e-05,1.00052
0.08,649,0.600003,0.4,0.900074,793.101,0.000121567,-3.07932e-05,1.00013
0.08,650,0.600003,0.5,-7.42429e-05,793.101,-0.000121567,-3.07932e-05,1.00013
0.08,651,0.600008,0.50001,0.0996548,999.247,-0.000393875,-8.54928e-05,1.00052
0.08,652,0.600039,0.500035,0.199646,998.308,-0.000455811,-0.00011471,1.00128
0.08,653,0.600059,0.500053,0.299941,997.731,-0.000273675,-9.55778e-05,1.00179
0.08,654,0.600087,0.50007,0.39993,998.188,-0.000117895,-4.75518e-05,1.00201
0.08,655,0.600087,0.50007,0.50007,998.188,0.000117895,4.75518e-05,1.00201
0.08,656,0.600059,0.500053,0.600059,997.731,0.000273675,9.55778e-05,1.00179
0.08,657,0.600039,0.500035,0.700354,998.308,0.000455811,0.00011471,1.00128
0.08,658,0.600008,0.50001,0.800345,999.247,0.000393875,8.54928e-05,1.00052
0.08,659,0.600003,0.5,0.900074,793.101,0.000121567,3.07932e-05,1.00013
0.08,660,0.600003,0.600003,-6.93412e-05,792.967,-0.000104965,-0.000104957,1.00018
0.08,661,0.600005,0.600005,0.0996741,998.9,-0.000342717,-0.000342702,1.00076
0.08,662,0.600026,0.600026,0.199669,997.798,-0.000389033,-0.000389022,1.00184
0.08,663,0.600039,0.600039,0.299961,997.15,-0.000220404,-0.000220404,1.00245
0.08,664,0.600059,0.600059,0.399947,997.731,-9.21783e-05,-9.21803e-05,1.00259
0.08,665,0.600059,0.600059,0.500053,997.731,9.21783e-05,9.21803e-05,1.00259
0.08,666,0.600039,0.600039,0.600039,997.15,0.000220404,0.000220404,1.00245
0.08,667,0.600026,0.600026,0.700331,997.798,0.000389033,0.000389022,1.00184
0.08,668,0.600005,0.600005,0.800326,998.9,0.000342717,0.000342702,1.00076
0.08,669,0.600003,0.600003,0.900069,792.967,0.000104965,0.000104957,1.00018
0.08,670,0.600002,0.700005,-6.068e-05,792.664,-7.4781e-05,-0.000339908,1.00016
0.08,671,0.600003,0.70007,0.0997366,998.667,-0.000241779,-0.000935204,1.00069
0.08,672,0.600017,0.700262,0.199738,998.3,-0.00026766,-0.000968396,1.0016
0.08,673,0.600026,0.700331,0.299974,997.798,-0.000142083,-0.000390296,1.0021
0.08,674,0.600039,0.700354,0.399965,998.308,-5.76047e-05,-0.000110075,1.00219
0.08,675,0.600039,0.700354,0.500035,998.308,5.76047e-05,0.000110075,1.00219
0.08,676,0.600026,0.700331,0.600026,997.798,0.000142083,0.000390296,1.0021
0.08,677,0.600017,0.700262,0.700262,998.3,0.00026766,0.000968396,1.0016
0.08,678,0.600003,0.70007,0.800263,998.667,0.000241779,0.000935204,1.00069
0.08,679,0.600002,0.700005,0.900061,792.664,7.4781e-05,0.000339908,1.00016
0.08,680,0.600001,0.800003,-3.3314e-05,790.2,-3.06703e-05,-0.000401566,1.00005
0.08,681,0.600001,0.800076,0.0999241,996.821,-9.64131e-05,-0.000952379,0.999879
0.08,682,0.600003,0.800263,0.19993,998.667,-0.000104773,-0.000949218,0.99957
0.08,683,0.600005,0.800326,0.299995,998.9,-5.45568e-05,-0.00035216,0.999353
0.08,684,0.600008,0.800345,0.39999,999.247,-2.18741e-05,-8.83865e-05,0.99927
0.08,685,0.600008,0.800345,0.50001,999.247,2.18741e-05,8.83865e-05,0.99927
0.08,686,0.600005,0.800326,0.600005,998.9,5.45568e-05,0.00035216,0.999353
0.08,687,0.600003,0.800263,0.70007,998.667,0.000104773,0.000949218,0.99957
0.08,688,0.600001,0.800076,0.800076,996.821,9.64131e-05,0.000952379,0.999879
0.08,689,0.600001,0.800003,0.900033,790.2,3.06703e-05,0.000401566,1.00005
0.08,690,0.6,0.900027,-2.70374e-05,624.804,-9.81089e-06,-0.000111741,1.00003
0.08,691,0.600001,0.900033,0.0999973,790.2,-2.45768e-05,-0.000426453,0.999651
0.08,692,0.600002,0.900061,0.199995,792.664,-2.64275e-05,-0.000424139,0.999073
0.08,693,0.600003,0.900069,0.299997,792.967,-1.44693e-05,-0.000155033,0.998691
0.08,694,0.600003,0.900074,0.4,793.101,-5.51859e-06,-4.24953e-05,0.99858
0.08,695,0.600003,0.900074,0.5,793.101,5.51859e-06,4.24953e-05,0.99858
0.08,696,0.600003,0.900069,0.600003,792.967,1.44693e-05,0.000155033,0.998691
0.08,697,0.600002,0.900061,0.700005,792.664,2.64275e-05,0.000424139,0.999073
0.08,698,0.600001,0.900033,0.800003,790.2,2.45768e-05,0.000426453,0.999651
0.08,699,0.6,0.900027,0.900027,624.804,9.81089e-06,0.000111741,1.00003
0.08,700,0.7,-2.63817e-05,-2.63805e-05,624.767,-2.64123e-05,7.17551e-05,1.00006
0.08,701,0.700001,-3.07824e-05,0.0999987,790.086,-7.22863e-05,0.000319314,0.999774
0.08,702,0.700004,-5.38676e-05,0.199996,792.449,-7.13868e-05,0.000317796,0.999368
0.08,703,0.700005,-6.06698e-05,0.299998,792.664,-2.73114e-05,0.000111386,0.999095
0.08,704,0.700006,-6.42948e-05,0.4,792.76,-7.13517e-06,2.82908e-05,0.999021
0.08,705,0.700006,-6.42948e-05,0.5,792.76,7.13517e-06,-2.82908e-05,0.999021
0.08,706,0.700005,-6.06698e-05,0.600002,792.664,2.73114e-05,-0.000111386,0.999095
0.08,707,0.700004,-5.38676e-05,0.700004,792.449,7.13868e-05,-0.000317796,0.999368
0.08,708,0.700001,-3.07824e-05,0.800001,790.086,7.22863e-05,-0.000319314,0.999774
0.08,709,0.7,-2.63817e-05,0.900026,624.767,2.64123e-05,-7.17551e-05,1.00006
0.08,710,0.700001,0.0999987,-3.07842e-05,790.086,-0.00010638,0.000312354,1.00007
0.08,711,0.700016,0.0999384,0.0999384,996.636,-0.000291457,0.000715693,0.999975
0.08,712,0.700056,0.0997858,0.199944,998.526,-0.000291036,0.000707255,0.999805
0.08,713,0.70007,0.0997366,0.299997,998.667,-0.000107381,0.000250305,0.999678
0.08,714,0.700074,0.0997235,0.399993,998.931,-2.68889e-05,5.73324e-05,0.999627
0.08,715,0.700074,0.0997235,0.500007,998.931,2.68889e-05,-5.73324e-05,0.999627
0.08,716,0.70007,0.0997366,0.600003,998.667,0.000107381,-0.000250305,0.999678
0.08,717,0.700056,0.0997858,0.700056,998.526,0.000291036,-0.000707255,0.999805
0.08,718,0.700016,0.0999384,0.800062,996.636,0.000291457,-0.000715693,0.999975
0.08,719,0.700001,0.0999987,0.900031,790.086,0.00010638,-0.000312354,1.00007
0.08,720,0.700004,0.199996,-5.38751e-05,792.449,-0.000253632,0.000253615,1.00013
0.08,721,0.700056,0.199944,0.0997858,998.526,-0.000693825,0.000693804,1.00061
0.08,722,0.70021,0.19979,0.19979,998.711,-0.000707981,0.000707968,1.0014
0.08,723,0.700262,0.199738,0.299983,998.3,-0.000269472,0.000269473,1.00182
0.08,724,0.700277,0.199723,0.399976,998.722,-6.97136e-05,6.97173e-05,1.00189
0.08,725,0.700277,0.199723,0.500024,998.722,6.97136e-05,-6.97173e-05,1.00189
0.08,726,0.700262,0.199738,0.600017,998.3,0.000269472,-0.000269473,1.00182
0.08,727,0.70021,0.19979,0.70021,998.711,0.000707981,-0.000707968,1.0014
0.08,728,0.700056,0.199944,0.800214,998.526,0.000693825,-0.000693804,1.00061
0.08,729,0.700004,0.199996,0.900054,792.449,0.000253632,-0.000253615,1.00013
0.08,730,0.700005,0.299998,-6.068e-05,792.664,-0.000339932,7.4775e-05,1.00016
0.08,731,0.70007,0.299997,0.0997366,998.667,-0.000935232,0.000241768,1.00069
0.08,732,0.700262,0.299983,0.199738,998.3,-0.000968414,0.000267652,1.0016
0.08,733,0.700331,0.299974,0.299974,997.798,-0.000390296,0.000142083,1.0021
0.08,734,0.700354,0.299961,0.399965,998.308,-0.00011007,5.76063e-05,1.00219
0.08,735,0.700354,0.299961,0.500035,998.308,0.00011007,-5.76063e-05,1.00219
0.08,736,0.700331,0.299974,0.600026,997.798,0.000390296,-0.000142083,1.0021
0.08,737,0.700262,0.299983,0.700262,998.3,0.000968414,-0.000267652,1.0016
0.08,738,0.70007,0.299997,0.800263,998.667,0.000935232,-0.000241768,1.00069
0.08,739,0.700005,0.299998,0.900061,792.664,0.000339932,-7.4775e-05,1.00016
0.08,740,0.700006,0.4,-6.43049e-05,792.76,-0.000366414,1.9623e-05,1.00012
0.08,741,0.700074,0.399993,0.0997235,998.931,-0.00101377,5.42599e-05,1.00049
0.08,742,0.700277,0.399976,0.199723,998.722,-0.00106275,7.18872e-05,1.00115
0.08,743,0.700354,0.399965,0.299961,998.308,-0.00045689,5.94048e-05,1.00153
0.08,744,0.700388,0.399954,0.399954,998.758,-0.000141039,2.98365e-05,1.00166
0.08,745,0.700388,0.399954,0.500046,998.758,0.000141039,-2.98365e-05,1.00166
0.08,746,0.700354,0.399965,0.600039,998.308,0.00045689,-5.94048e-05,1.00153
0.08,747,0.700277,0.399976,0.700277,998.722,0.00106275,-7.18872e-05,1.00115
0.08,748,0.700074,0.399993,0.800276,998.931,0.00101377,-5.42599e-05,1.00049
0.08,749,0.700006,0.4,0.900064,792.76,0.000366414,-1.9623e-05,1.00012
0.08,750,0.700006,0.5,-6.43049e-05,792.76,-0.000366414,-1.9623e-05,1.00012
0.08,751,0.700074,0.500007,0.0997235,998.931,-0.00101377,-5.42599e-05,1.00049
0.08,752,0.700277,0.500024,0.199723,998.722,-0.00106275,-7.18872e-05,1.00115
0.08,753,0.700354,0.500035,0.299961,998.308,-0.00045689,-5.94048e-05,1.00153
0.08,754,0.700388,0.500046,0.399954,998.758,-0.000141039,-2.98365e-05,1.00166
0.08,755,0.700388,0.500046,0.500046,998.758,0.000141039,2.98365e-05,1.00166
0.08,756,0.700354,0.500035,0.600039,998.308,0.00045689,5.94048e-05,1.00153
0.08,757,0.700277,0.500024,0.700277,998.722,0.00106275,7.18872e-05,1.00115
0.08,758,0.700074,0.500007,0.800276,998.931,0.00101377,5.42599e-05,1.00049
0.08,759,0.700006,0.5,0.900064,792.76,0.000366414,1.9623e-05,1.00012
0.08,760,0.700005,0.600002,-6.068e-05,792.664,-0.000339932,-7.4775e-05,1.00016
0.08,761,0.70007,0.600003,0.0997366,998.667,-0.000935232,-0.000241768,1.00069
0.08,762,0.700262,0.600017,0.199738,998.3,-0.000968414,-0.000267652,1.0016
0.08,763,0.700331,0.600026,0.299974,997.798,-0.000390296,-0.000142083,1.0021
0.08,764,0.700354,0.600039,0.399965,998.308,-0.00011007,-5.76063e-05,1.00219
0.08,765,0.700354,0.600039,0.500035,998.308,0.00011007,5.76063e-05,1.00219
0.08,766,0.700331,0.600026,0.600026,997.798,0.000390296,0.000142083,1.0021
0.08,767,0.700262,0.600017,0.700262,998.3,0.000968414,0.000267652,1.0016
0.08,768,0.70007,0.600003,0.800263,998.667,0.000935232,0.000241768,1.00069
0.08,769,0.700005,0.600002,0.900061,792.664,0.000339932,7.4775e-05,1.00016
0.08,770,0.700004,0.700004,-5.38751e-05,792.449,-0.000253632,-0.000253615,1.00013
0.08,771,0.700056,0.700056,0.0997858,998.526,-0.000693825,-0.000693804,1.00061
0.08,772,0.70021,0.70021,0.19979,998.711,-0.000707981,-0.000707968,1.0014
0.08,773,0.700262,0.700262,0.299983,998.3,-0.000269472,-0.000269473,1.00182
0.08,774,0.700277,0.700277,0.399976,998.722,-6.97136e-05,-6.97173e-05,1.00189
0.08,775,0.700277,0.700277,0.500024,998.722,6.97136e-05,6.97173e-05,1.00189
0.08,776,0.700262,0.700262,0.600017,998.3,0.000269472,0.000269473,1.00182
0.08,777,0.70021,0.70021,0.70021,998.711,0.000707981,0.000707968,1.0014
0.08,778,0.700056,0.700056,0.800214,998.526,0.000693825,0.000693804,1.00061
0.08,779,0.700004,0.700004,0.900054,792.449,0.000253632,0.000253615,1.00013
0.08,780,0.700001,0.800001,-3.07842e-05,790.086,-0.00010638,-0.000312354,1.00007
0.08,781,0.700016,0.800062,0.0999384,996.636,-0.000291457,-0.000715693,0.999975
0.08,782,0.700056,0.800214,0.199944,998.526,-0.000291036,-0.000707255,0.999805
0.08,783,0.70007,0.800263,0.299997,998.667,-0.000107381,-0.000250305,0.999678
0.08,784,0.700074,0.800276,0.399993,998.931,-2.68889e-05,-5.73324e-05,0.999627
0.08,785,0.700074,0.800276,0.500007,998.931,2.68889e-05,5.73324e-05,0.999627
0.08,786,0.70007,0.800263,0.600003,998.667,0.000107381,0.000250305,0.999678
0.08,787,0.700056,0.800214,0.700056,998.526,0.000291036,0.000707255,0.999805
0.08,788,0.700016,0.800062,0.800062,996.636,0.000291457,0.000715693,0.999975
0.08,789,0.700001,0.800001,0.900031,790.086,0.00010638,0.000312354,1.00007
0.08,790,0.7,0.900026,-2.63805e-05,624.767,-2.64123e-05,-7.17551e-05,1.00006
0.08,791,0.700001,0.900031,0.0999987,790.086,-7.22863e-05,-0.000319314,0.999774
0.08,792,0.700004,0.900054,0.199996,792.449,-7.13868e-05,-0.000317796,0.999368
0.08,793,0.700005,0.900061,0.299998,792.664,-2.73114e-05,-0.000111386,0.999095
0.08,794,0.700006,0.900064,0.4,792.76,-7.13517e-06,-2.82908e-05,0.999021
0.08,795,0.700006,0.900064,0.5,792.76,7.13517e-06,2.82908e-05,0.999021
0.08,796,0.700005,0.900061,0.600002,792.664,2.73114e-05,0.000111386,0.999095
0.08,797,0.700004,0.900054,0.700004,792.449,7.13868e-05,0.000317796,0.999368
0.08,798,0.700001,0.900031,0.800001,790.086,7.22863e-05,0.000319314,0.999774
0.08,799,0.7,0.900026,0.900026,624.767,2.64123e-05,7.17551e-05,1.00006
0.08,800,0.799996,-2.62832e-05,-2.62827e-05,622.673,-7.16581e-05,-1.68034e-06,1.00024
0.08,801,0.799997,-2.52164e-05,0.100003,787.771,-7.51931e-05,0.000129105,1.00006
0.08,802,0.800001,-3.07812e-05,0.199999,790.086,-7.52244e-05,0.000134608,0.999797
0.08,803,0.800003,-3.33098e-05,0.299999,790.2,-2.71496e-05,4.77965e-05,0.999646
0.08,804,0.800003,-3.45257e-05,0.4,790.247,-6.62776e-06,1.2172e-05,0.999606
0.08,805,0.800003,-3.45257e-05,0.5,790.247,6.62776e-06,-1.2172e-05,0.999606
0.08,806,0.800003,-3.33098e-05,0.600001,790.2,2.71496e-05,-4.77965e-05,0.999646
0.08,807,0.800001,-3.07812e-05,0.700001,790.086,7.52244e-05,-0.000134608,0.999797
0.08,808,0.799997,-2.52164e-05,0.799997,787.771,7.51931e-05,-0.000129105,1.00006
0.08,809,0.799996,-2.62832e-05,0.900026,622.673,7.16581e-05,1.68034e-06,1.00024
0.08,810,0.799997,0.100003,-2.52172e-05,787.771,-0.000160819,0.000160809,1.00017
0.08,811,0.800017,0.0999835,0.0999835,994.292,-0.000306621,0.000306608,0.999995
0.08,812,0.800062,0.0999384,0.199984,996.636,-0.000299891,0.000299883,0.999695
0.08,813,0.800076,0.0999241,0.299999,996.821,-0.000103772,0.000103772,0.999516
0.08,814,0.80008,0.0999199,0.399998,996.964,-2.33672e-05,2.33697e-05,0.999464
0.08,815,0.80008,0.0999199,0.500002,996.964,2.33672e-05,-2.33697e-05,0.999464
0.08,816,0.800076,0.0999241,0.600001,996.821,0.000103772,-0.000103772,0.999516
0.08,817,0.800062,0.0999384,0.700016,996.636,0.000299891,-0.000299883,0.999695
0.08,818,0.800017,0.0999835,0.800017,994.292,0.000306621,-0.000306608,0.999995
0.08,819,0.799997,0.100003,0.900025,787.771,0.000160819,-0.000160809,1.00017
0.08,820,0.800001,0.199999,-3.07842e-05,790.086,-0.000312374,0.000106372,1.00007
0.08,821,0.800062,0.199984,0.0999384,996.636,-0.000715716,0.000291446,0.999975
0.08,822,0.800214,0.199944,0.199944,998.526,-0.000707269,0.000291029,0.999805
0.08,823,0.800263,0.19993,0.299997,998.667,-0.000250304,0.000107381,0.999678
0.08,824,0.800276,0.199926,0.399993,998.931,-5.73282e-05,2.6891e-05,0.999627
0.08,825,0.800276,0.199926,0.500007,998.931,5.73282e-05,-2.6891e-05,0.999627
0.08,826,0.800263,0.19993,0.600003,998.667,0.000250304,-0.000107381,0.999678
0.08,827,0.800214,0.199944,0.700056,998.526,0.000707269,-0.000291029,0.999805
0.08,828,0.800062,0.199984,0.800062,996.636,0.000715716,-0.000291446,0.999975
0.08,829,0.800001,0.199999,0.900031,790.086,0.000312374,-0.000106372,1.00007
0.08,830,0.800003,0.299999,-3.3314e-05,790.2,-0.000401592,3.06677e-05,1.00005
0.08,831,0.800076,0.299999,0.0999241,996.821,-0.000952409,9.64072e-05,0.999879
0.08,832,0.800263,0.299997,0.19993,998.667,-0.000949237,0.000104769,0.99957
0.08,833,0.800326,0.299995,0.299995,998.9,-0.000352159,5.45567e-05,0.999353
0.08,834,0.800345,0.299992,0.39999,999.247,-8.8381e-05,2.1875e-05,0.99927
0.08,835,0.800345,0.299992,0.50001,999.247,8.8381e-05,-2.1875e-05,0.99927
0.08,836,0.800326,0.299995,0.600005,998.9,0.000352159,-5.45567e-05,0.999353
0.08,837,0.800263,0.299997,0.70007,998.667,0.000949237,-0.000104769,0.99957
0.08,838,0.800076,0.299999,0.800076,996.821,0.000952409,-9.64072e-05,0.999879
0.08,839,0.800003,0.299999,0.900033,790.2,0.000401592,-3.06677e-05,1.00005
0.08,840,0.800003,0.4,-3.45299e-05,790.247,-0.000427197,7.99524e-06,1.00003
0.08,841,0.80008,0.399998,0.0999199,996.964,-0.0010221,2.06474e-05,0.999762
0.08,842,0.800276,0.399993,0.199926,998.931,-0.00102829,2.68076e-05,0.99929
0.08,843,0.800345,0.39999,0.299992,999.247,-0.000404738,2.25267e-05,0.998986
0.08,844,0.800373,0.399988,0.399988,999.597,-0.000112347,1.13571e-05,0.99889
0.08,845,0.800373,0.399988,0.500012,999.597,0.000112347,-1.13571e-05,0.99889
0.08,846,0.800345,0.39999,0.600008,999.247,0.000404738,-2.25267e-05,0.998986
0.08,847,0.800276,0.399993,0.700074,998.931,0.00102829,-2.68076e-05,0.99929
0.08,848,0.80008,0.399998,0.80008,996.964,0.0010221,-2.06474e-05,0.999762
0.08,849,0.800003,0.4,0.900035,790.247,0.000427197,-7.99524e-06,1.00003
0.08,850,0.800003,0.5,-3.45299e-05,790.247,-0.000427197,-7.99524e-06,1.00003
0.08,851,0.80008,0.500002,0.0999199,996.964,-0.0010221,-2.06474e-05,0.999762
0.08,852,0.800276,0.500007,0.199926,998.931,-0.00102829,-2.68076e-05,0.99929
0.08,853,0.800345,0.50001,0.299992,999.247,-0.000404738,-2.25267e-05,0.998986
0.08,854,0.800373,0.500012,0.399988,999.597,-0.000112347,-1.13571e-05,0.99889
0.08,855,0.800373,0.500012,0.500012,999.597,0.000112347,1.13571e-05,0.99889
0.08,856,0.800345,0.50001,0.600008,999.247,0.000404738,2.25267e-05,0.998986
0.08,857,0.800276,0.500007,0.700074,998.931,0.00102829,2.68076e-05,0.99929
0.08,858,0.80008,0.500002,0.80008,996.964,0.0010221,2.06474e-05,0.999762
0.08,859,0.800003,0.5,0.900035,790.247,0.000427197,7.99524e-06,1.00003
0.08,860,0.800003,0.600001,-3.3314e-05,790.2,-0.000401592,-3.06677e-05,1.00005
0.08,861,0.800076,0.600001,0.0999241,996.821,-0.000952409,-9.64072e-05,0.999879
0.08,862,0.800263,0.600003,0.19993,998.667,-0.000949237,-0.000104769,0.99957
0.08,863,0.800326,0.600005,0.299995,998.9,-0.000352159,-5.45567e-05,0.999353
0.08,864,0.800345,0.600008,0.39999,999.247,-8.8381e-05,-2.1875e-05,0.99927
0.08,865,0.800345,0.600008,0.50001,999.247,8.8381e-05,2.1875e-05,0.99927
0.08,866,0.800326,0.600005,0.600005,998.9,0.000352159,5.45567e-05,0.999353
0.08,867,0.800263,0.600003,0.70007,998.667,0.000949237,0.000104769,0.99957
0.08,868,0.800076,0.600001,0.800076,996.821,0.000952409,9.64072e-05,0.999879
0.08,869,0.800003,0.600001,0.900033,790.2,0.000401592,3.06677e-05,1.00005
0.08,870,0.800001,0.700001,-3.07842e-05,790.086,-0.000312374,-0.000106372,1.00007
0.08,871,0.800062,0.700016,0.0999384,996.636,-0.000715716,-0.000291446,0.999975
0.08,872,0.800214,0.700056,0.199944,998.526,-0.000707269,-0.000291029,0.999805
0.08,873,0.800263,0.70007,0.299997,998.667,-0.000250304,-0.000107381,0.999678
0.08,874,0.800276,0.700074,0.399993,998.931,-5.73282e-05,-2.6891e-05,0.999627
0.08,875,0.800276,0.700074,0.500007,998.931,5.73282e-05,2.6891e-05,0.999627
0.08,876,0.800263,0.70007,0.600003,998.667,0.000250304,0.000107381,0.999678
0.08,877,0.800214,0.700056,0.700056,998.526,0.000707269,0.000291029,0.999805
0.08,878,0.800062,0.700016,0.800062,996.636,0.000715716,0.000291446,0.999975
0.08,879,0.800001,0.700001,0.900031,790.086,0.000312374,0.000106372,1.00007
0.08,880,0.799997,0.799997,-2.52172e-05,787.771,-0.000160819,-0.000160809,1.00017
0.08,881,0.800017,0.800017,0.0999835,994.292,-0.000306621,-0.000306608,0.999995
0.08,882,0.800062,0.800062,0.199984,996.636,-0.000299891,-0.000299883,0.999695
0.08,883,0.800076,0.800076,0.299999,996.821,-0.000103772,-0.000103772,0.999516
0.08,884,0.80008,0.80008,0.399998,996.964,-2.33672e-05,-2.33697e-05,0.999464
0.08,885,0.80008,0.80008,0.500002,996.964,2.33672e-05,2.33697e-05,0.999464
0.08,886,0.800076,0.800076,0.600001,996.821,0.000103772,0.000103772,0.999516
0.08,887,0.800062,0.800062,0.700016,996.636,0.000299891,0.000299883,0.999695
0.08,888,0.800017,0.800017,0.800017,994.292,0.000306621,0.000306608,0.999995
0.08,889,0.799997,0.799997,0.900025,787.771,0.000160819,0.000160809,1.00017
0.08,890,0.799996,0.900026,-2.62827e-05,622.673,-7.16581e-05,1.68034e-06,1.00024
0.08,891,0.799997,0.900025,0.100003,787.771,-7.51931e-05,-0.000129105,1.00006
0.08,892,0.800001,0.900031,0.199999,790.086,-7.52244e-05,-0.000134608,0.999797
0.08,893,0.800003,0.900033,0.299999,790.2,-2.71496e-05,-4.77965e-05,0.999646
0.08,894,0.800003,0.900035,0.4,790.247,-6.62776e-06,-1.2172e-05,0.999606
0.08,895,0.800003,0.900035,0.5,790.247,6.62776e-06,1.2172e-05,0.999606
0.08,896,0.800003,0.900033,0.600001,790.2,2.71496e-05,4.77965e-05,0.999646
0.08,897,0.800001,0.900031,0.700001,790.086,7.52244e-05,0.000134608,0.999797
0.08,898,0.799997,0.900025,0.799997,787.771,7.51931e-05,0.000129105,1.00006
0.08,899,0.799996,0.900026,0.900026,622.673,7.16581e-05,-1.68034e-06,1.00024
0.08,900,0.90003,-3.02941e-05,-3.0294e-05,491.114,6.10279e-05,-6.10252e-05,1.00037
0.08,901,0.900026,-2.62826e-05,0.100004,622.673,-2.05204e-05,2.05169e-05,1.00025
0.08,902,0.900026,-2.63803e-05,0.2,624.767,-3.28588e-05,3.28551e-05,1.00012
0.08,903,0.900027,-2.70368e-05,0.3,624.804,-1.38031e-05,1.38034e-05,1.00005
0.08,904,0.900027,-2.72771e-05,0.4,624.817,-3.77801e-06,3.77907e-06,1.00003
0.08,905,0.900027,-2.72771e-05,0.5,624.817,3.77801e-06,-3.77907e-06,1.00003
0.08,906,0.900027,-2.70368e-05,0.6,624.804,1.38031e-05,-1.38034e-05,1.00005
0.08,907,0.900026,-2.63803e-05,0.7,624.767,3.28588e-05,-3.28551e-05,1.00012
0.08,908,0.900026,-2.62826e-05,0.799996,622.673,2.05204e-05,-2.05169e-05,1.00025
0.08,909,0.90003,-3.02941e-05,0.90003,491.114,-6.10279e-05,6.10252e-05,1.00037
0.08,910,0.900026,0.100004,-2.62827e-05,622.673,1.67823e-06,7.16548e-05,1.00024
0.08,911,0.900025,0.100003,0.100003,787.771,-0.000129114,7.51871e-05,1.00006
0.08,912,0.900031,0.0999987,0.199999,790.086,-0.000134615,7.52203e-05,0.999797
0.08,913,0.900033,0.0999973,0.299999,790.2,-4.77958e-05,2.71501e-05,0.999646
0.08,914,0.900035,0.0999966,0.4,790.247,-1.21698e-05,6.62904e-06,0.999606
0.08,915,0.900035,0.0999966,0.5,790.247,1.21698e-05,-6.62904e-06,0.999606
0.08,916,0.900033,0.0999973,0.600001,790.2,4.77958e-05,-2.71501e-05,0.999646
0.08,917,0.900031,0.0999987,0.700001,790.086,0.000134615,-7.52203e-05,0.999797
0.08,918,0.900025,0.100003,0.799997,787.771,0.000129114,-7.51871e-05,1.00006
0.08,919,0.900026,0.100004,0.900026,622.673,-1.67823e-06,-7.16548e-05,1.00024
0.08,920,0.900026,0.2,-2.63805e-05,624.767,-7.17633e-05,2.641e-05,1.00006
0.08,921,0.900031,0.199999,0.0999987,790.086,-0.000319331,7.22807e-05,0.999774
0.08,922,0.900054,0.199996,0.199996,792.449,-0.000317808,7.13833e-05,0.999368
0.08,923,0.900061,0.199995,0.299998,792.664,-0.000111385,2.73117e-05,0.999095
0.08,924,0.900064,0.199994,0.4,792.76,-2.82872e-05,7.13626e-06,0.999021
0.08,925,0.900064,0.199994,0.5,792.76,2.82872e-05,-7.13626e-06,0.999021
0.08,926,0.900061,0.199995,0.600002,792.664,0.000111385,-2.73117e-05,0.999095
0.08,927,0.900054,0.199996,0.700004,792.449,0.000317808,-7.13833e-05,0.999368
0.08,928,0.900031,0.199999,0.800001,790.086,0.000319331,-7.22807e-05,0.999774
0.08,929,0.900026,0.2,0.900026,624.767,7.17633e-05,-2.641e-05,1.00006
0.08,930,0.900027,0.3,-2.70374e-05,624.804,-0.000111753,9.81007e-06,1.00003
0.08,931,0.900033,0.299999,0.0999973,790.2,-0.000426477,2.4574e-05,0.999651
0.08,932,0.900061,0.299998,0.199995,792.664,-0.000424155,2.64255e-05,0.999073
0.08,933,0.900069,0.299997,0.299997,792.967,-0.000155032,1.44693e-05,0.998691
0.08,934,0.900074,0.299997,0.4,793.101,-4.24905e-05,5.5191e-06,0.99858
0.08,935,0.900074,0.299997,0.5,793.101,4.24905e-05,-5.5191e-06,0.99858
0.08,936,0.900069,0.299997,0.600003,792.967,0.000155032,-1.44693e-05,0.998691
0.08,937,0.900061,0.299998,0.700005,792.664,0.000424155,-2.64255e-05,0.999073
0.08,938,0.900033,0.299999,0.800003,790.2,0.000426477,-2.4574e-05,0.999651
0.08,939,0.900027,0.3,0.900027,624.804,0.000111753,-9.81007e-06,1.00003
0.08,940,0.900027,0.4,-2.72777e-05,624.817,-0.000124982,2.62156e-06,1.00002
0.08,941,0.900035,0.4,0.0999966,790.247,-0.000459117,5.54655e-06,0.999598
0.08,942,0.900064,0.4,0.199994,792.76,-0.000459835,6.79577e-06,0.998948
0.08,943,0.900074,0.4,0.299997,793.101,-0.000178143,5.62808e-06,0.998516
0.08,944,0.90008,0.399999,0.399999,793.249,-5.30714e-05,2.68036e-06,0.998386
0.08,945,0.90008,0.399999,0.500001,793.249,5.30714e-05,-2.68036e-06,0.998386
0.08,946,0.900074,0.4,0.600003,793.101,0.000178143,-5.62808e-06,0.998516
0.08,947,0.900064,0.4,0.700006,792.76,0.000459835,-6.79577e-06,0.998948
0.08,948,0.900035,0.4,0.800003,790.247,0.000459117,-5.54655e-06,0.999598
0.08,949,0.900027,0.4,0.900027,624.817,0.000124982,-2.62156e-06,1.00002
0.08,950,0.900027,0.5,-2.72777e-05,624.817,-0.000124982,-2.62156e-06,1.00002
0.08,951,0.900035,0.5,0.0999966,790.247,-0.000459117,-5.54655e-06,0.999598
0.08,952,0.900064,0.5,0.199994,792.76,-0.000459835,-6.79577e-06,0.998948
0.08,953,0.900074,0.5,0.299997,793.101,-0.000178143,-5.62808e-06,0.998516
0.08,954,0.90008,0.500001,0.399999,793.249,-5.30714e-05,-2.68036e-06,0.998386
0.08,955,0.90008,0.500001,0.500001,793.249,5.30714e-05,2.68036e-06,0.998386
0.08,956,0.900074,0.5,0.600003,793.101,0.000178143,5.62808e-06,0.998516
0.08,957,0.900064,0.5,0.700006,792.76,0.000459835,6.79577e-06,0.998948
0.08,958,0.900035,0.5,0.800003,790.247,0.000459117,5.54655e-06,0.999598
0.08,959,0.900027,0.5,0.900027,624.817,0.000124982,2.62156e-06,1.00002
0.08,960,0.900027,0.6,-2.70374e-05,624.804,-0.000111753,-9.81007e-06,1.00003
0.08,961,0.900033,0.600001,0.0999973,790.2,-0.000426477,-2.4574e-05,0.999651
0.08,962,0.900061,0.600002,0.199995,792.664,-0.000424155,-2.64255e-05,0.999073
0.08,963,0.900069,0.600003,0.299997,792.967,-0.000155032,-1.44693e-05,0.998691
0.08,964,0.900074,0.600003,0.4,793.101,-4.24905e-05,-5.5191e-06,0.99858
0.08,965,0.900074,0.600003,0.5,793.101,4.24905e-05,5.5191e-06,0.99858
0.08,966,0.900069,0.600003,0.600003,792.967,0.000155032,1.44693e-05,0.998691
0.08,967,0.900061,0.600002,0.700005,792.664,0.000424155,2.64255e-05,0.999073
0.08,968,0.900033,0.600001,0.800003,790.2,0.000426477,2.4574e-05,0.999651
0.08,969,0.900027,0.6,0.900027,624.804,0.000111753,9.81007e-06,1.00003
0.08,970,0.900026,0.7,-2.63805e-05,624.767,-7.17633e-05,-2.641e-05,1.00006
0.08,971,0.900031,0.700001,0.0999987,790.086,-0.000319331,-7.22807e-05,0.999774
0.08,972,0.900054,0.700004,0.199996,792.449,-0.000317808,-7.13833e-05,0.999368
0.08,973,0.900061,0.700005,0.299998,792.664,-0.000111385,-2.73117e-05,0.999095
0.08,974,0.900064,0.700006,0.4,792.76,-2.82872e-05,-7.13626e-06,0.999021
0.08,975,0.900064,0.700006,0.5,792.76,2.82872e-05,7.13626e-06,0.999021
0.08,976,0.900061,0.700005,0.600002,792.664,0.000111385,2.73117e-05,0.999095
0.08,977,0.900054,0.700004,0.700004,792.449,0.000317808,7.13833e-05,0.999368
0.08,978,0.900031,0.700001,0.800001,790.086,0.000319331,7.22807e-05,0.999774
0.08,979,0.900026,0.7,0.900026,624.767,7.17633e-05,2.641e-05,1.00006
0.08,980,0.900026,0.799996,-2.62827e-05,622.673,1.67823e-06,-7.16548e-05,1.00024
0.08,981,0.900025,0.799997,0.100003,787.771,-0.000129114,-7.51871e-05,1.00006
0.08,982,0.900031,0.800001,0.199999,790.086,-0.000134615,-7.52203e-05,0.999797
0.08,983,0.900033,0.800003,0.299999,790.2,-4.77958e-05,-2.71501e-05,0.999646
0.08,984,0.900035,0.800003,0.4,790.247,-1.21698e-05,-6.62904e-06,0.999606
0.08,985,0.900035,0.800003,0.5,790.247,1.21698e-05,6.62904e-06,0.999606
0.08,986,0.900033,0.800003,0.600001,790.2,4.77958e-05,2.71501e-05,0.999646
0.08,987,0.900031,0.800001,0.700001,790.086,0.000134615,7.52203e-05,0.999797
0.08,988,0.900025,0.799997,0.799997,787.771,0.000129114,7.51871e-05,1.00006
0.08,989,0.900026,0.799996,0.900026,622.673,-1.67823e-06,7.16548e-05,1.00024
0.08,990,0.90003,0.90003,-3.0294e-05,491.114,6.10279e-05,6.10252e-05,1.00037
0.08,991,0.900026,0.900026,0.100004,622.673,-2.05204e-05,-2.05169e-05,1.00025
0.08,992,0.900026,0.900026,0.2,624.767,-3.28588e-05,-3.28551e-05,1.00012
0.08,993,0.900027,0.900027,0.3,624.804,-1.38031e-05,-1.38034e-05,1.00005
0.08,994,0.900027,0.900027,0.4,624.817,-3.77801e-06,-3.77907e-06,1.00003
0.08,995,0.900027,0.900027,0.5,624.817,3.77801e-06,3.77907e-06,1.00003
0.08,996,0.900027,0.900027,0.6,624.804,1.38031e-05,1.38034e-05,1.00005
0.08,997,0.900026,0.900026,0.7,624.767,3.28588e-05,3.28551e-05,1.00012
0.08,998,0.900026,0.900026,0.799996,622.673,2.05204e-05,2.05169e-05,1.00025
0.08,999,0.90003,0.90003,0.90003,491.114,-6.10279e-05,-6.10252e-05,1.00037
0.09,0,-3.81861e-05,-3.81859e-05,-3.81857e-05,491.041,-7.78369e-05,-7.78326e-05,1.00047
0.09,1,-3.31247e-05,-3.31253e-05,0.100005,622.608,2.32501e-05,2.3245e-05,1.00032
0.09,2,-3.32376e-05,-3.32374e-05,0.2,624.734,3.89669e-05,3.89612e-05,1.00017
0.09,3,-3.40732e-05,-3.40728e-05,0.3,624.777,1.69137e-05,1.6914e-05,1.0001
0.09,4,-3.43905e-05,-3.43903e-05,0.4,624.792,4.73969e-06,4.74123e-06,1.00007
0.09,5,-3.43905e-05,-3.43903e-05,0.5,624.792,-4.73969e-06,-4.74123e-06,1.00007
0.09,6,-3.40732e-05,-3.40728e-05,0.6,624.777,-1.69137e-05,-1.6914e-05,1.0001
0.09,7,-3.32376e-05,-3.32374e-05,0.7,624.734,-3.89669e-05,-3.89612e-05,1.00017
0.09,8,-3.31247e-05,-3.31253e-05,0.799995,622.608,-2.32501e-05,-2.3245e-05,1.00032
0.09,9,-3.81861e-05,-3.81859e-05,0.900038,491.041,7.78369e-05,7.78326e-05,1.00047
0.09,10,-3.31249e-05,0.100005,-3.31253e-05,622.608,-6.64201e-06,8.78746e-05,1.00031
0.09,11,-3.18138e-05,0.100003,0.100003,787.718,0.000148889,8.72507e-05,1.0001
0.09,12,-3.86223e-05,0.0999983,0.199998,790.077,0.000156395,8.75741e-05,0.999805
0.09,13,-4.18512e-05,0.0999965,0.299999,790.205,5.6735e-05,3.22312e-05,0.999636
0.09,14,-4.34025e-05,0.0999957,0.4,790.258,1.47938e-05,8.05934e-06,0.99959
0.09,15,-4.34025e-05,0.0999957,0.5,790.258,-1.47938e-05,-8.05934e-06,0.99959
0.09,16,-4.18512e-05,0.0999965,0.600001,790.205,-5.6735e-05,-3.22312e-05,0.999636
0.09,17,-3.86223e-05,0.0999983,0.700002,790.077,-0.000156395,-8.75741e-05,0.999805
0.09,18,-3.18138e-05,0.100003,0.799997,787.718,-0.000148889,-8.72507e-05,1.0001
0.09,19,-3.31249e-05,0.100005,0.900033,622.608,6.64201e-06,-8.78746e-05,1.00031
0.09,20,-3.32361e-05,0.2,-3.32376e-05,624.734,7.88085e-05,3.10009e-05,1.00008
0.09,21,-3.86219e-05,0.199998,0.0999983,790.077,0.000367794,8.37526e-05,0.999765
0.09,22,-6.64661e-05,0.199995,0.199995,792.481,0.000367138,8.29105e-05,0.999318
0.09,23,-7.49995e-05,0.199993,0.299997,792.72,0.000130909,3.23906e-05,0.999014
0.09,24,-7.95387e-05,0.199992,0.4,792.826,3.39262e-05,8.59429e-06,0.998933
0.09,25,-7.95387e-05,0.199992,0.5,792.826,-3.39262e-05,-8.59429e-06,0.998933
0.09,26,-7.49995e-05,0.199993,0.600003,792.72,-0.000130909,-3.23906e-05,0.999014
0.09,27,-6.64661e-05,0.199995,0.700005,792.481,-0.000367138,-8.29105e-05,0.999318
0.09,28,-3.86219e-05,0.199998,0.800002,790.077,-0.000367794,-8.37526e-05,0.999765
0.09,29,-3.32361e-05,0.2,0.900033,624.734,-7.88085e-05,-3.10009e-05,1.00008
0.09,30,-3.40715e-05,0.3,-3.40736e-05,624.777,0.000125514,1.18101e-05,1.00005
0.09,31,-4.18509e-05,0.299999,0.0999965,790.205,0.000491551,2.89281e-05,0.999628
0.09,32,-7.49992e-05,0.299997,0.199993,792.72,0.000490141,3.12964e-05,0.998991
0.09,33,-8.59112e-05,0.299996,0.299996,793.055,0.000182266,1.7506e-05,0.998565
0.09,34,-9.20579e-05,0.299996,0.4,793.204,5.08307e-05,6.65273e-06,0.998443
0.09,35,-9.20579e-05,0.299996,0.5,793.204,-5.08307e-05,-6.65273e-06,0.998443
0.09,36,-8.59112e-05,0.299996,0.600004,793.055,-0.000182266,-1.7506e-05,0.998565
0.09,37,-7.49992e-05,0.299997,0.700007,792.72,-0.000490141,-3.12964e-05,0.998991
0.09,38,-4.18509e-05,0.299999,0.800004,790.205,-0.000491551,-2.89281e-05,0.999628
0.09,39,-3.40715e-05,0.3,0.900034,624.777,-0.000125514,-1.18101e-05,1.00005
0.09,40,-3.43888e-05,0.4,-3.43911e-05,624.792,0.000141321,3.22767e-06,1.00004
0.09,41,-4.34023e-05,0.4,0.0999957,790.258,0.000529908,6.66408e-06,0.999568
0.09,42,-7.95383e-05,0.4,0.199992,792.826,0.000532091,8.18e-06,0.998851
0.09,43,-9.20579e-05,0.4,0.299996,793.204,0.00020977,6.80521e-06,0.998371
0.09,44,-9.96635e-05,0.399999,0.399999,793.369,6.34529e-05,3.21588e-06,0.998227
0.09,45,-9.96635e-05,0.399999,0.500001,793.369,-6.34529e-05,-3.21588e-06,0.998227
0.09,46,-9.20579e-05,0.4,0.600004,793.204,-0.00020977,-6.80521e-06,0.998371
0.09,47,-7.95383e-05,0.4,0.700008,792.826,-0.000532091,-8.18e-06,0.998851
0.09,48,-4.34023e-05,0.4,0.800004,790.258,-0.000529908,-6.66408e-06,0.999568
0.09,49,-3.43888e-05,0.4,0.900034,624.792,-0.000141321,-3.22767e-06,1.00004
0.09,50,-3.43888e-05,0.5,-3.43911e-05,624.792,0.000141321,-3.22767e-06,1.00004
0.09,51,-4.34023e-05,0.5,0.0999957,790.258,0.000529908,-6.66408e-06,0.999568
0.09,52,-7.95383e-05,0.5,0.199992,792.826,0.000532091,-8.18e-06,0.998851
0.09,53,-9.20579e-05,0.5,0.299996,793.204,0.00020977,-6.80521e-06,0.998371
0.09,54,-9.96635e-05,0.500001,0.399999,793.369,6.34529e-05,-3.21588e-06,0.998227
0.09,55,-9.96635e-05,0.500001,0.500001,793.369,-6.34529e-05,3.21588e-06,0.998227
0.09,56,-9.20579e-05,0.5,0.600004,793.204,-0.00020977,6.80521e-06,0.998371
0.09,57,-7.95383e-05,0.5,0.700008,792.826,-0.000532091,8.18e-06,0.998851
0.09,58,-4.34023e-05,0.5,0.800004,790.258,-0.000529908,6.66408e-06,0.999568
0.09,59,-3.43888e-05,0.5,0.900034,624.792,-0.000141321,3.22767e-06,1.00004
0.09,60,-3.40715e-05,0.6,-3.40736e-05,624.777,0.000125514,-1.18101e-05,1.00005
0.09,61,-4.18509e-05,0.600001,0.0999965,790.205,0.000491551,-2.89281e-05,0.999628
0.09,62,-7.49992e-05,0.600003,0.199993,792.72,0.000490141,-3.12964e-05,0.998991
0.09,63,-8.59112e-05,0.600004,0.299996,793.055,0.000182266,-1.7506e-05,0.998565
0.09,64,-9.20579e-05,0.600004,0.4,793.204,5.08307e-05,-6.65273e-06,0.998443
0.09,65,-9.20579e-05,0.600004,0.5,793.204,-5.08307e-05,6.65273e-06,0.998443
0.09,66,-8.59112e-05,0.600004,0.600004,793.055,-0.000182266,1.7506e-05,0.998565
0.09,67,-7.49992e-05,0.600003,0.700007,792.72,-0.000490141,3.12964e-05,0.998991
0.09,68,-4.18509e-05,0.600001,0.800004,790.205,-0.000491551,2.89281e-05,0.999628
0.09,69,-3.40715e-05,0.6,0.900034,624.777,-0.000125514,1.18101e-05,1.00005
0.09,70,-3.32361e-05,0.7,-3.32376e-05,624.734,7.88085e-05,-3.10009e-05,1.00008
0.09,71,-3.86219e-05,0.700002,0.0999983,790.077,0.000367794,-8.37526e-05,0.999765
0.09,72,-6.64661e-05,0.700005,0.199995,792.481,0.000367138,-8.29105e-05,0.999318
0.09,73,-7.49995e-05,0.700007,0.299997,792.72,0.000130909,-3.23906e-05,0.999014
0.09,74,-7.95387e-05,0.700008,0.4,792.826,3.39262e-05,-8.59429e-06,0.998933
0.09,75,-7.95387e-05,0.700008,0.5,792.826,-3.39262e-05,8.59429e-06,0.998933
0.09,76,-7.49995e-05,0.700007,0.600003,792.72,-0.000130909,3.23906e-05,0.999014
0.09,77,-6.64661e-05,0.700005,0.700005,792.481,-0.000367138,8.29105e-05,0.999318
0.09,78,-3.86219e-05,0.700002,0.800002,790.077,-0.000367794,8.37526e-05,0.999765
0.09,79,-3.32361e-05,0.7,0.900033,624.734,-7.88085e-05,3.10009e-05,1.00008
0.09,80,-3.31249e-05,0.799995,-3.31253e-05,622.608,-6.64201e-06,-8.78746e-05,1.00031
0.09,81,-3.18138e-05,0.799997,0.100003,787.718,0.000148889,-8.72507e-05,1.0001
0.09,82,-3.86223e-05,0.800002,0.199998,790.077,0.000156395,-8.75741e-05,0.999805
0.09,83,-4.18512e-05,0.800004,0.299999,790.205,5.6735e-05,-3.22312e-05,0.999636
0.09,84,-4.34025e-05,0.800004,0.4,790.258,1.47938e-05,-8.05934e-06,0.99959
0.09,85,-4.34025e-05,0.800004,0.5,790.258,-1.47938e-05,8.05934e-06,0.99959
0.09,86,-4.18512e-05,0.800004,0.600001,790.205,-5.6735e-05,3.22312e-05,0.999636
0.09,87,-3.86223e-05,0.800002,0.700002,790.077,-0.000156395,8.75741e-05,0.999805
0.09,88,-3.18138e-05,0.799997,0.799997,787.718,-0.000148889,8.72507e-05,1.0001
0.09,89,-3.31249e-05,0.799995,0.900033,622.608,6.64201e-06,8.78746e-05,1.00031
0.09,90,-3.81861e-05,0.900038,-3.81857e-05,491.041,-7.78369e-05,7.78326e-05,1.00047
0.09,91,-3.31247e-05,0.900033,0.100005,622.608,2.32501e-05,-2.3245e-05,1.00032
0.09,92,-3.32376e-05,0.900033,0.2,624.734,3.89669e-05,-3.89612e-05,1.00017
0.09,93,-3.40732e-05,0.900034,0.3,624.777,1.69137e-05,-1.6914e-05,1.0001
0.09,94,-3.43905e-05,0.900034,0.4,624.792,4.73969e-06,-4.74123e-06,1.00007
0.09,95,-3.43905e-05,0.900034,0.5,624.792,-4.73969e-06,4.74123e-06,1.00007
0.09,96,-3.40732e-05,0.900034,0.6,624.777,-1.69137e-05,1.6914e-05,1.0001
0.09,97,-3.32376e-05,0.900033,0.7,624.734,-3.89669e-05,3.89612e-05,1.00017
0.09,98,-3.31247e-05,0.900033,0.799995,622.608,-2.32501e-05,2.3245e-05,1.00032
0.09,99,-3.81861e-05,0.900038,0.900038,491.041,7.78369e-05,-7.78326e-05,1.00047
0.09,100,0.100005,-3.31262e-05,-3.31253e-05,622.608,8.78798e-05,-6.64504e-06,1.00031
0.09,101,0.100003,-3.18146e-05,0.100003,787.718,8.72595e-05,0.000148876,1.0001
0.09,102,0.0999983,-3.86215e-05,0.199998,790.077,8.75802e-05,0.000156385,0.999805
0.09,103,0.0999965,-4.185e-05,0.299999,790.205,3.22306e-05,5.6736e-05,0.999636
0.09,104,0.0999957,-4.34019e-05,0.4,790.258,8.05748e-06,1.47968e-05,0.99959
0.09,105,0.0999957,-4.34019e-05,0.5,790.258,-8.05748e-06,-1.47968e-05,0.99959
0.09,106,0.0999965,-4.185e-05,0.600001,790.205,-3.22306e-05,-5.6736e-05,0.999636
0.09,107,0.0999983,-3.86215e-05,0.700002,790.077,-8.75802e-05,-0.000156385,0.999805
0.09,108,0.100003,-3.18146e-05,0.799997,787.718,-8.72595e-05,-0.000148876,1.0001
0.09,109,0.100005,-3.31262e-05,0.900033,622.608,-8.78798e-05,6.64504e-06,1.00031
0.09,110,0.100003,0.100003,-3.18158e-05,787.718,0.000188681,0.000188667,1.00022
0.09,111,0.0999811,0.0999811,0.0999811,994.247,0.000349281,0.000349262,1.00002
0.09,112,0.0999298,0.0999298,0.199982,996.626,0.000341633,0.000341621,0.999688
0.09,113,0.0999135,0.0999135,0.299998,996.834,0.000119387,0.000119388,0.999487
0.09,114,0.0999086,0.0999086,0.399998,996.994,2.73955e-05,2.73992e-05,0.999428
0.09,115,0.0999086,0.0999086,0.500002,996.994,-2.73955e-05,-2.73992e-05,0.999428
0.09,116,0.0999135,0.0999135,0.600002,996.834,-0.000119387,-0.000119388,0.999487
0.09,117,0.0999298,0.0999298,0.700018,996.626,-0.000341633,-0.000341621,0.999688
0.09,118,0.0999811,0.0999811,0.800019,994.247,-0.000349281,-0.000349262,1.00002
0.09,119,0.100003,0.100003,0.900032,787.718,-0.000188681,-0.000188667,1.00022
0.09,120,0.0999983,0.199998,-3.86258e-05,790.077,0.000359035,0.000120562,1.00009
0.09,121,0.0999298,0.199982,0.0999298,996.626,0.000811628,0.000331049,0.999989
0.09,122,0.0997583,0.199936,0.199936,998.491,0.000802282,0.000331308,0.999799
0.09,123,0.0997028,0.19992,0.299997,998.65,0.000286157,0.000123559,0.999657
0.09,124,0.0996878,0.199916,0.399992,998.947,6.65018e-05,3.13235e-05,0.999598
0.09,125,0.0996878,0.199916,0.500008,998.947,-6.65018e-05,-3.13235e-05,0.999598
0.09,126,0.0997028,0.19992,0.600003,998.65,-0.000286157,-0.000123559,0.999657
0.09,127,0.0997583,0.199936,0.700064,998.491,-0.000802282,-0.000331308,0.999799
0.09,128,0.0999298,0.199982,0.80007,996.626,-0.000811628,-0.000331049,0.999989
0.09,129,0.0999983,0.199998,0.900039,790.077,-0.000359035,-0.000120562,1.00009
0.09,130,0.0999965,0.299999,-4.18561e-05,790.205,0.000459947,3.47e-05,1.00007
0.09,131,0.0999135,0.299998,0.0999135,996.834,0.00107962,0.00010984,0.999881
0.09,132,0.0997028,0.299997,0.19992,998.65,0.00107697,0.000120269,0.999534
0.09,133,0.0996323,0.299994,0.299994,998.913,0.000403117,6.37009e-05,0.999289
0.09,134,0.09961,0.29999,0.399989,999.303,0.000102522,2.56375e-05,0.999194
0.09,135,0.09961,0.29999,0.500011,999.303,-0.000102522,-2.56375e-05,0.999194
0.09,136,0.0996323,0.299994,0.600006,998.913,-0.000403117,-6.37009e-05,0.999289
0.09,137,0.0997028,0.299997,0.70008,998.65,-0.00107697,-0.000120269,0.999534
0.09,138,0.0999135,0.299998,0.800086,996.834,-0.00107962,-0.00010984,0.999881
0.09,139,0.0999965,0.299999,0.900042,790.205,-0.000459947,-3.47e-05,1.00007
0.09,140,0.0999957,0.4,-4.34079e-05,790.258,0.000489286,9.35179e-06,1.00004
0.09,141,0.0999086,0.399998,0.0999086,996.994,0.00115925,2.39375e-05,0.99975
0.09,142,0.0996878,0.399992,0.199916,998.947,0.00116759,3.12904e-05,0.999219
0.09,143,0.09961,0.399989,0.29999,999.303,0.000464244,2.65322e-05,0.998876
0.09,144,0.0995784,0.399986,0.399986,999.693,0.000130577,1.33707e-05,0.998768
0.09,145,0.0995784,0.399986,0.500014,999.693,-0.000130577,-1.33707e-05,0.998768
0.09,146,0.09961,0.399989,0.60001,999.303,-0.000464244,-2.65322e-05,0.998876
0.09,147,0.0996878,0.399992,0.700084,998.947,-0.00116759,-3.12904e-05,0.999219
0.09,148,0.0999086,0.399998,0.800091,996.994,-0.00115925,-2.39375e-05,0.99975
0.09,149,0.0999957,0.4,0.900043,790.258,-0.000489286,-9.35179e-06,1.00004
0.09,150,0.0999957,0.5,-4.34079e-05,790.258,0.000489286,-9.35179e-06,1.00004
0.09,151,0.0999086,0.500002,0.0999086,996.994,0.00115925,-2.39375e-05,0.99975
0.09,152,0.0996878,0.500008,0.199916,998.947,0.00116759,-3.12904e-05,0.999219
0.09,153,0.09961,0.500011,0.29999,999.303,0.000464244,-2.65322e-05,0.998876
0.09,154,0.0995784,0.500014,0.399986,999.693,0.000130577,-1.33707e-05,0.998768
0.09,155,0.0995784,0.500014,0.500014,999.693,-0.000130577,1.33707e-05,0.998768
0.09,156,0.09961,0.500011,0.60001,999.303,-0.000464244,2.65322e-05,0.998876
0.09,157,0.0996878,0.500008,0.700084,998.947,-0.00116759,3.12904e-05,0.999219
0.09,158,0.0999086,0.500002,0.800091,996.994,-0.00115925,2.39375e-05,0.99975
0.09,159,0.0999957,0.5,0.900043,790.258,-0.000489286,9.35179e-06,1.00004
0.09,160,0.0999965,0.600001,-4.18561e-05,790.205,0.000459947,-3.47e-05,1.00007
0.09,161,0.0999135,0.600002,0.0999135,996.834,0.00107962,-0.00010984,0.999881
0.09,162,0.0997028,0.600003,0.19992,998.65,0.00107697,-0.000120269,0.999534
0.09,163,0.0996323,0.600006,0.299994,998.913,0.000403117,-6.37009e-05,0.999289
0.09,164,0.09961,0.60001,0.399989,999.303,0.000102522,-2.56375e-05,0.999194
0.09,165,0.09961,0.60001,0.500011,999.303,-0.000102522,2.56375e-05,0.999194
0.09,166,0.0996323,0.600006,0.600006,998.913,-0.000403117,6.37009e-05,0.999289
0.09,167,0.0997028,0.600003,0.70008,998.65,-0.00107697,0.000120269,0.999534
0.09,168,0.0999135,0.600002,0.800086,996.834,-0.00107962,0.00010984,0.999881
0.09,169,0.0999965,0.600001,0.900042,790.205,-0.000459947,3.47e-05,1.00007
0.09,170,0.0999983,0.700002,-3.86258e-05,790.077,0.000359035,-0.000120562,1.00009
0.09,171,0.0999298,0.700018,0.0999298,996.626,0.000811628,-0.000331049,0.999989
0.09,172,0.0997583,0.700064,0.199936,998.491,0.000802282,-0.000331308,0.999799
0.09,173,0.0997028,0.70008,0.299997,998.65,0.000286157,-0.000123559,0.999657
0.09,174,0.0996878,0.700084,0.399992,998.947,6.65018e-05,-3.13235e-05,0.999598
0.09,175,0.0996878,0.700084,0.500008,998.947,-6.65018e-05,3.13235e-05,0.999598
0.09,176,0.0997028,0.70008,0.600003,998.65,-0.000286157,0.000123559,0.999657
0.09,177,0.0997583,0.700064,0.700064,998.491,-0.000802282,0.000331308,0.999799
0.09,178,0.0999298,0.700018,0.80007,996.626,-0.000811628,0.000331049,0.999989
0.09,179,0.0999983,0.700002,0.900039,790.077,-0.000359035,0.000120562,1.00009
0.09,180,0.100003,0.799997,-3.18158e-05,787.718,0.000188681,-0.000188667,1.00022
0.09,181,0.0999811,0.800019,0.0999811,994.247,0.000349281,-0.000349262,1.00002
0.09,182,0.0999298,0.80007,0.199982,996.626,0.000341633,-0.000341621,0.999688
0.09,183,0.0999135,0.800086,0.299998,996.834,0.000119387,-0.000119388,0.999487
0.09,184,0.0999086,0.800091,0.399998,996.994,2.73955e-05,-2.73992e-05,0.999428
0.09,185,0.0999086,0.800091,0.500002,996.994,-2.73955e-05,2.73992e-05,0.999428
0.09,186,0.0999135,0.800086,0.600002,996.834,-0.000119387,0.000119388,0.999487
0.09,187,0.0999298,0.80007,0.700018,996.626,-0.000341633,0.000341621,0.999688
0.09,188,0.0999811,0.800019,0.800019,994.247,-0.000349281,0.000349262,1.00002
0.09,189,0.100003,0.799997,0.900032,787.718,-0.000188681,0.000188667,1.00022
0.09,190,0.100005,0.900033,-3.31253e-05,622.608,8.78798e-05,6.64504e-06,1.00031
0.09,191,0.100003,0.900032,0.100003,787.718,8.72595e-05,-0.000148876,1.0001
0.09,192,0.0999983,0.900039,0.199998,790.077,8.75802e-05,-0.000156385,0.999805
0.09,193,0.0999965,0.900042,0.299999,790.205,3.22306e-05,-5.6736e-05,0.999636
0.09,194,0.0999957,0.900043,0.4,790.258,8.05748e-06,-1.47968e-05,0.99959
0.09,195,0.0999957,0.900043,0.5,790.258,-8.05748e-06,1.47968e-05,0.99959
0.09,196,0.0999965,0.900042,0.600001,790.205,-3.22306e-05,5.6736e-05,0.999636
0.09,197,0.0999983,0.900039,0.700002,790.077,-8.75802e-05,0.000156385,0.999805
0.09,198,0.100003,0.900032,0.799997,787.718,-8.72595e-05,0.000148876,1.0001
0.09,199,0.100005,0.900033,0.900033,622.608,-8.78798e-05,-6.64504e-06,1.00031
0.09,200,0.2,-3.32394e-05,-3.32376e-05,624.734,3.10043e-05,7.87964e-05,1.00008
0.09,201,0.199998,-3.86232e-05,0.0999983,790.077,8.37608e-05,0.000367768,0.999765
0.09,202,0.199995,-6.64645e-05,0.199995,792.481,8.29156e-05,0.000367121,0.999318
0.09,203,0.199993,-7.49972e-05,0.299997,792.72,3.23901e-05,0.000130911,0.999014
0.09,204,0.199992,-7.95375e-05,0.4,792.826,8.59271e-06,3.39315e-05,0.998933
0.09,205,0.199992,-7.95375e-05,0.5,792.826,-8.59271e-06,-3.39315e-05,0.998933
0.09,206,0.199993,-7.49972e-05,0.600003,792.72,-3.23901e-05,-0.000130911,0.999014
0.09,207,0.199995,-6.64645e-05,0.700005,792.481,-8.29156e-05,-0.000367121,0.999318
0.09,208,0.199998,-3.86232e-05,0.800002,790.077,-8.37608e-05,-0.000367768,0.999765
0.09,209,0.2,-3.32394e-05,0.900033,624.734,-3.10043e-05,-7.87964e-05,1.00008
0.09,210,0.199998,0.0999983,-3.86258e-05,790.077,0.000120573,0.000359005,1.00009
0.09,211,0.199982,0.0999298,0.0999298,996.626,0.000331066,0.000811595,0.999989
0.09,212,0.199936,0.0997583,0.199936,998.491,0.000331319,0.000802261,0.999799
0.09,213,0.19992,0.0997028,0.299997,998.65,0.000123559,0.000286159,0.999657
0.09,214,0.199916,0.0996878,0.399992,998.947,3.13205e-05,6.6508e-05,0.999598
0.09,215,0.199916,0.0996878,0.500008,998.947,-3.13205e-05,-6.6508e-05,0.999598
0.09,216,0.19992,0.0997028,0.600003,998.65,-0.000123559,-0.000286159,0.999657
0.09,217,0.199936,0.0997583,0.700064,998.491,-0.000331319,-0.000802261,0.999799
0.09,218,0.199982,0.0999298,0.80007,996.626,-0.000331066,-0.000811595,0.999989
0.09,219,0.199998,0.0999983,0.900039,790.077,-0.000120573,-0.000359005,1.00009
0.09,220,0.199995,0.199995,-6.64753e-05,792.481,0.000286124,0.000286098,1.00015
0.09,221,0.199936,0.199936,0.0997583,998.491,0.000786497,0.000786466,1.00069
0.09,222,0.199762,0.199762,0.199762,998.439,0.000805482,0.000805462,1.00158
0.09,223,0.199703,0.199703,0.29998,997.977,0.000309354,0.000309355,1.00205
0.09,224,0.199685,0.199685,0.399972,998.451,8.08633e-05,8.08684e-05,1.00213
0.09,225,0.199685,0.199685,0.500028,998.451,-8.08633e-05,-8.08684e-05,1.00213
0.09,226,0.199703,0.199703,0.60002,997.977,-0.000309354,-0.000309355,1.00205
0.09,227,0.199762,0.199762,0.700238,998.439,-0.000805482,-0.000805462,1.00158
0.09,228,0.199936,0.199936,0.800242,998.491,-0.000786497,-0.000786466,1.00069
0.09,229,0.199995,0.199995,0.900066,792.481,-0.000286124,-0.000286098,1.00015
0.09,230,0.199993,0.299997,-7.50119e-05,792.72,0.000383461,8.38739e-05,1.00018
0.09,231,0.19992,0.299997,0.0997028,998.65,0.00106074,0.000274987,1.00078
0.09,232,0.199703,0.29998,0.199703,997.977,0.00110362,0.000307108,1.00181
0.09,233,0.199623,0.29997,0.29997,997.407,0.00044941,0.000165567,1.00237
0.09,234,0.199596,0.299955,0.399959,997.978,0.000127967,6.74463e-05,1.00247
0.09,235,0.199596,0.299955,0.500041,997.978,-0.000127967,-6.74463e-05,1.00247
0.09,236,0.199623,0.29997,0.60003,997.407,-0.00044941,-0.000165567,1.00237
0.09,237,0.199703,0.29998,0.700297,997.977,-0.00110362,-0.000307108,1.00181
0.09,238,0.19992,0.299997,0.800297,998.65,-0.00106074,-0.000274987,1.00078
0.09,239,0.199993,0.299997,0.900075,792.72,-0.000383461,-8.38739e-05,1.00018
0.09,240,0.199992,0.4,-7.95521e-05,792.826,0.000413586,2.27921e-05,1.00013
0.09,241,0.199916,0.399992,0.0996878,998.947,0.00115074,6.27118e-05,1.00056
0.09,242,0.199685,0.399972,0.199685,998.452,0.00121255,8.38419e-05,1.0013
0.09,243,0.199596,0.399959,0.299955,997.978,0.000527382,6.99484e-05,1.00174
0.09,244,0.199557,0.399946,0.399946,998.474,0.000164468,3.51655e-05,1.00188
0.09,245,0.199557,0.399946,0.500054,998.474,-0.000164468,-3.51655e-05,1.00188
0.09,246,0.199596,0.399959,0.600045,997.978,-0.000527382,-6.99484e-05,1.00174
0.09,247,0.199685,0.399972,0.700315,998.452,-0.00121255,-8.38419e-05,1.0013
0.09,248,0.199916,0.399992,0.800312,998.947,-0.00115074,-6.27118e-05,1.00056
0.09,249,0.199992,0.4,0.90008,792.826,-0.000413586,-2.27921e-05,1.00013
0.09,250,0.199992,0.5,-7.95521e-05,792.826,0.000413586,-2.27921e-05,1.00013
0.09,251,0.199916,0.500008,0.0996878,998.947,0.00115074,-6.27118e-05,1.00056
0.09,252,0.199685,0.500028,0.199685,998.452,0.00121255,-8.38419e-05,1.0013
0.09,253,0.199596,0.500041,0.299955,997.978,0.000527382,-6.99484e-05,1.00174
0.09,254,0.199557,0.500054,0.399946,998.474,0.000164468,-3.51655e-05,1.00188
0.09,255,0.199557,0.500054,0.500054,998.474,-0.000164468,3.51655e-05,1.00188
0.09,256,0.199596,0.500041,0.600045,997.978,-0.000527382,6.99484e-05,1.00174
0.09,257,0.199685,0.500028,0.700315,998.452,-0.00121255,8.38419e-05,1.0013
0.09,258,0.199916,0.500008,0.800312,998.947,-0.00115074,6.27118e-05,1.00056
0.09,259,0.199992,0.5,0.90008,792.826,-0.000413586,2.27921e-05,1.00013
0.09,260,0.199993,0.600003,-7.50119e-05,792.72,0.000383461,-8.38739e-05,1.00018
0.09,261,0.19992,0.600003,0.0997028,998.65,0.00106074,-0.000274987,1.00078
0.09,262,0.199703,0.60002,0.199703,997.977,0.00110362,-0.000307108,1.00181
0.09,263,0.199623,0.60003,0.29997,997.407,0.00044941,-0.000165567,1.00237
0.09,264,0.199596,0.600045,0.399959,997.978,0.000127967,-6.74463e-05,1.00247
0.09,265,0.199596,0.600045,0.500041,997.978,-0.000127967,6.74463e-05,1.00247
0.09,266,0.199623,0.60003,0.60003,997.407,-0.00044941,0.000165567,1.00237
0.09,267,0.199703,0.60002,0.700297,997.977,-0.00110362,0.000307108,1.00181
0.09,268,0.19992,0.600003,0.800297,998.65,-0.00106074,0.000274987,1.00078
0.09,269,0.199993,0.600003,0.900075,792.72,-0.000383461,8.38739e-05,1.00018
0.09,270,0.199995,0.700005,-6.64753e-05,792.481,0.000286124,-0.000286098,1.00015
0.09,271,0.199936,0.700064,0.0997583,998.491,0.000786497,-0.000786466,1.00069
0.09,272,0.199762,0.700238,0.199762,998.439,0.000805482,-0.000805462,1.00158
0.09,273,0.199703,0.700297,0.29998,997.977,0.000309354,-0.000309355,1.00205
0.09,274,0.199685,0.700315,0.399972,998.451,8.08633e-05,-8.08684e-05,1.00213
0.09,275,0.199685,0.700315,0.500028,998.451,-8.08633e-05,8.08684e-05,1.00213
0.09,276,0.199703,0.700297,0.60002,997.977,-0.000309354,0.000309355,1.00205
0.09,277,0.199762,0.700238,0.700238,998.439,-0.000805482,0.000805462,1.00158
0.09,278,0.199936,0.700064,0.800242,998.491,-0.000786497,0.000786466,1.00069
0.09,279,0.199995,0.700005,0.900066,792.481,-0.000286124,0.000286098,1.00015
0.09,280,0.199998,0.800002,-3.86258e-05,790.077,0.000120573,-0.000359005,1.00009
0.09,281,0.199982,0.80007,0.0999298,996.626,0.000331066,-0.000811595,0.999989
0.09,282,0.199936,0.800242,0.199936,998.491,0.000331319,-0.000802261,0.999799
0.09,283,0.19992,0.800297,0.299997,998.65,0.000123559,-0.000286159,0.999657
0.09,284,0.199916,0.800312,0.399992,998.947,3.13205e-05,-6.6508e-05,0.999598
0.09,285,0.199916,0.800312,0.500008,998.947,-3.13205e-05,6.6508e-05,0.999598
0.09,286,0.19992,0.800297,0.600003,998.65,-0.000123559,0.000286159,0.999657
0.09,287,0.199936,0.800242,0.700064,998.491,-0.000331319,0.000802261,0.999799
0.09,288,0.199982,0.80007,0.80007,996.626,-0.000331066,0.000811595,0.999989
0.09,289,0.199998,0.800002,0.900039,790.077,-0.000120573,0.000359005,1.00009
0.09,290,0.2,0.900033,-3.32376e-05,624.734,3.10043e-05,-7.87964e-05,1.00008
0.09,291,0.199998,0.900039,0.0999983,790.077,8.37608e-05,-0.000367768,0.999765
0.09,292,0.199995,0.900066,0.199995,792.481,8.29156e-05,-0.000367121,0.999318
0.09,293,0.199993,0.900075,0.299997,792.72,3.23901e-05,-0.000130911,0.999014
0.09,294,0.199992,0.90008,0.4,792.826,8.59271e-06,-3.39315e-05,0.998933
0.09,295,0.199992,0.90008,0.5,792.826,-8.59271e-06,3.39315e-05,0.998933
0.09,296,0.199993,0.900075,0.600003,792.72,-3.23901e-05,0.000130911,0.999014
0.09,297,0.199995,0.900066,0.700005,792.481,-8.29156e-05,0.000367121,0.999318
0.09,298,0.199998,0.900039,0.800002,790.077,-8.37608e-05,0.000367768,0.999765
0.09,299,0.2,0.900033,0.900033,624.734,-3.10043e-05,7.87964e-05,1.00008
0.09,300,0.3,-3.4076e-05,-3.40735e-05,624.777,1.18114e-05,0.000125497,1.00005
0.09,301,0.299999,-4.18526e-05,0.0999965,790.205,2.89323e-05,0.000491517,0.999628
0.09,302,0.299997,-7.4997e-05,0.199993,792.72,3.12993e-05,0.000490118,0.998991
0.09,303,0.299996,-8.59081e-05,0.299996,793.055,1.7506e-05,0.000182268,0.998565
0.09,304,0.299996,-9.20563e-05,0.4,793.204,6.65201e-06,5.08375e-05,0.998443
0.09,305,0.299996,-9.20563e-05,0.5,793.204,-6.65201e-06,-5.08375e-05,0.998443
0.09,306,0.299996,-8.59081e-05,0.600004,793.055,-1.7506e-05,-0.000182268,0.998565
0.09,307,0.299997,-7.4997e-05,0.700007,792.72,-3.12993e-05,-0.000490118,0.998991
0.09,308,0.299999,-4.18526e-05,0.800004,790.205,-2.89323e-05,-0.000491517,0.999628
0.09,309,0.3,-3.4076e-05,0.900034,624.777,-1.18114e-05,-0.000125497,1.00005
0.09,310,0.299999,0.0999965,-4.18561e-05,790.205,3.47038e-05,0.000459907,1.00007
0.09,311,0.299998,0.0999135,0.0999135,996.834,0.000109849,0.00107957,0.999881
0.09,312,0.299997,0.0997028,0.19992,998.65,0.000120275,0.00107694,0.999534
0.09,313,0.299994,0.0996324,0.299994,998.913,6.37011e-05,0.000403119,0.999289
0.09,314,0.29999,0.09961,0.399989,999.303,2.56361e-05,0.00010253,0.999194
0.09,315,0.29999,0.09961,0.500011,999.303,-2.56361e-05,-0.00010253,0.999194
0.09,316,0.299994,0.0996324,0.600006,998.913,-6.37011e-05,-0.000403119,0.999289
0.09,317,0.299997,0.0997028,0.70008,998.65,-0.000120275,-0.00107694,0.999534
0.09,318,0.299998,0.0999135,0.800086,996.834,-0.000109849,-0.00107957,0.999881
0.09,319,0.299999,0.0999965,0.900042,790.205,-3.47038e-05,-0.000459907,1.00007
0.09,320,0.299997,0.199993,-7.50119e-05,792.72,8.38828e-05,0.000383426,1.00018
0.09,321,0.299997,0.19992,0.0997028,998.65,0.000275003,0.00106069,1.00078
0.09,322,0.29998,0.199703,0.199703,997.977,0.000307119,0.00110359,1.00181
0.09,323,0.29997,0.199623,0.29997,997.407,0.000165567,0.00044941,1.00237
0.09,324,0.299955,0.199596,0.399959,997.978,6.74441e-05,0.000127973,1.00247
0.09,325,0.299955,0.199596,0.500041,997.978,-6.74441e-05,-0.000127973,1.00247
0.09,326,0.29997,0.199623,0.60003,997.407,-0.000165567,-0.00044941,1.00237
0.09,327,0.29998,0.199703,0.700297,997.977,-0.000307119,-0.00110359,1.00181
0.09,328,0.299997,0.19992,0.800297,998.65,-0.000275003,-0.00106069,1.00078
0.09,329,0.299997,0.199993,0.900075,792.72,-8.38828e-05,-0.000383426,1.00018
0.09,330,0.299996,0.299996,-8.59281e-05,793.055,0.0001179,0.000117888,1.00021
0.09,331,0.299994,0.299994,0.0996324,998.913,0.00039075,0.000390729,1.00086
0.09,332,0.29997,0.29997,0.199623,997.407,0.00044809,0.000448074,1.00208
0.09,333,0.299954,0.299954,0.299954,996.66,0.00025801,0.000258009,1.00277
0.09,334,0.29993,0.29993,0.399938,997.303,0.000108321,0.000108324,1.00294
0.09,335,0.29993,0.29993,0.500062,997.303,-0.000108321,-0.000108324,1.00294
0.09,336,0.299954,0.299954,0.600046,996.66,-0.00025801,-0.000258009,1.00277
0.09,337,0.29997,0.29997,0.700377,997.407,-0.00044809,-0.000448074,1.00208
0.09,338,0.299994,0.299994,0.800368,998.913,-0.00039075,-0.000390729,1.00086
0.09,339,0.299996,0.299996,0.900086,793.055,-0.0001179,-0.000117888,1.00021
0.09,340,0.299996,0.4,-9.20763e-05,793.204,0.000136933,3.57827e-05,1.00015
0.09,341,0.29999,0.399989,0.0996101,999.302,0.000450131,9.91053e-05,1.00059
0.09,342,0.299955,0.399959,0.199596,997.978,0.000526381,0.000134367,1.00146
0.09,343,0.29993,0.399938,0.29993,997.303,0.000321373,0.000113093,1.00204
0.09,344,0.299898,0.399919,0.399919,997.793,0.000139109,5.63152e-05,1.0023
0.09,345,0.299898,0.399919,0.500081,997.793,-0.000139109,-5.63152e-05,1.0023
0.09,346,0.29993,0.399938,0.60007,997.303,-0.000321373,-0.000113093,1.00204
0.09,347,0.299955,0.399959,0.700404,997.978,-0.000526381,-0.000134367,1.00146
0.09,348,0.29999,0.399989,0.80039,999.302,-0.000450131,-9.91053e-05,1.00059
0.09,349,0.299996,0.4,0.900092,793.204,-0.000136933,-3.57827e-05,1.00015
0.09,350,0.299996,0.5,-9.20763e-05,793.204,0.000136933,-3.57827e-05,1.00015
0.09,351,0.29999,0.500011,0.0996101,999.302,0.000450131,-9.91053e-05,1.00059
0.09,352,0.299955,0.500041,0.199596,997.978,0.000526381,-0.000134367,1.00146
0.09,353,0.29993,0.500062,0.29993,997.303,0.000321373,-0.000113093,1.00204
0.09,354,0.299898,0.500081,0.399919,997.793,0.000139109,-5.63152e-05,1.0023
0.09,355,0.299898,0.500081,0.500081,997.793,-0.000139109,5.63152e-05,1.0023
0.09,356,0.29993,0.500062,0.60007,997.303,-0.000321373,0.000113093,1.00204
0.09,357,0.299955,0.500041,0.700404,997.978,-0.000526381,0.000134367,1.00146
0.09,358,0.29999,0.500011,0.80039,999.302,-0.000450131,9.91053e-05,1.00059
0.09,359,0.299996,0.5,0.900092,793.204,-0.000136933,3.57827e-05,1.00015
0.09,360,0.299996,0.600004,-8.59281e-05,793.055,0.0001179,-0.000117888,1.00021
0.09,361,0.299994,0.600006,0.0996324,998.913,0.00039075,-0.000390729,1.00086
0.09,362,0.29997,0.60003,0.199623,997.407,0.00044809,-0.000448074,1.00208
0.09,363,0.299954,0.600046,0.299954,996.66,0.00025801,-0.000258009,1.00277
0.09,364,0.29993,0.60007,0.399938,997.303,0.000108321,-0.000108324,1.00294
0.09,365,0.29993,0.60007,0.500062,997.303,-0.000108321,0.000108324,1.00294
0.09,366,0.299954,0.600046,0.600046,996.66,-0.00025801,0.000258009,1.00277
0.09,367,0.29997,0.60003,0.700377,997.407,-0.00044809,0.000448074,1.00208
0.09,368,0.299994,0.600006,0.800368,998.913,-0.00039075,0.000390729,1.00086
0.09,369,0.299996,0.600004,0.900086,793.055,-0.0001179,0.000117888,1.00021
0.09,370,0.299997,0.700007,-7.50119e-05,792.72,8.38828e-05,-0.000383426,1.00018
0.09,371,0.299997,0.70008,0.0997028,998.65,0.000275003,-0.00106069,1.00078
0.09,372,0.29998,0.700297,0.199703,997.977,0.000307119,-0.00110359,1.00181
0.09,373,0.29997,0.700377,0.29997,997.407,0.000165567,-0.00044941,1.00237
0.09,374,0.299955,0.700404,0.399959,997.978,6.74441e-05,-0.000127973,1.00247
0.09,375,0.299955,0.700404,0.500041,997.978,-6.74441e-05,0.000127973,1.00247
0.09,376,0.29997,0.700377,0.60003,997.407,-0.000165567,0.00044941,1.00237
0.09,377,0.29998,0.700297,0.700297,997.977,-0.000307119,0.00110359,1.00181
0.09,378,0.299997,0.70008,0.800297,998.65,-0.000275003,0.00106069,1.00078
0.09,379,0.299997,0.700007,0.900075,792.72,-8.38828e-05,0.000383426,1.00018
0.09,380,0.299999,0.800004,-4.18561e-05,790.205,3.47038e-05,-0.000459907,1.00007
0.09,381,0.299998,0.800086,0.0999135,996.834,0.000109849,-0.00107957,0.999881
0.09,382,0.299997,0.800297,0.19992,998.65,0.000120275,-0.00107694,0.999534
0.09,383,0.299994,0.800368,0.299994,998.913,6.37011e-05,-0.000403119,0.999289
0.09,384,0.29999,0.80039,0.399989,999.303,2.56361e-05,-0.00010253,0.999194
0.09,385,0.29999,0.80039,0.500011,999.303,-2.56361e-05,0.00010253,0.999194
0.09,386,0.299994,0.800368,0.600006,998.913,-6.37011e-05,0.000403119,0.999289
0.09,387,0.299997,0.800297,0.70008,998.65,-0.000120275,0.00107694,0.999534
0.09,388,0.299998,0.800086,0.800086,996.834,-0.000109849,0.00107957,0.999881
0.09,389,0.299999,0.800004,0.900042,790.205,-3.47038e-05,0.000459907,1.00007
0.09,390,0.3,0.900034,-3.40735e-05,624.777,1.18114e-05,-0.000125497,1.00005
0.09,391,0.299999,0.900042,0.0999965,790.205,2.89323e-05,-0.000491517,0.999628
0.09,392,0.299997,0.900075,0.199993,792.72,3.12993e-05,-0.000490118,0.998991
0.09,393,0.299996,0.900086,0.299996,793.055,1.7506e-05,-0.000182268,0.998565
0.09,394,0.299996,0.900092,0.4,793.204,6.65201e-06,-5.08375e-05,0.998443
0.09,395,0.299996,0.900092,0.5,793.204,-6.65201e-06,5.08375e-05,0.998443
0.09,396,0.299996,0.900086,0.600004,793.055,-1.7506e-05,0.000182268,0.998565
0.09,397,0.299997,0.900075,0.700007,792.72,-3.12993e-05,0.000490118,0.998991
0.09,398,0.299999,0.900042,0.800004,790.205,-2.89323e-05,0.000491517,0.999628
0.09,399,0.3,0.900034,0.900034,624.777,-1.18114e-05,0.000125497,1.00005
0.09,400,0.4,-3.43938e-05,-3.43911e-05,624.792,3.22782e-06,0.000141303,1.00004
0.09,401,0.4,-4.34042e-05,0.0999957,790.258,6.66518e-06,0.000529869,0.999568
0.09,402,0.4,-7.9536e-05,0.199992,792.826,8.18084e-06,0.000532065,0.998851
0.09,403,0.4,-9.20545e-05,0.299996,793.204,6.80531e-06,0.000209772,0.998371
0.09,404,0.399999,-9.96617e-05,0.399999,793.369,3.21574e-06,6.34602e-05,0.998227
0.09,405,0.399999,-9.96617e-05,0.500001,793.369,-3.21574e-06,-6.34602e-05,0.998227
0.09,406,0.4,-9.20545e-05,0.600004,793.204,-6.80531e-06,-0.000209772,0.998371
0.09,407,0.4,-7.9536e-05,0.700008,792.826,-8.18084e-06,-0.000532065,0.998851
0.09,408,0.4,-4.34042e-05,0.800004,790.258,-6.66518e-06,-0.000529869,0.999568
0.09,409,0.4,-3.43938e-05,0.900034,624.792,-3.22782e-06,-0.000141303,1.00004
0.09,410,0.4,0.0999957,-4.34078e-05,790.258,9.35238e-06,0.000489244,1.00004
0.09,411,0.399998,0.0999086,0.0999086,996.994,2.39397e-05,0.0011592,0.99975
0.09,412,0.399992,0.0996878,0.199916,998.947,3.12922e-05,0.00116756,0.999219
0.09,413,0.399989,0.09961,0.29999,999.303,2.65324e-05,0.000464245,0.998876
0.09,414,0.399986,0.0995784,0.399986,999.693,1.33705e-05,0.000130586,0.998768
0.09,415,0.399986,0.0995784,0.500014,999.693,-1.33705e-05,-0.000130586,0.998768
0.09,416,0.399989,0.09961,0.60001,999.303,-2.65324e-05,-0.000464245,0.998876
0.09,417,0.399992,0.0996878,0.700084,998.947,-3.12922e-05,-0.00116756,0.999219
0.09,418,0.399998,0.0999086,0.800091,996.994,-2.39397e-05,-0.0011592,0.99975
0.09,419,0.4,0.0999957,0.900043,790.258,-9.35238e-06,-0.000489244,1.00004
0.09,420,0.4,0.199992,-7.9552e-05,792.826,2.27936e-05,0.000413548,1.00013
0.09,421,0.399992,0.199916,0.0996878,998.947,6.2716e-05,0.00115069,1.00056
0.09,422,0.399972,0.199685,0.199685,998.452,8.38452e-05,0.00121252,1.0013
0.09,423,0.399959,0.199596,0.299955,997.978,6.9949e-05,0.000527381,1.00174
0.09,424,0.399946,0.199557,0.399946,998.474,3.51651e-05,0.000164475,1.00188
0.09,425,0.399946,0.199557,0.500054,998.474,-3.51651e-05,-0.000164475,1.00188
0.09,426,0.399959,0.199596,0.600045,997.978,-6.9949e-05,-0.000527381,1.00174
0.09,427,0.399972,0.199685,0.700315,998.452,-8.38452e-05,-0.00121252,1.0013
0.09,428,0.399992,0.199916,0.800312,998.947,-6.2716e-05,-0.00115069,1.00056
0.09,429,0.4,0.199992,0.90008,792.826,-2.27936e-05,-0.000413548,1.00013
0.09,430,0.4,0.299996,-9.20763e-05,793.204,3.57849e-05,0.00013692,1.00015
0.09,431,0.399989,0.29999,0.0996101,999.302,9.91109e-05,0.000450107,1.00059
0.09,432,0.399959,0.299955,0.199596,997.978,0.000134372,0.000526363,1.00146
0.09,433,0.399938,0.29993,0.29993,997.303,0.000113094,0.000321371,1.00204
0.09,434,0.399919,0.299898,0.399919,997.793,5.63148e-05,0.000139112,1.0023
0.09,435,0.399919,0.299898,0.500081,997.793,-5.63148e-05,-0.000139112,1.0023
0.09,436,0.399938,0.29993,0.60007,997.303,-0.000113094,-0.000321371,1.00204
0.09,437,0.399959,0.299955,0.700404,997.978,-0.000134372,-0.000526363,1.00146
0.09,438,0.399989,0.29999,0.80039,999.302,-9.91109e-05,-0.000450107,1.00059
0.09,439,0.4,0.299996,0.900092,793.204,-3.57849e-05,-0.00013692,1.00015
0.09,440,0.399999,0.399999,-9.96836e-05,793.369,4.55072e-05,4.55046e-05,1.0001
0.09,441,0.399986,0.399986,0.0995784,999.693,0.000126626,0.00012662,1.00035
0.09,442,0.399946,0.399946,0.199557,998.475,0.000172046,0.000172041,1.00092
0.09,443,0.399919,0.399919,0.299898,997.793,0.000144413,0.000144411,1.00145
0.09,444,0.399893,0.399893,0.399893,998.05,7.11916e-05,7.1192e-05,1.00184
0.09,445,0.399893,0.399893,0.500107,998.05,-7.11916e-05,-7.1192e-05,1.00184
0.09,446,0.399919,0.399919,0.600102,997.793,-0.000144413,-0.000144411,1.00145
0.09,447,0.399946,0.399946,0.700443,998.475,-0.000172046,-0.000172041,1.00092
0.09,448,0.399986,0.399986,0.800422,999.693,-0.000126626,-0.00012662,1.00035
0.09,449,0.399999,0.399999,0.9001,793.369,-4.55072e-05,-4.55046e-05,1.0001
0.09,450,0.399999,0.500001,-9.96836e-05,793.369,4.55072e-05,-4.55046e-05,1.0001
0.09,451,0.399986,0.500014,0.0995784,999.693,0.000126626,-0.00012662,1.00035
0.09,452,0.399946,0.500054,0.199557,998.475,0.000172046,-0.000172041,1.00092
0.09,453,0.399919,0.500081,0.299898,997.793,0.000144413,-0.000144411,1.00145
0.09,454,0.399893,0.500107,0.399893,998.05,7.11916e-05,-7.1192e-05,1.00184
0.09,455,0.399893,0.500107,0.500107,998.05,-7.11916e-05,7.1192e-05,1.00184
0.09,456,0.399919,0.500081,0.600102,997.793,-0.000144413,0.000144411,1.00145
0.09,457,0.399946,0.500054,0.700443,998.475,-0.000172046,0.000172041,1.00092
0.09,458,0.399986,0.500014,0.800422,999.693,-0.000126626,0.00012662,1.00035
0.09,459,0.399999,0.500001,0.9001,793.369,-4.55072e-05,4.55046e-05,1.0001
0.09,460,0.4,0.600004,-9.20763e-05,793.204,3.57849e-05,-0.00013692,1.00015
0.09,461,0.399989,0.60001,0.0996101,999.302,9.91109e-05,-0.000450107,1.00059
0.09,462,0.399959,0.600045,0.199596,997.978,0.000134372,-0.000526363,1.00146
0.09,463,0.399938,0.60007,0.29993,997.303,0.000113094,-0.000321371,1.00204
0.09,464,0.399919,0.600102,0.399919,997.793,5.63148e-05,-0.000139112,1.0023
0.09,465,0.399919,0.600102,0.500081,997.793,-5.63148e-05,0.000139112,1.0023
0.09,466,0.399938,0.60007,0.60007,997.303,-0.000113094,0.000321371,1.00204
0.09,467,0.399959,0.600045,0.700404,997.978,-0.000134372,0.000526363,1.00146
0.09,468,0.399989,0.60001,0.80039,999.302,-9.91109e-05,0.000450107,1.00059
0.09,469,0.4,0.600004,0.900092,793.204,-3.57849e-05,0.00013692,1.00015
0.09,470,0.4,0.700008,-7.9552e-05,792.826,2.27936e-05,-0.000413548,1.00013
0.09,471,0.399992,0.700084,0.0996878,998.947,6.2716e-05,-0.00115069,1.00056
0.09,472,0.399972,0.700315,0.199685,998.452,8.38452e-05,-0.00121252,1.0013
0.09,473,0.399959,0.700404,0.299955,997.978,6.9949e-05,-0.000527381,1.00174
0.09,474,0.399946,0.700443,0.399946,998.474,3.51651e-05,-0.000164475,1.00188
0.09,475,0.399946,0.700443,0.500054,998.474,-3.51651e-05,0.000164475,1.00188
0.09,476,0.399959,0.700404,0.600045,997.978,-6.9949e-05,0.000527381,1.00174
0.09,477,0.399972,0.700315,0.700315,998.452,-8.38452e-05,0.00121252,1.0013
0.09,478,0.399992,0.700084,0.800312,998.947,-6.2716e-05,0.00115069,1.00056
0.09,479,0.4,0.700008,0.90008,792.826,-2.27936e-05,0.000413548,1.00013
0.09,480,0.4,0.800004,-4.34078e-05,790.258,9.35238e-06,-0.000489244,1.00004
0.09,481,0.399998,0.800091,0.0999086,996.994,2.39397e-05,-0.0011592,0.99975
0.09,482,0.399992,0.800312,0.199916,998.947,3.12922e-05,-0.00116756,0.999219
0.09,483,0.399989,0.80039,0.29999,999.303,2.65324e-05,-0.000464245,0.998876
0.09,484,0.399986,0.800422,0.399986,999.693,1.33705e-05,-0.000130586,0.998768
0.09,485,0.399986,0.800422,0.500014,999.693,-1.33705e-05,0.000130586,0.998768
0.09,486,0.399989,0.80039,0.60001,999.303,-2.65324e-05,0.000464245,0.998876
0.09,487,0.399992,0.800312,0.700084,998.947,-3.12922e-05,0.00116756,0.999219
0.09,488,0.399998,0.800091,0.800091,996.994,-2.39397e-05,0.0011592,0.99975
0.09,489,0.4,0.800004,0.900043,790.258,-9.35238e-06,0.000489244,1.00004
0.09,490,0.4,0.900034,-3.43911e-05,624.792,3.22782e-06,-0.000141303,1.00004
0.09,491,0.4,0.900043,0.0999957,790.258,6.66518e-06,-0.000529869,0.999568
0.09,492,0.4,0.90008,0.199992,792.826,8.18084e-06,-0.000532065,0.998851
0.09,493,0.4,0.900092,0.299996,793.204,6.80531e-06,-0.000209772,0.998371
0.09,494,0.399999,0.9001,0.399999,793.369,3.21574e-06,-6.34602e-05,0.998227
0.09,495,0.399999,0.9001,0.500001,793.369,-3.21574e-06,6.34602e-05,0.998227
0.09,496,0.4,0.900092,0.600004,793.204,-6.80531e-06,0.000209772,0.998371
0.09,497,0.4,0.90008,0.700008,792.826,-8.18084e-06,0.000532065,0.998851
0.09,498,0.4,0.900043,0.800004,790.258,-6.66518e-06,0.000529869,0.999568
0.09,499,0.4,0.900034,0.900034,624.792,-3.22782e-06,0.000141303,1.00004
0.09,500,0.5,-3.43938e-05,-3.43911e-05,624.792,-3.22782e-06,0.000141303,1.00004
0.09,501,0.5,-4.34042e-05,0.0999957,790.258,-6.66518e-06,0.000529869,0.999568
0.09,502,0.5,-7.9536e-05,0.199992,792.826,-8.18084e-06,0.000532065,0.998851
0.09,503,0.5,-9.20545e-05,0.299996,793.204,-6.80531e-06,0.000209772,0.998371
0.09,504,0.500001,-9.96617e-05,0.399999,793.369,-3.21574e-06,6.34602e-05,0.998227
0.09,505,0.500001,-9.96617e-05,0.500001,793.369,3.21574e-06,-6.34602e-05,0.998227
0.09,506,0.5,-9.20545e-05,0.600004,793.204,6.80531e-06,-0.000209772,0.998371
0.09,507,0.5,-7.9536e-05,0.700008,792.826,8.18084e-06,-0.000532065,0.998851
0.09,508,0.5,-4.34042e-05,0.800004,790.258,6.66518e-06,-0.000529869,0.999568
0.09,509,0.5,-3.43938e-05,0.900034,624.792,3.22782e-06,-0.000141303,1.00004
0.09,510,0.5,0.0999957,-4.34078e-05,790.258,-9.35238e-06,0.000489244,1.00004
0.09,511,0.500002,0.0999086,0.0999086,996.994,-2.39397e-05,0.0011592,0.99975
0.09,512,0.500008,0.0996878,0.199916,998.947,-3.12922e-05,0.00116756,0.999219
0.09,513,0.500011,0.09961,0.29999,999.303,-2.65324e-05,0.000464245,0.998876
0.09,514,0.500014,0.0995784,0.399986,999.693,-1.33705e-05,0.000130586,0.998768
0.09,515,0.500014,0.0995784,0.500014,999.693,1.33705e-05,-0.000130586,0.998768
0.09,516,0.500011,0.09961,0.60001,999.303,2.65324e-05,-0.000464245,0.998876
0.09,517,0.500008,0.0996878,0.700084,998.947,3.12922e-05,-0.00116756,0.999219
0.09,518,0.500002,0.0999086,0.800091,996.994,2.39397e-05,-0.0011592,0.99975
0.09,519,0.5,0.0999957,0.900043,790.258,9.35238e-06,-0.000489244,1.00004
0.09,520,0.5,0.199992,-7.9552e-05,792.826,-2.27936e-05,0.000413548,1.00013
0.09,521,0.500008,0.199916,0.0996878,998.947,-6.2716e-05,0.00115069,1.00056
0.09,522,0.500028,0.199685,0.199685,998.452,-8.38452e-05,0.00121252,1.0013
0.09,523,0.500041,0.199596,0.299955,997.978,-6.9949e-05,0.000527381,1.00174
0.09,524,0.500054,0.199557,0.399946,998.474,-3.51651e-05,0.000164475,1.00188
0.09,525,0.500054,0.199557,0.500054,998.474,3.51651e-05,-0.000164475,1.00188
0.09,526,0.500041,0.199596,0.600045,997.978,6.9949e-05,-0.000527381,1.00174
0.09,527,0.500028,0.199685,0.700315,998.452,8.38452e-05,-0.00121252,1.0013
0.09,528,0.500008,0.199916,0.800312,998.947,6.2716e-05,-0.00115069,1.00056
0.09,529,0.5,0.199992,0.90008,792.826,2.27936e-05,-0.000413548,1.00013
0.09,530,0.5,0.299996,-9.20763e-05,793.204,-3.57849e-05,0.00013692,1.00015
0.09,531,0.500011,0.29999,0.0996101,999.302,-9.91109e-05,0.000450107,1.00059
0.09,532,0.500041,0.299955,0.199596,997.978,-0.000134372,0.000526363,1.00146
0.09,533,0.500062,0.29993,0.29993,997.303,-0.000113094,0.000321371,1.00204
0.09,534,0.500081,0.299898,0.399919,997.793,-5.63148e-05,0.000139112,1.0023
0.09,535,0.500081,0.299898,0.500081,997.793,5.63148e-05,-0.000139112,1.0023
0.09,536,0.500062,0.29993,0.60007,997.303,0.000113094,-0.000321371,1.00204
0.09,537,0.500041,0.299955,0.700404,997.978,0.000134372,-0.000526363,1.00146
0.09,538,0.500011,0.29999,0.80039,999.302,9.91109e-05,-0.000450107,1.00059
0.09,539,0.5,0.299996,0.900092,793.204,3.57849e-05,-0.00013692,1.00015
0.09,540,0.500001,0.399999,-9.96836e-05,793.369,-4.55072e-05,4.55046e-05,1.0001
0.09,541,0.500014,0.399986,0.0995784,999.693,-0.000126626,0.00012662,1.00035
0.09,542,0.500054,0.399946,0.199557,998.475,-0.000172046,0.000172041,1.00092
0.09,543,0.500081,0.399919,0.299898,997.793,-0.000144413,0.000144411,1.00145
0.09,544,0.500107,0.399893,0.399893,998.05,-7.11916e-05,7.1192e-05,1.00184
0.09,545,0.500107,0.399893,0.500107,998.05,7.11916e-05,-7.1192e-05,1.00184
0.09,546,0.500081,0.399919,0.600102,997.793,0.000144413,-0.000144411,1.00145
0.09,547,0.500054,0.399946,0.700443,998.475,0.000172046,-0.000172041,1.00092
0.09,548,0.500014,0.399986,0.800422,999.693,0.000126626,-0.00012662,1.00035
0.09,549,0.500001,0.399999,0.9001,793.369,4.55072e-05,-4.55046e-05,1.0001
0.09,550,0.500001,0.500001,-9.96836e-05,793.369,-4.55072e-05,-4.55046e-05,1.0001
0.09,551,0.500014,0.500014,0.0995784,999.693,-0.000126626,-0.00012662,1.00035
0.09,552,0.500054,0.500054,0.199557,998.475,-0.000172046,-0.000172041,1.00092
0.09,553,0.500081,0.500081,0.299898,997.793,-0.000144413,-0.000144411,1.00145
0.09,554,0.500107,0.500107,0.399893,998.05,-7.11916e-05,-7.1192e-05,1.00184
0.09,555,0.500107,0.500107,0.500107,998.05,7.11916e-05,7.1192e-05,1.00184
0.09,556,0.500081,0.500081,0.600102,997.793,0.000144413,0.000144411,1.00145
0.09,557,0.500054,0.500054,0.700443,998.475,0.000172046,0.000172041,1.00092
0.09,558,0.500014,0.500014,0.800422,999.693,0.000126626,0.00012662,1.00035
0.09,559,0.500001,0.500001,0.9001,793.369,4.55072e-05,4.55046e-05,1.0001
0.09,560,0.5,0.600004,-9.20763e-05,793.204,-3.57849e-05,-0.00013692,1.00015
0.09,561,0.500011,0.60001,0.0996101,999.302,-9.91109e-05,-0.000450107,1.00059
0.09,562,0.500041,0.600045,0.199596,997.978,-0.000134372,-0.000526363,1.00146
0.09,563,0.500062,0.60007,0.29993,997.303,-0.000113094,-0.000321371,1.00204
0.09,564,0.500081,0.600102,0.399919,997.793,-5.63148e-05,-0.000139112,1.0023
0.09,565,0.500081,0.600102,0.500081,997.793,5.63148e-05,0.000139112,1.0023
0.09,566,0.500062,0.60007,0.60007,997.303,0.000113094,0.000321371,1.00204
0.09,567,0.500041,0.600045,0.700404,997.978,0.000134372,0.000526363,1.00146
0.09,568,0.500011,0.60001,0.80039,999.302,9.91109e-05,0.000450107,1.00059
0.09,569,0.5,0.600004,0.900092,793.204,3.57849e-05,0.00013692,1.00015
0.09,570,0.5,0.700008,-7.9552e-05,792.826,-2.27936e-05,-0.000413548,1.00013
0.09,571,0.500008,0.700084,0.0996878,998.947,-6.2716e-05,-0.00115069,1.00056
0.09,572,0.500028,0.700315,0.199685,998.452,-8.38452e-05,-0.00121252,1.0013
0.09,573,0.500041,0.700404,0.299955,997.978,-6.9949e-05,-0.000527381,1.00174
0.09,574,0.500054,0.700443,0.399946,998.474,-3.51651e-05,-0.000164475,1.00188
0.09,575,0.500054,0.700443,0.500054,998.474,3.51651e-05,0.000164475,1.00188
0.09,576,0.500041,0.700404,0.600045,997.978,6.9949e-05,0.000527381,1.00174
0.09,577,0.500028,0.700315,0.700315,998.452,8.38452e-05,0.00121252,1.0013
0.09,578,0.500008,0.700084,0.800312,998.947,6.2716e-05,0.00115069,1.00056
0.09,579,0.5,0.700008,0.90008,792.826,2.27936e-05,0.000413548,1.00013
0.09,580,0.5,0.800004,-4.34078e-05,790.258,-9.35238e-06,-0.000489244,1.00004
0.09,581,0.500002,0.800091,0.0999086,996.994,-2.39397e-05,-0.0011592,0.99975
0.09,582,0.500008,0.800312,0.199916,998.947,-3.12922e-05,-0.00116756,0.999219
0.09,583,0.500011,0.80039,0.29999,999.303,-2.65324e-05,-0.000464245,0.998876
0.09,584,0.500014,0.800422,0.399986,999.693,-1.33705e-05,-0.000130586,0.998768
0.09,585,0.500014,0.800422,0.500014,999.693,1.33705e-05,0.000130586,0.998768
0.09,586,0.500011,0.80039,0.60001,999.303,2.65324e-05,0.000464245,0.998876
0.09,587,0.500008,0.800312,0.700084,998.947,3.12922e-05,0.00116756,0.999219
0.09,588,0.500002,0.800091,0.800091,996.994,2.39397e-05,0.0011592,0.99975
0.09,589,0.5,0.800004,0.900043,790.258,9.35238e-06,0.000489244,1.00004
0.09,590,0.5,0.900034,-3.43911e-05,624.792,-3.22782e-06,-0.000141303,1.00004
0.09,591,0.5,0.900043,0.0999957,790.258,-6.66518e-06,-0.000529869,0.999568
0.09,592,0.5,0.90008,0.199992,792.826,-8.18084e-06,-0.000532065,0.998851
0.09,593,0.5,0.900092,0.299996,793.204,-6.80531e-06,-0.000209772,0.998371
0.09,594,0.500001,0.9001,0.399999,793.369,-3.21574e-06,-6.34602e-05,0.998227
0.09,595,0.500001,0.9001,0.500001,793.369,3.21574e-06,6.34602e-05,0.998227
0.09,596,0.5,0.900092,0.600004,793.204,6.80531e-06,0.000209772,0.998371
0.09,597,0.5,0.90008,0.700008,792.826,8.18084e-06,0.000532065,0.998851
0.09,598,0.5,0.900043,0.800004,790.258,6.66518e-06,0.000529869,0.999568
0.09,599,0.5,0.900034,0.900034,624.792,3.22782e-06,0.000141303,1.00004
0.09,600,0.6,-3.4076e-05,-3.40735e-05,624.777,-1.18114e-05,0.000125497,1.00005
0.09,601,0.600001,-4.18526e-05,0.0999965,790.205,-2.89323e-05,0.000491517,0.999628
0.09,602,0.600003,-7.4997e-05,0.199993,792.72,-3.12993e-05,0.000490118,0.998991
0.09,603,0.600004,-8.59081e-05,0.299996,793.055,-1.7506e-05,0.000182268,0.998565
0.09,604,0.600004,-9.20563e-05,0.4,793.204,-6.65201e-06,5.08375e-05,0.998443
0.09,605,0.600004,-9.20563e-05,0.5,793.204,6.65201e-06,-5.08375e-05,0.998443
0.09,606,0.600004,-8.59081e-05,0.600004,793.055,1.7506e-05,-0.000182268,0.998565
0.09,607,0.600003,-7.4997e-05,0.700007,792.72,3.12993e-05,-0.000490118,0.998991
0.09,608,0.600001,-4.18526e-05,0.800004,790.205,2.89323e-05,-0.000491517,0.999628
0.09,609,0.6,-3.4076e-05,0.900034,624.777,1.18114e-05,-0.000125497,1.00005
0.09,610,0.600001,0.0999965,-4.18561e-05,790.205,-3.47038e-05,0.000459907,1.00007
0.09,611,0.600002,0.0999135,0.0999135,996.834,-0.000109849,0.00107957,0.999881
0.09,612,0.600003,0.0997028,0.19992,998.65,-0.000120275,0.00107694,0.999534
0.09,613,0.600006,0.0996324,0.299994,998.913,-6.37011e-05,0.000403119,0.999289
0.09,614,0.60001,0.09961,0.399989,999.303,-2.56361e-05,0.00010253,0.999194
0.09,615,0.60001,0.09961,0.500011,999.303,2.56361e-05,-0.00010253,0.999194
0.09,616,0.600006,0.0996324,0.600006,998.913,6.37011e-05,-0.000403119,0.999289
0.09,617,0.600003,0.0997028,0.70008,998.65,0.000120275,-0.00107694,0.999534
0.09,618,0.600002,0.0999135,0.800086,996.834,0.000109849,-0.00107957,0.999881
0.09,619,0.600001,0.0999965,0.900042,790.205,3.47038e-05,-0.000459907,1.00007
0.09,620,0.600003,0.199993,-7.50119e-05,792.72,-8.38828e-05,0.000383426,1.00018
0.09,621,0.600003,0.19992,0.0997028,998.65,-0.000275003,0.00106069,1.00078
0.09,622,0.60002,0.199703,0.199703,997.977,-0.000307119,0.00110359,1.00181
0.09,623,0.60003,0.199623,0.29997,997.407,-0.000165567,0.00044941,1.00237
0.09,624,0.600045,0.199596,0.399959,997.978,-6.74441e-05,0.000127973,1.00247
0.09,625,0.600045,0.199596,0.500041,997.978,6.74441e-05,-0.000127973,1.00247
0.09,626,0.60003,0.199623,0.60003,997.407,0.000165567,-0.00044941,1.00237
0.09,627,0.60002,0.199703,0.700297,997.977,0.000307119,-0.00110359,1.00181
0.09,628,0.600003,0.19992,0.800297,998.65,0.000275003,-0.00106069,1.00078
0.09,629,0.600003,0.199993,0.900075,792.72,8.38828e-05,-0.000383426,1.00018
0.09,630,0.600004,0.299996,-8.59281e-05,793.055,-0.0001179,0.000117888,1.00021
0.09,631,0.600006,0.299994,0.0996324,998.913,-0.00039075,0.000390729,1.00086
0.09,632,0.60003,0.29997,0.199623,997.407,-0.00044809,0.000448074,1.00208
0.09,633,0.600046,0.299954,0.299954,996.66,-0.00025801,0.000258009,1.00277
0.09,634,0.60007,0.29993,0.399938,997.303,-0.000108321,0.000108324,1.00294
0.09,635,0.60007,0.29993,0.500062,997.303,0.000108321,-0.000108324,1.00294
0.09,636,0.600046,0.299954,0.600046,996.66,0.00025801,-0.000258009,1.00277
0.09,637,0.60003,0.29997,0.700377,997.407,0.00044809,-0.000448074,1.00208
0.09,638,0.600006,0.299994,0.800368,998.913,0.00039075,-0.000390729,1.00086
0.09,639,0.600004,0.299996,0.900086,793.055,0.0001179,-0.000117888,1.00021
0.09,640,0.600004,0.4,-9.20763e-05,793.204,-0.000136933,3.57827e-05,1.00015
0.09,641,0.60001,0.399989,0.0996101,999.302,-0.000450131,9.91053e-05,1.00059
0.09,642,0.600045,0.399959,0.199596,997.978,-0.000526381,0.000134367,1.00146
0.09,643,0.60007,0.399938,0.29993,997.303,-0.000321373,0.000113093,1.00204
0.09,644,0.600102,0.399919,0.399919,997.793,-0.000139109,5.63152e-05,1.0023
0.09,645,0.600102,0.399919,0.500081,997.793,0.000139109,-5.63152e-05,1.0023
0.09,646,0.60007,0.399938,0.60007,997.303,0.000321373,-0.000113093,1.00204
0.09,647,0.600045,0.399959,0.700404,997.978,0.000526381,-0.000134367,1.00146
0.09,648,0.60001,0.399989,0.80039,999.302,0.000450131,-9.91053e-05,1.00059
0.09,649,0.600004,0.4,0.900092,793.204,0.000136933,-3.57827e-05,1.00015
0.09,650,0.600004,0.5,-9.20763e-05,793.204,-0.000136933,-3.57827e-05,1.00015
0.09,651,0.60001,0.500011,0.0996101,999.302,-0.000450131,-9.91053e-05,1.00059
0.09,652,0.600045,0.500041,0.199596,997.978,-0.000526381,-0.000134367,1.00146
0.09,653,0.60007,0.500062,0.29993,997.303,-0.000321373,-0.000113093,1.00204
0.09,654,0.600102,0.500081,0.399919,997.793,-0.000139109,-5.63152e-05,1.0023
0.09,655,0.600102,0.500081,0.500081,997.793,0.000139109,5.63152e-05,1.0023
0.09,656,0.60007,0.500062,0.60007,997.303,0.000321373,0.000113093,1.00204
0.09,657,0.600045,0.500041,0.700404,997.978,0.000526381,0.000134367,1.00146
0.09,658,0.60001,0.500011,0.80039,999.302,0.000450131,9.91053e-05,1.00059
0.09,659,0.600004,0.5,0.900092,793.204,0.000136933,3.57827e-05,1.00015
0.09,660,0.600004,0.600004,-8.59281e-05,793.055,-0.0001179,-0.000117888,1.00021
0.09,661,0.600006,0.600006,0.0996324,998.913,-0.00039075,-0.000390729,1.00086
0.09,662,0.60003,0.60003,0.199623,997.407,-0.00044809,-0.000448074,1.00208
0.09,663,0.600046,0.600046,0.299954,996.66,-0.00025801,-0.000258009,1.00277
0.09,664,0.60007,0.60007,0.399938,997.303,-0.000108321,-0.000108324,1.00294
0.09,665,0.60007,0.60007,0.500062,997.303,0.000108321,0.000108324,1.00294
0.09,666,0.600046,0.600046,0.600046,996.66,0.00025801,0.000258009,1.00277
0.09,667,0.60003,0.60003,0.700377,997.407,0.00044809,0.000448074,1.00208
0.09,668,0.600006,0.600006,0.800368,998.913,0.00039075,0.000390729,1.00086
0.09,669,0.600004,0.600004,0.900086,793.055,0.0001179,0.000117888,1.00021
0.09,670,0.600003,0.700007,-7.50119e-05,792.72,-8.38828e-05,-0.000383426,1.00018
0.09,671,0.600003,0.70008,0.0997028,998.65,-0.000275003,-0.00106069,1.00078
0.09,672,0.60002,0.700297,0.199703,997.977,-0.000307119,-0.00110359,1.00181
0.09,673,0.60003,0.700377,0.29997,997.407,-0.000165567,-0.00044941,1.00237
0.09,674,0.600045,0.700404,0.399959,997.978,-6.74441e-05,-0.000127973,1.00247
0.09,675,0.600045,0.700404,0.500041,997.978,6.74441e-05,0.000127973,1.00247
0.09,676,0.60003,0.700377,0.60003,997.407,0.000165567,0.00044941,1.00237
0.09,677,0.60002,0.700297,0.700297,997.977,0.000307119,0.00110359,1.00181
0.09,678,0.600003,0.70008,0.800297,998.65,0.000275003,0.00106069,1.00078
0.09,679,0.600003,0.700007,0.900075,792.72,8.38828e-05,0.000383426,1.00018
0.09,680,0.600001,0.800004,-4.18561e-05,790.205,-3.47038e-05,-0.000459907,1.00007
0.09,681,0.600002,0.800086,0.0999135,996.834,-0.000109849,-0.00107957,0.999881
0.09,682,0.600003,0.800297,0.19992,998.65,-0.000120275,-0.00107694,0.999534
0.09,683,0.600006,0.800368,0.299994,998.913,-6.37011e-05,-0.000403119,0.999289
0.09,684,0.60001,0.80039,0.399989,999.303,-2.56361e-05,-0.00010253,0.999194
0.09,685,0.60001,0.80039,0.500011,999.303,2.56361e-05,0.00010253,0.999194
0.09,686,0.600006,0.800368,0.600006,998.913,6.37011e-05,0.000403119,0.999289
0.09,687,0.600003,0.800297,0.70008,998.65,0.000120275,0.00107694,0.999534
0.09,688,0.600002,0.800086,0.800086,996.834,0.000109849,0.00107957,0.999881
0.09,689,0.600001,0.800004,0.900042,790.205,3.47038e-05,0.000459907,1.00007
0.09,690,0.6,0.900034,-3.40735e-05,624.777,-1.18114e-05,-0.000125497,1.00005
0.09,691,0.600001,0.900042,0.0999965,790.205,-2.89323e-05,-0.000491517,0.999628
0.09,692,0.600003,0.900075,0.199993,792.72,-3.12993e-05,-0.000490118,0.998991
0.09,693,0.600004,0.900086,0.299996,793.055,-1.7506e-05,-0.000182268,0.998565
0.09,694,0.600004,0.900092,0.4,793.204,-6.65201e-06,-5.08375e-05,0.998443
0.09,695,0.600004,0.900092,0.5,793.204,6.65201e-06,5.08375e-05,0.998443
0.09,696,0.600004,0.900086,0.600004,793.055,1.7506e-05,0.000182268,0.998565
0.09,697,0.600003,0.900075,0.700007,792.72,3.12993e-05,0.000490118,0.998991
0.09,698,0.600001,0.900042,0.800004,790.205,2.89323e-05,0.000491517,0.999628
0.09,699,0.6,0.900034,0.900034,624.777,1.18114e-05,0.000125497,1.00005
0.09,700,0.7,-3.32394e-05,-3.32376e-05,624.734,-3.10043e-05,7.87964e-05,1.00008
0.09,701,0.700002,-3.86232e-05,0.0999983,790.077,-8.37608e-05,0.000367768,0.999765
0.09,702,0.700005,-6.64645e-05,0.199995,792.481,-8.29156e-05,0.000367121,0.999318
0.09,703,0.700007,-7.49972e-05,0.299997,792.72,-3.23901e-05,0.000130911,0.999014
0.09,704,0.700008,-7.95375e-05,0.4,792.826,-8.59271e-06,3.39315e-05,0.998933
0.09,705,0.700008,-7.95375e-05,0.5,792.826,8.59271e-06,-3.39315e-05,0.998933
0.09,706,0.700007,-7.49972e-05,0.600003,792.72,3.23901e-05,-0.000130911,0.999014
0.09,707,0.700005,-6.64645e-05,0.700005,792.481,8.29156e-05,-0.000367121,0.999318
0.09,708,0.700002,-3.86232e-05,0.800002,790.077,8.37608e-05,-0.000367768,0.999765
0.09,709,0.7,-3.32394e-05,0.900033,624.734,3.10043e-05,-7.87964e-05,1.00008
0.09,710,0.700002,0.0999983,-3.86258e-05,790.077,-0.000120573,0.000359005,1.00009
0.09,711,0.700018,0.0999298,0.0999298,996.626,-0.000331066,0.000811595,0.999989
0.09,712,0.700064,0.0997583,0.199936,998.491,-0.000331319,0.000802261,0.999799
0.09,713,0.70008,0.0997028,0.299997,998.65,-0.000123559,0.000286159,0.999657
0.09,714,0.700084,0.0996878,0.399992,998.947,-3.13205e-05,6.6508e-05,0.999598
0.09,715,0.700084,0.0996878,0.500008,998.947,3.13205e-05,-6.6508e-05,0.999598
0.09,716,0.70008,0.0997028,0.600003,998.65,0.000123559,-0.000286159,0.999657
0.09,717,0.700064,0.0997583,0.700064,998.491,0.000331319,-0.000802261,0.999799
0.09,718,0.700018,0.0999298,0.80007,996.626,0.000331066,-0.000811595,0.999989
0.09,719,0.700002,0.0999983,0.900039,790.077,0.000120573,-0.000359005,1.00009
0.09,720,0.700005,0.199995,-6.64753e-05,792.481,-0.000286124,0.000286098,1.00015
0.09,721,0.700064,0.199936,0.0997583,998.491,-0.000786497,0.000786466,1.00069
0.09,722,0.700238,0.199762,0.199762,998.439,-0.000805482,0.000805462,1.00158
0.09,723,0.700297,0.199703,0.29998,997.977,-0.000309354,0.000309355,1.00205
0.09,724,0.700315,0.199685,0.399972,998.451,-8.08633e-05,8.08684e-05,1.00213
0.09,725,0.700315,0.199685,0.500028,998.451,8.08633e-05,-8.08684e-05,1.00213
0.09,726,0.700297,0.199703,0.60002,997.977,0.000309354,-0.000309355,1.00205
0.09,727,0.700238,0.199762,0.700238,998.439,0.000805482,-0.000805462,1.00158
0.09,728,0.700064,0.199936,0.800242,998.491,0.000786497,-0.000786466,1.00069
0.09,729,0.700005,0.199995,0.900066,792.481,0.000286124,-0.000286098,1.00015
0.09,730,0.700007,0.299997,-7.50119e-05,792.72,-0.000383461,8.38739e-05,1.00018
0.09,731,0.70008,0.299997,0.0997028,998.65,-0.00106074,0.000274987,1.00078
0.09,732,0.700297,0.29998,0.199703,997.977,-0.00110362,0.000307108,1.00181
0.09,733,0.700377,0.29997,0.29997,997.407,-0.00044941,0.000165567,1.00237
0.09,734,0.700404,0.299955,0.399959,997.978,-0.000127967,6.74463e-05,1.00247
0.09,735,0.700404,0.299955,0.500041,997.978,0.000127967,-6.74463e-05,1.00247
0.09,736,0.700377,0.29997,0.60003,997.407,0.00044941,-0.000165567,1.00237
0.09,737,0.700297,0.29998,0.700297,997.977,0.00110362,-0.000307108,1.00181
0.09,738,0.70008,0.299997,0.800297,998.65,0.00106074,-0.000274987,1.00078
0.09,739,0.700007,0.299997,0.900075,792.72,0.000383461,-8.38739e-05,1.00018
0.09,740,0.700008,0.4,-7.95521e-05,792.826,-0.000413586,2.27921e-05,1.00013
0.09,741,0.700084,0.399992,0.0996878,998.947,-0.00115074,6.27118e-05,1.00056
0.09,742,0.700315,0.399972,0.199685,998.452,-0.00121255,8.38419e-05,1.0013
0.09,743,0.700404,0.399959,0.299955,997.978,-0.000527382,6.99484e-05,1.00174
0.09,744,0.700443,0.399946,0.399946,998.474,-0.000164468,3.51655e-05,1.00188
0.09,745,0.700443,0.399946,0.500054,998.474,0.000164468,-3.51655e-05,1.00188
0.09,746,0.700404,0.399959,0.600045,997.978,0.000527382,-6.99484e-05,1.00174
0.09,747,0.700315,0.399972,0.700315,998.452,0.00121255,-8.38419e-05,1.0013
0.09,748,0.700084,0.399992,0.800312,998.947,0.00115074,-6.27118e-05,1.00056
0.09,749,0.700008,0.4,0.90008,792.826,0.000413586,-2.27921e-05,1.00013
0.09,750,0.700008,0.5,-7.95521e-05,792.826,-0.000413586,-2.27921e-05,1.00013
0.09,751,0.700084,0.500008,0.0996878,998.947,-0.00115074,-6.27118e-05,1.00056
0.09,752,0.700315,0.500028,0.199685,998.452,-0.00121255,-8.38419e-05,1.0013
0.09,753,0.700404,0.500041,0.299955,997.978,-0.000527382,-6.99484e-05,1.00174
0.09,754,0.700443,0.500054,0.399946,998.474,-0.000164468,-3.51655e-05,1.00188
0.09,755,0.700443,0.500054,0.500054,998.474,0.000164468,3.51655e-05,1.00188
0.09,756,0.700404,0.500041,0.600045,997.978,0.000527382,6.99484e-05,1.00174
0.09,757,0.700315,0.500028,0.700315,998.452,0.00121255,8.38419e-05,1.0013
0.09,758,0.700084,0.500008,0.800312,998.947,0.00115074,6.27118e-05,1.00056
0.09,759,0.700008,0.5,0.90008,792.826,0.000413586,2.27921e-05,1.00013
0.09,760,0.700007,0.600003,-7.50119e-05,792.72,-0.000383461,-8.38739e-05,1.00018
0.09,761,0.70008,0.600003,0.0997028,998.65,-0.00106074,-0.000274987,1.00078
0.09,762,0.700297,0.60002,0.199703,997.977,-0.00110362,-0.000307108,1.00181
0.09,763,0.700377,0.60003,0.29997,997.407,-0.00044941,-0.000165567,1.00237
0.09,764,0.700404,0.600045,0.399959,997.978,-0.000127967,-6.74463e-05,1.00247
0.09,765,0.700404,0.600045,0.500041,997.978,0.000127967,6.74463e-05,1.00247
0.09,766,0.700377,0.60003,0.60003,997.407,0.00044941,0.000165567,1.00237
0.09,767,0.700297,0.60002,0.700297,997.977,0.00110362,0.000307108,1.00181
0.09,768,0.70008,0.600003,0.800297,998.65,0.00106074,0.000274987,1.00078
0.09,769,0.700007,0.600003,0.900075,792.72,0.000383461,8.38739e-05,1.00018
0.09,770,0.700005,0.700005,-6.64753e-05,792.481,-0.000286124,-0.000286098,1.00015
0.09,771,0.700064,0.700064,0.0997583,998.491,-0.000786497,-0.000786466,1.00069
0.09,772,0.700238,0.700238,0.199762,998.439,-0.000805482,-0.000805462,1.00158
0.09,773,0.700297,0.700297,0.29998,997.977,-0.000309354,-0.000309355,1.00205
0.09,774,0.700315,0.700315,0.399972,998.451,-8.08633e-05,-8.08684e-05,1.00213
0.09,775,0.700315,0.700315,0.500028,998.451,8.08633e-05,8.08684e-05,1.00213
0.09,776,0.700297,0.700297,0.60002,997.977,0.000309354,0.000309355,1.00205
0.09,777,0.700238,0.700238,0.700238,998.439,0.000805482,0.000805462,1.00158
0.09,778,0.700064,0.700064,0.800242,998.491,0.000786497,0.000786466,1.00069
0.09,779,0.700005,0.700005,0.900066,792.481,0.000286124,0.000286098,1.00015
0.09,780,0.700002,0.800002,-3.86258e-05,790.077,-0.000120573,-0.000359005,1.00009
0.09,781,0.700018,0.80007,0.0999298,996.626,-0.000331066,-0.000811595,0.999989
0.09,782,0.700064,0.800242,0.199936,998.491,-0.000331319,-0.000802261,0.999799
0.09,783,0.70008,0.800297,0.299997,998.65,-0.000123559,-0.000286159,0.999657
0.09,784,0.700084,0.800312,0.399992,998.947,-3.13205e-05,-6.6508e-05,0.999598
0.09,785,0.700084,0.800312,0.500008,998.947,3.13205e-05,6.6508e-05,0.999598
0.09,786,0.70008,0.800297,0.600003,998.65,0.000123559,0.000286159,0.999657
0.09,787,0.700064,0.800242,0.700064,998.491,0.000331319,0.000802261,0.999799
0.09,788,0.700018,0.80007,0.80007,996.626,0.000331066,0.000811595,0.999989
0.09,789,0.700002,0.800002,0.900039,790.077,0.000120573,0.000359005,1.00009
0.09,790,0.7,0.900033,-3.32376e-05,624.734,-3.10043e-05,-7.87964e-05,1.00008
0.09,791,0.700002,0.900039,0.0999983,790.077,-8.37608e-05,-0.000367768,0.999765
0.09,792,0.700005,0.900066,0.199995,792.481,-8.29156e-05,-0.000367121,0.999318
0.09,793,0.700007,0.900075,0.299997,792.72,-3.23901e-05,-0.000130911,0.999014
0.09,794,0.700008,0.90008,0.4,792.826,-8.59271e-06,-3.39315e-05,0.998933
0.09,795,0.700008,0.90008,0.5,792.826,8.59271e-06,3.39315e-05,0.998933
0.09,796,0.700007,0.900075,0.600003,792.72,3.23901e-05,0.000130911,0.999014
0.09,797,0.700005,0.900066,0.700005,792.481,8.29156e-05,0.000367121,0.999318
0.09,798,0.700002,0.900039,0.800002,790.077,8.37608e-05,0.000367768,0.999765
0.09,799,0.7,0.900033,0.900033,624.734,3.10043e-05,7.87964e-05,1.00008
0.09,800,0.799995,-3.31262e-05,-3.31253e-05,622.608,-8.78798e-05,-6.64504e-06,1.00031
0.09,801,0.799997,-3.18146e-05,0.100003,787.718,-8.72595e-05,0.000148876,1.0001
0.09,802,0.800002,-3.86215e-05,0.199998,790.077,-8.75802e-05,0.000156385,0.999805
0.09,803,0.800004,-4.185e-05,0.299999,790.205,-3.22306e-05,5.6736e-05,0.999636
0.09,804,0.800004,-4.34019e-05,0.4,790.258,-8.05748e-06,1.47968e-05,0.99959
0.09,805,0.800004,-4.34019e-05,0.5,790.258,8.05748e-06,-1.47968e-05,0.99959
0.09,806,0.800004,-4.185e-05,0.600001,790.205,3.22306e-05,-5.6736e-05,0.999636
0.09,807,0.800002,-3.86215e-05,0.700002,790.077,8.75802e-05,-0.000156385,0.999805
0.09,808,0.799997,-3.18146e-05,0.799997,787.718,8.72595e-05,-0.000148876,1.0001
0.09,809,0.799995,-3.31262e-05,0.900033,622.608,8.78798e-05,6.64504e-06,1.00031
0.09,810,0.799997,0.100003,-3.18158e-05,787.718,-0.000188681,0.000188667,1.00022
0.09,811,0.800019,0.0999811,0.0999811,994.247,-0.000349281,0.000349262,1.00002
0.09,812,0.80007,0.0999298,0.199982,996.626,-0.000341633,0.000341621,0.999688
0.09,813,0.800086,0.0999135,0.299998,996.834,-0.000119387,0.000119388,0.999487
0.09,814,0.800091,0.0999086,0.399998,996.994,-2.73955e-05,2.73992e-05,0.999428
0.09,815,0.800091,0.0999086,0.500002,996.994,2.73955e-05,-2.73992e-05,0.999428
0.09,816,0.800086,0.0999135,0.600002,996.834,0.000119387,-0.000119388,0.999487
0.09,817,0.80007,0.0999298,0.700018,996.626,0.000341633,-0.000341621,0.999688
0.09,818,0.800019,0.0999811,0.800019,994.247,0.000349281,-0.000349262,1.00002
0.09,819,0.799997,0.100003,0.900032,787.718,0.000188681,-0.000188667,1.00022
0.09,820,0.800002,0.199998,-3.86258e-05,790.077,-0.000359035,0.000120562,1.00009
0.09,821,0.80007,0.199982,0.0999298,996.626,-0.000811628,0.000331049,0.999989
0.09,822,0.800242,0.199936,0.199936,998.491,-0.000802282,0.000331308,0.999799
0.09,823,0.800297,0.19992,0.299997,998.65,-0.000286157,0.000123559,0.999657
0.09,824,0.800312,0.199916,0.399992,998.947,-6.65018e-05,3.13235e-05,0.999598
0.09,825,0.800312,0.199916,0.500008,998.947,6.65018e-05,-3.13235e-05,0.999598
0.09,826,0.800297,0.19992,0.600003,998.65,0.000286157,-0.000123559,0.999657
0.09,827,0.800242,0.199936,0.700064,998.491,0.000802282,-0.000331308,0.999799
0.09,828,0.80007,0.199982,0.80007,996.626,0.000811628,-0.000331049,0.999989
0.09,829,0.800002,0.199998,0.900039,790.077,0.000359035,-0.000120562,1.00009
0.09,830,0.800004,0.299999,-4.18561e-05,790.205,-0.000459947,3.47e-05,1.00007
0.09,831,0.800086,0.299998,0.0999135,996.834,-0.00107962,0.00010984,0.999881
0.09,832,0.800297,0.299997,0.19992,998.65,-0.00107697,0.000120269,0.999534
0.09,833,0.800368,0.299994,0.299994,998.913,-0.000403117,6.37009e-05,0.999289
0.09,834,0.80039,0.29999,0.399989,999.303,-0.000102522,2.56375e-05,0.999194
0.09,835,0.80039,0.29999,0.500011,999.303,0.000102522,-2.56375e-05,0.999194
0.09,836,0.800368,0.299994,0.600006,998.913,0.000403117,-6.37009e-05,0.999289
0.09,837,0.800297,0.299997,0.70008,998.65,0.00107697,-0.000120269,0.999534
0.09,838,0.800086,0.299998,0.800086,996.834,0.00107962,-0.00010984,0.999881
0.09,839,0.800004,0.299999,0.900042,790.205,0.000459947,-3.47e-05,1.00007
0.09,840,0.800004,0.4,-4.34079e-05,790.258,-0.000489286,9.35179e-06,1.00004
0.09,841,0.800091,0.399998,0.0999086,996.994,-0.00115925,2.39375e-05,0.99975
0.09,842,0.800312,0.399992,0.199916,998.947,-0.00116759,3.12904e-05,0.999219
0.09,843,0.80039,0.399989,0.29999,999.303,-0.000464244,2.65322e-05,0.998876
0.09,844,0.800422,0.399986,0.399986,999.693,-0.000130577,1.33707e-05,0.998768
0.09,845,0.800422,0.399986,0.500014,999.693,0.000130577,-1.33707e-05,0.998768
0.09,846,0.80039,0.399989,0.60001,999.303,0.000464244,-2.65322e-05,0.998876
0.09,847,0.800312,0.399992,0.700084,998.947,0.00116759,-3.12904e-05,0.999219
0.09,848,0.800091,0.399998,0.800091,996.994,0.00115925,-2.39375e-05,0.99975
0.09,849,0.800004,0.4,0.900043,790.258,0.000489286,-9.35179e-06,1.00004
0.09,850,0.800004,0.5,-4.34079e-05,790.258,-0.000489286,-9.35179e-06,1.00004
0.09,851,0.800091,0.500002,0.0999086,996.994,-0.00115925,-2.39375e-05,0.99975
0.09,852,0.800312,0.500008,0.199916,998.947,-0.00116759,-3.12904e-05,0.999219
0.09,853,0.80039,0.500011,0.29999,999.303,-0.000464244,-2.65322e-05,0.998876
0.09,854,0.800422,0.500014,0.399986,999.693,-0.000130577,-1.33707e-05,0.998768
0.09,855,0.800422,0.500014,0.500014,999.693,0.000130577,1.33707e-05,0.998768
0.09,856,0.80039,0.500011,0.60001,999.303,0.000464244,2.65322e-05,0.998876
0.09,857,0.800312,0.500008,0.700084,998.947,0.00116759,3.12904e-05,0.999219
0.09,858,0.800091,0.500002,0.800091,996.994,0.00115925,2.39375e-05,0.99975
0.09,859,0.800004,0.5,0.900043,790.258,0.000489286,9.35179e-06,1.00004
0.09,860,0.800004,0.600001,-4.18561e-05,790.205,-0.000459947,-3.47e-05,1.00007
0.09,861,0.800086,0.600002,0.0999135,996.834,-0.00107962,-0.00010984,0.999881
0.09,862,0.800297,0.600003,0.19992,998.65,-0.00107697,-0.000120269,0.999534
0.09,863,0.800368,0.600006,0.299994,998.913,-0.000403117,-6.37009e-05,0.999289
0.09,864,0.80039,0.60001,0.399989,999.303,-0.000102522,-2.56375e-05,0.999194
0.09,865,0.80039,0.60001,0.500011,999.303,0.000102522,2.56375e-05,0.999194
0.09,866,0.800368,0.600006,0.600006,998.913,0.000403117,6.37009e-05,0.999289
0.09,867,0.800297,0.600003,0.70008,998.65,0.00107697,0.000120269,0.999534
0.09,868,0.800086,0.600002,0.800086,996.834,0.00107962,0.00010984,0.999881
0.09,869,0.800004,0.600001,0.900042,790.205,0.000459947,3.47e-05,1.00007
0.09,870,0.800002,0.700002,-3.86258e-05,790.077,-0.000359035,-0.000120562,1.00009
0.09,871,0.80007,0.700018,0.0999298,996.626,-0.000811628,-0.000331049,0.999989
0.09,872,0.800242,0.700064,0.199936,998.491,-0.000802282,-0.000331308,0.999799
0.09,873,0.800297,0.70008,0.299997,998.65,-0.000286157,-0.000123559,0.999657
0.09,874,0.800312,0.700084,0.399992,998.947,-6.65018e-05,-3.13235e-05,0.999598
0.09,875,0.800312,0.700084,0.500008,998.947,6.65018e-05,3.13235e-05,0.999598
0.09,876,0.800297,0.70008,0.600003,998.65,0.000286157,0.000123559,0.999657
0.09,877,0.800242,0.700064,0.700064,998.491,0.000802282,0.000331308,0.999799
0.09,878,0.80007,0.700018,0.80007,996.626,0.000811628,0.000331049,0.999989
0.09,879,0.800002,0.700002,0.900039,790.077,0.000359035,0.000120562,1.00009
0.09,880,0.799997,0.799997,-3.18158e-05,787.718,-0.000188681,-0.000188667,1.00022
0.09,881,0.800019,0.800019,0.0999811,994.247,-0.000349281,-0.000349262,1.00002
0.09,882,0.80007,0.80007,0.199982,996.626,-0.000341633,-0.000341621,0.999688
0.09,883,0.800086,0.800086,0.299998,996.834,-0.000119387,-0.000119388,0.999487
0.09,884,0.800091,0.800091,0.399998,996.994,-2.73955e-05,-2.73992e-05,0.999428
0.09,885,0.800091,0.800091,0.500002,996.994,2.73955e-05,2.73992e-05,0.999428
0.09,886,0.800086,0.800086,0.600002,996.834,0.000119387,0.000119388,0.999487
0.09,887,0.80007,0.80007,0.700018,996.626,0.000341633,0.000341621,0.999688
0.09,888,0.800019,0.800019,0.800019,994.247,0.000349281,0.000349262,1.00002
0.09,889,0.799997,0.799997,0.900032,787.718,0.000188681,0.000188667,1.00022
0.09,890,0.799995,0.900033,-3.31253e-05,622.608,-8.78798e-05,6.64504e-06,1.00031
0.09,891,0.799997,0.900032,0.100003,787.718,-8.72595e-05,-0.000148876,1.0001
0.09,892,0.800002,0.900039,0.199998,790.077,-8.75802e-05,-0.000156385,0.999805
0.09,893,0.800004,0.900042,0.299999,790.205,-3.22306e-05,-5.6736e-05,0.999636
0.09,894,0.800004,0.900043,0.4,790.258,-8.05748e-06,-1.47968e-05,0.99959
0.09,895,0.800004,0.900043,0.5,790.258,8.05748e-06,1.47968e-05,0.99959
0.09,896,0.800004,0.900042,0.600001,790.205,3.22306e-05,5.6736e-05,0.999636
0.09,897,0.800002,0.900039,0.700002,790.077,8.75802e-05,0.000156385,0.999805
0.09,898,0.799997,0.900032,0.799997,787.718,8.72595e-05,0.000148876,1.0001
0.09,899,0.799995,0.900033,0.900033,622.608,8.78798e-05,-6.64504e-06,1.00031
0.09,900,0.900038,-3.81859e-05,-3.81857e-05,491.041,7.78369e-05,-7.78326e-05,1.00047
0.09,901,0.900033,-3.31253e-05,0.100005,622.608,-2.32501e-05,2.3245e-05,1.00032
0.09,902,0.900033,-3.32374e-05,0.2,624.734,-3.89669e-05,3.89612e-05,1.00017
0.09,903,0.900034,-3.40728e-05,0.3,624.777,-1.69137e-05,1.6914e-05,1.0001
0.09,904,0.900034,-3.43903e-05,0.4,624.792,-4.73969e-06,4.74123e-06,1.00007
0.09,905,0.900034,-3.43903e-05,0.5,624.792,4.73969e-06,-4.74123e-06,1.00007
0.09,906,0.900034,-3.40728e-05,0.6,624.777,1.69137e-05,-1.6914e-05,1.0001
0.09,907,0.900033,-3.32374e-05,0.7,624.734,3.89669e-05,-3.89612e-05,1.00017
0.09,908,0.900033,-3.31253e-05,0.799995,622.608,2.32501e-05,-2.3245e-05,1.00032
0.09,909,0.900038,-3.81859e-05,0.900038,491.041,-7.78369e-05,7.78326e-05,1.00047
0.09,910,0.900033,0.100005,-3.31253e-05,622.608,6.64201e-06,8.78746e-05,1.00031
0.09,911,0.900032,0.100003,0.100003,787.718,-0.000148889,8.72507e-05,1.0001
0.09,912,0.900039,0.0999983,0.199998,790.077,-0.000156395,8.75741e-05,0.999805
0.09,913,0.900042,0.0999965,0.299999,790.205,-5.6735e-05,3.22312e-05,0.999636
0.09,914,0.900043,0.0999957,0.4,790.258,-1.47938e-05,8.05934e-06,0.99959
0.09,915,0.900043,0.0999957,0.5,790.258,1.47938e-05,-8.05934e-06,0.99959
0.09,916,0.900042,0.0999965,0.600001,790.205,5.6735e-05,-3.22312e-05,0.999636
0.09,917,0.900039,0.0999983,0.700002,790.077,0.000156395,-8.75741e-05,0.999805
0.09,918,0.900032,0.100003,0.799997,787.718,0.000148889,-8.72507e-05,1.0001
0.09,919,0.900033,0.100005,0.900033,622.608,-6.64201e-06,-8.78746e-05,1.00031
0.09,920,0.900033,0.2,-3.32376e-05,624.734,-7.88085e-05,3.10009e-05,1.00008
0.09,921,0.900039,0.199998,0.0999983,790.077,-0.000367794,8.37526e-05,0.999765
0.09,922,0.900066,0.199995,0.199995,792.481,-0.000367138,8.29105e-05,0.999318
0.09,923,0.900075,0.199993,0.299997,792.72,-0.000130909,3.23906e-05,0.999014
0.09,924,0.90008,0.199992,0.4,792.826,-3.39262e-05,8.59429e-06,0.998933
0.09,925,0.90008,0.199992,0.5,792.826,3.39262e-05,-8.59429e-06,0.998933
0.09,926,0.900075,0.199993,0.600003,792.72,0.000130909,-3.23906e-05,0.999014
0.09,927,0.900066,0.199995,0.700005,792.481,0.000367138,-8.29105e-05,0.999318
0.09,928,0.900039,0.199998,0.800002,790.077,0.000367794,-8.37526e-05,0.999765
0.09,929,0.900033,0.2,0.900033,624.734,7.88085e-05,-3.10009e-05,1.00008
0.09,930,0.900034,0.3,-3.40736e-05,624.777,-0.000125514,1.18101e-05,1.00005
0.09,931,0.900042,0.299999,0.0999965,790.205,-0.000491551,2.89281e-05,0.999628
0.09,932,0.900075,0.299997,0.199993,792.72,-0.000490141,3.12964e-05,0.998991
0.09,933,0.900086,0.299996,0.299996,793.055,-0.000182266,1.7506e-05,0.998565
0.09,934,0.900092,0.299996,0.4,793.204,-5.08307e-05,6.65273e-06,0.998443
0.09,935,0.900092,0.299996,0.5,793.204,5.08307e-05,-6.65273e-06,0.998443
0.09,936,0.900086,0.299996,0.600004,793.055,0.000182266,-1.7506e-05,0.998565
0.09,937,0.900075,0.299997,0.700007,792.72,0.000490141,-3.12964e-05,0.998991
0.09,938,0.900042,0.299999,0.800004,790.205,0.000491551,-2.89281e-05,0.999628
0.09,939,0.900034,0.3,0.900034,624.777,0.000125514,-1.18101e-05,1.00005
0.09,940,0.900034,0.4,-3.43911e-05,624.792,-0.000141321,3.22767e-06,1.00004
0.09,941,0.900043,0.4,0.0999957,790.258,-0.000529908,6.66408e-06,0.999568
0.09,942,0.90008,0.4,0.199992,792.826,-0.000532091,8.18e-06,0.998851
0.09,943,0.900092,0.4,0.299996,793.204,-0.00020977,6.80521e-06,0.998371
0.09,944,0.9001,0.399999,0.399999,793.369,-6.34529e-05,3.21588e-06,0.998227
0.09,945,0.9001,0.399999,0.500001,793.369,6.34529e-05,-3.21588e-06,0.998227
0.09,946,0.900092,0.4,0.600004,793.204,0.00020977,-6.80521e-06,0.998371
0.09,947,0.90008,0.4,0.700008,792.826,0.000532091,-8.18e-06,0.998851
0.09,948,0.900043,0.4,0.800004,790.258,0.000529908,-6.66408e-06,0.999568
0.09,949,0.900034,0.4,0.900034,624.792,0.000141321,-3.22767e-06,1.00004
0.09,950,0.900034,0.5,-3.43911e-05,624.792,-0.000141321,-3.22767e-06,1.00004
0.09,951,0.900043,0.5,0.0999957,790.258,-0.000529908,-6.66408e-06,0.999568
0.09,952,0.90008,0.5,0.199992,792.826,-0.000532091,-8.18e-06,0.998851
0.09,953,0.900092,0.5,0.299996,793.204,-0.00020977,-6.80521e-06,0.998371
0.09,954,0.9001,0.500001,0.399999,793.369,-6.34529e-05,-3.21588e-06,0.998227
0.09,955,0.9001,0.500001,0.500001,793.369,6.34529e-05,3.21588e-06,0.998227
0.09,956,0.900092,0.5,0.600004,793.204,0.00020977,6.80521e-06,0.998371
0.09,957,0.90008,0.5,0.700008,792.826,0.000532091,8.18e-06,0.998851
0.09,958,0.900043,0.5,0.800004,790.258,0.000529908,6.66408e-06,0.999568
0.09,959,0.900034,0.5,0.900034,624.792,0.000141321,3.22767e-06,1.00004
0.09,960,0.900034,0.6,-3.40736e-05,624.777,-0.000125514,-1.18101e-05,1.00005
0.09,961,0.900042,0.600001,0.0999965,790.205,-0.000491551,-2.89281e-05,0.999628
0.09,962,0.900075,0.600003,0.199993,792.72,-0.000490141,-3.12964e-05,0.998991
0.09,963,0.900086,0.600004,0.299996,793.055,-0.000182266,-1.7506e-05,0.998565
0.09,964,0.900092,0.600004,0.4,793.204,-5.08307e-05,-6.65273e-06,0.998443
0.09,965,0.900092,0.600004,0.5,793.204,5.08307e-05,6.65273e-06,0.998443
0.09,966,0.900086,0.600004,0.600004,793.055,0.000182266,1.7506e-05,0.998565
0.09,967,0.900075,0.600003,0.700007,792.72,0.000490141,3.12964e-05,0.998991
0.09,968,0.900042,0.600001,0.800004,790.205,0.000491551,2.89281e-05,0.999628
0.09,969,0.900034,0.6,0.900034,624.777,0.000125514,1.18101e-05,1.00005
0.09,970,0.900033,0.7,-3.32376e-05,624.734,-7.88085e-05,-3.10009e-05,1.00008
0.09,971,0.900039,0.700002,0.0999983,790.077,-0.000367794,-8.37526e-05,0.999765
0.09,972,0.900066,0.700005,0.199995,792.481,-0.000367138,-8.29105e-05,0.999318
0.09,973,0.900075,0.700007,0.299997,792.72,-0.000130909,-3.23906e-05,0.999014
0.09,974,0.90008,0.700008,0.4,792.826,-3.39262e-05,-8.59429e-06,0.998933
0.09,975,0.90008,0.700008,0.5,792.826,3.39262e-05,8.59429e-06,0.998933
0.09,976,0.900075,0.700007,0.600003,792.72,0.000130909,3.23906e-05,0.999014
0.09,977,0.900066,0.700005,0.700005,792.481,0.000367138,8.29105e-05,0.999318
0.09,978,0.900039,0.700002,0.800002,790.077,0.000367794,8.37526e-05,0.999765
0.09,979,0.900033,0.7,0.900033,624.734,7.88085e-05,3.10009e-05,1.00008
0.09,980,0.900033,0.799995,-3.31253e-05,622.608,6.64201e-06,-8.78746e-05,1.00031
0.09,981,0.900032,0.799997,0.100003,787.718,-0.000148889,-8.72507e-05,1.0001
0.09,982,0.900039,0.800002,0.199998,790.077,-0.000156395,-8.75741e-05,0.999805
0.09,983,0.900042,0.800004,0.299999,790.205,-5.6735e-05,-3.22312e-05,0.999636
0.09,984,0.900043,0.800004,0.4,790.258,-1.47938e-05,-8.05934e-06,0.99959
0.09,985,0.900043,0.800004,0.5,790.258,1.47938e-05,8.05934e-06,0.99959
0.09,986,0.900042,0.800004,0.600001,790.205,5.6735e-05,3.22312e-05,0.999636
0.09,987,0.900039,0.800002,0.700002,790.077,0.000156395,8.75741e-05,0.999805
0.09,988,0.900032,0.799997,0.799997,787.718,0.000148889,8.72507e-05,1.0001
0.09,989,0.900033,0.799995,0.900033,622.608,-6.64201e-06,8.78746e-05,1.00031
0.09,990,0.900038,0.900038,-3.81857e-05,491.041,7.78369e-05,7.78326e-05,1.00047
0.09,991,0.900033,0.900033,0.100005,622.608,-2.32501e-05,-2.3245e-05,1.00032
0.09,992,0.900033,0.900033,0.2,624.734,-3.89669e-05,-3.89612e-05,1.00017
0.09,993,0.900034,0.900034,0.3,624.777,-1.69137e-05,-1.6914e-05,1.0001
0.09,994,0.900034,0.900034,0.4,624.792,-4.73969e-06,-4.74123e-06,1.00007
0.09,995,0.900034,0.900034,0.5,624.792,4.73969e-06,4.74123e-06,1.00007
0.09,996,0.900034,0.900034,0.6,624.777,1.69137e-05,1.6914e-05,1.0001
0.09,997,0.900033,0.900033,0.7,624.734,3.89669e-05,3.89612e-05,1.00017
0.09,998,0.900033,0.900033,0.799995,622.608,2.32501e-05,2.3245e-05,1.00032
0.09,999,0.900038,0.900038,0.900038,491.041,-7.78369e-05,-7.78326e-05,1.00047
